{"credit":"Made by PolygonMC","texture_size":[48,48],"textures":{"0":"beatsset:helmet","particle":"beatsset:helmet"},"elements":[{"from":[12,0,3],"to":[13,3,13],"rotation":{"angle":0,"axis":"y","origin":[16,0,0]},"faces":{"north":{"uv":[7.66667,9.33333,8,10.33333],"texture":"#0","tintindex":0},"east":{"uv":[5.33333,2.33333,8.66667,3.33333],"texture":"#0","tintindex":0},"south":{"uv":[9.66667,2.66667,10,3.66667],"texture":"#0","tintindex":0},"west":{"uv":[5.33333,3.33333,8.66667,4.33333],"texture":"#0","tintindex":0},"up":{"uv":[8.33333,11.33333,8,8],"texture":"#0","tintindex":0},"down":{"uv":[8.66667,8,8.33333,11.33333],"texture":"#0","tintindex":0}}},{"from":[12.75,3,3.25],"to":[12.75,6,6],"rotation":{"angle":0,"axis":"y","origin":[15.75,3,0]},"faces":{"east":{"uv":[5,8.66667,6,9.66667],"texture":"#0","tintindex":0},"west":{"uv":[5,8.66667,6,9.66667],"texture":"#0","tintindex":0}}},{"from":[3.25,3,3.25],"to":[3.25,6,6],"rotation":{"angle":0,"axis":"y","origin":[0.25,3,0]},"faces":{"east":{"uv":[6,8.66667,5,9.66667],"texture":"#0","tintindex":0},"west":{"uv":[6,8.66667,5,9.66667],"texture":"#0","tintindex":0}}},{"from":[3.251,2.5,3.25],"to":[12.751,6,3.25],"rotation":{"angle":0,"axis":"y","origin":[4.626,4.5,3.25]},"faces":{"north":{"uv":[5.33333,0,8.66667,1.33333],"texture":"#0","tintindex":0},"east":{"uv":[0,0,0,1.33333],"texture":"#0","tintindex":0},"south":{"uv":[5.33333,0,8.66667,1.33333],"texture":"#0","tintindex":0},"west":{"uv":[0,0,0,1.33333],"texture":"#0","tintindex":0},"up":{"uv":[3.33333,0,0,0],"texture":"#0","tintindex":0},"down":{"uv":[3.33333,0,0,0],"texture":"#0","tintindex":0}}},{"from":[12,6,3],"to":[13,9,13],"rotation":{"angle":0,"axis":"y","origin":[16,0,0]},"faces":{"north":{"uv":[3.66667,9.66667,4,10.66667],"texture":"#0","tintindex":0},"east":{"uv":[5.33333,4.33333,8.66667,5.33333],"texture":"#0","tintindex":0},"south":{"uv":[9.66667,3.66667,10,4.66667],"texture":"#0","tintindex":0},"west":{"uv":[5.33333,5.33333,8.66667,6.33333],"texture":"#0","tintindex":0},"up":{"uv":[9,5.66667,8.66667,2.33333],"texture":"#0","tintindex":0},"down":{"uv":[3,8.66667,2.66667,12],"texture":"#0","tintindex":0}}},{"from":[12,7,2.5],"to":[13.5,8,13.5],"rotation":{"angle":22.5,"axis":"z","origin":[12.75,7.5,8]},"faces":{"north":{"uv":[4.33333,9.66667,5,10],"texture":"#0","tintindex":0},"east":{"uv":[8,6.33333,11.66667,6.66667],"texture":"#0","tintindex":0},"south":{"uv":[9.66667,4.66667,10.33333,5],"texture":"#0","tintindex":0},"west":{"uv":[8,6.66667,11.66667,7],"texture":"#0","tintindex":0},"up":{"uv":[2,10.33333,1.33333,6.66667],"texture":"#0","tintindex":0},"down":{"uv":[2.66667,6.66667,2,10.33333],"texture":"#0","tintindex":0}}},{"from":[2.5,7,2.5],"to":[4,8,13.5],"rotation":{"angle":-22.5,"axis":"z","origin":[3.25,7.5,8]},"faces":{"north":{"uv":[5,9.66667,4.33333,10],"texture":"#0","tintindex":0},"east":{"uv":[11.66667,6.66667,8,7],"texture":"#0","tintindex":0},"south":{"uv":[10.33333,4.66667,9.66667,5],"texture":"#0","tintindex":0},"west":{"uv":[11.66667,6.33333,8,6.66667],"texture":"#0","tintindex":0},"up":{"uv":[1.33333,10.33333,2,6.66667],"texture":"#0","tintindex":0},"down":{"uv":[2,6.66667,2.66667,10.33333],"texture":"#0","tintindex":0}}},{"from":[4,8,3],"to":[12,9,13],"rotation":{"angle":0,"axis":"y","origin":[16,0,0]},"faces":{"north":{"uv":[8.66667,0.66667,11.33333,1],"texture":"#0","tintindex":0},"east":{"uv":[8.66667,0,12,0.33333],"texture":"#0","tintindex":0},"south":{"uv":[8.66667,1,11.33333,1.33333],"texture":"#0","tintindex":0},"west":{"uv":[8.66667,0.33333,12,0.66667],"texture":"#0","tintindex":0},"up":{"uv":[2.66667,3.33333,0,0],"texture":"#0","tintindex":0},"down":{"uv":[5.33333,0,2.66667,3.33333],"texture":"#0","tintindex":0}}},{"from":[4,6,3],"to":[12,8,4],"rotation":{"angle":0,"axis":"y","origin":[16,0,0]},"faces":{"north":{"uv":[2.66667,8,5.33333,8.66667],"texture":"#0","tintindex":0},"south":{"uv":[5.33333,8,8,8.66667],"texture":"#0","tintindex":0},"down":{"uv":[11.33333,8,8.66667,8.33333],"texture":"#0","tintindex":0}}},{"from":[10,0,3],"to":[12,3,4],"rotation":{"angle":0,"axis":"y","origin":[16,0,0]},"faces":{"north":{"uv":[9,2.33333,9.66667,3.33333],"texture":"#0","tintindex":0},"south":{"uv":[9,3.33333,9.66667,4.33333],"texture":"#0","tintindex":0},"west":{"uv":[4,9.66667,4.33333,10.66667],"texture":"#0","tintindex":0},"up":{"uv":[9.66667,5.66667,9,5.33333],"texture":"#0","tintindex":0},"down":{"uv":[10,7.66667,9.33333,8],"texture":"#0","tintindex":0}}},{"from":[6,0.5,3],"to":[10,2.5,4],"rotation":{"angle":0,"axis":"y","origin":[14,0.5,0]},"faces":{"north":{"uv":[6.66667,8.66667,8,9.33333],"texture":"#0","tintindex":0},"south":{"uv":[8.66667,8.33333,10,9],"texture":"#0","tintindex":0},"up":{"uv":[5.33333,6.33333,4,6],"texture":"#0","tintindex":0},"down":{"uv":[4,6.66667,2.66667,7],"texture":"#0","tintindex":0}}},{"from":[4,0,12],"to":[12,8,13],"rotation":{"angle":0,"axis":"y","origin":[16,0,0]},"faces":{"north":{"uv":[0,3.33333,2.66667,6],"texture":"#0","tintindex":0},"east":{"uv":[6,8.66667,6.33333,11.33333],"texture":"#0","tintindex":0},"south":{"uv":[2.66667,3.33333,5.33333,6],"texture":"#0","tintindex":0},"west":{"uv":[6.33333,8.66667,6.66667,11.33333],"texture":"#0","tintindex":0},"up":{"uv":[11.33333,6,8.66667,5.66667],"texture":"#0","tintindex":0},"down":{"uv":[11.33333,6,8.66667,6.33333],"texture":"#0","tintindex":0}}},{"from":[12,3,6],"to":[13,6,13],"rotation":{"angle":0,"axis":"y","origin":[16,0,0]},"faces":{"north":{"uv":[3,9.66667,3.33333,10.66667],"texture":"#0","tintindex":0},"east":{"uv":[2.66667,7,5,8],"texture":"#0","tintindex":0},"south":{"uv":[3.33333,9.66667,3.66667,10.66667],"texture":"#0","tintindex":0},"west":{"uv":[5,7,7.33333,8],"texture":"#0","tintindex":0}}},{"from":[6.5,0,2.25],"to":[9.5,3,4.25],"rotation":{"angle":-45,"axis":"z","origin":[8,1.5,1]},"faces":{"north":{"uv":[3,8.66667,4,9.66667],"texture":"#0","tintindex":0},"east":{"uv":[9,4.33333,9.66667,5.33333],"texture":"#0","tintindex":0},"south":{"uv":[4,8.66667,5,9.66667],"texture":"#0","tintindex":0},"west":{"uv":[8.66667,9,9.33333,10],"texture":"#0","tintindex":0},"up":{"uv":[7.66667,10,6.66667,9.33333],"texture":"#0","tintindex":0},"down":{"uv":[10.33333,7,9.33333,7.66667],"texture":"#0","tintindex":0}}},{"from":[7.25,8,2.25],"to":[9.5,10.25,13.75],"rotation":{"angle":-45,"axis":"z","origin":[8,9.5,1]},"faces":{"north":{"uv":[9.66667,1.33333,10.33333,2],"texture":"#0","tintindex":0},"east":{"uv":[0,6,4,6.66667],"texture":"#0","tintindex":0},"south":{"uv":[9.66667,2,10.33333,2.66667],"texture":"#0","tintindex":0},"west":{"uv":[4,6.33333,8,7],"texture":"#0","tintindex":0},"up":{"uv":[0.66667,10.66667,0,6.66667],"texture":"#0","tintindex":0},"down":{"uv":[1.33333,6.66667,0.66667,10.66667],"texture":"#0","tintindex":0}}},{"from":[13,3,7],"to":[14,5,9],"rotation":{"angle":0,"axis":"y","origin":[13,3,7]},"faces":{"north":{"uv":[5,9.66667,5.33333,10.33333],"texture":"#0","tintindex":0},"east":{"uv":[9.33333,9,10,9.66667],"texture":"#0","tintindex":0},"south":{"uv":[9.66667,5,10,5.66667],"texture":"#0","tintindex":0},"up":{"uv":[5.66667,10.33333,5.33333,9.66667],"texture":"#0","tintindex":0},"down":{"uv":[6,9.66667,5.66667,10.33333],"texture":"#0","tintindex":0}}},{"from":[13.5,4,8],"to":[13.53,7,13.75],"rotation":{"angle":0,"axis":"y","origin":[13,4,8]},"faces":{"east":{"uv":[0,12.66667,2,13.66667],"texture":"#0","tintindex":0},"west":{"uv":[2,12.66667,0,13.66667],"texture":"#0","tintindex":0}}},{"from":[10.5,8.5,2],"to":[10.53,11.5,15],"rotation":{"angle":-45,"axis":"z","origin":[10.5,9,8.5]},"faces":{"east":{"uv":[7,12.66667,2.66667,13.66667],"texture":"#0","tintindex":0},"west":{"uv":[2.66667,12.66667,7,13.66667],"texture":"#0","tintindex":0}}},{"from":[5.47,8.5,2],"to":[5.5,11.5,15],"rotation":{"angle":45,"axis":"z","origin":[5.5,9,8.5]},"faces":{"east":{"uv":[7,12.66667,2.66667,13.66667],"texture":"#0","tintindex":0},"west":{"uv":[2.66667,12.66667,7,13.66667],"texture":"#0","tintindex":0}}},{"from":[2.47,4,8],"to":[2.5,7,13.75],"rotation":{"angle":0,"axis":"y","origin":[3,4,8]},"faces":{"east":{"uv":[0,12.66667,2,13.66667],"texture":"#0","tintindex":0},"west":{"uv":[2,12.66667,0,13.66667],"texture":"#0","tintindex":0}}},{"from":[2,3,7],"to":[3,5,9],"rotation":{"angle":0,"axis":"y","origin":[3,3,7]},"faces":{"north":{"uv":[5.33333,9.66667,5,10.33333],"texture":"#0","tintindex":0},"south":{"uv":[10,5,9.66667,5.66667],"texture":"#0","tintindex":0},"west":{"uv":[10,9,9.33333,9.66667],"texture":"#0","tintindex":0},"up":{"uv":[5.33333,10.33333,5.66667,9.66667],"texture":"#0","tintindex":0},"down":{"uv":[5.66667,9.66667,6,10.33333],"texture":"#0","tintindex":0}}},{"from":[3,3,6],"to":[4,6,13],"faces":{"north":{"uv":[3.33333,9.66667,3,10.66667],"texture":"#0","tintindex":0},"east":{"uv":[7.33333,7,5,8],"texture":"#0","tintindex":0},"south":{"uv":[3.66667,9.66667,3.33333,10.66667],"texture":"#0","tintindex":0},"west":{"uv":[5,7,2.66667,8],"texture":"#0","tintindex":0}}},{"from":[3,6,3],"to":[4,9,13],"faces":{"north":{"uv":[4,9.66667,3.66667,10.66667],"texture":"#0","tintindex":0},"east":{"uv":[8.66667,5.33333,5.33333,6.33333],"texture":"#0","tintindex":0},"south":{"uv":[10,3.66667,9.66667,4.66667],"texture":"#0","tintindex":0},"west":{"uv":[8.66667,4.33333,5.33333,5.33333],"texture":"#0","tintindex":0},"up":{"uv":[8.66667,5.66667,9,2.33333],"texture":"#0","tintindex":0},"down":{"uv":[2.66667,8.66667,3,12],"texture":"#0","tintindex":0}}},{"from":[3,0,3],"to":[4,3,13],"faces":{"north":{"uv":[8,9.33333,7.66667,10.33333],"texture":"#0","tintindex":0},"east":{"uv":[8.66667,3.33333,5.33333,4.33333],"texture":"#0","tintindex":0},"south":{"uv":[10,2.66667,9.66667,3.66667],"texture":"#0","tintindex":0},"west":{"uv":[8.66667,2.33333,5.33333,3.33333],"texture":"#0","tintindex":0},"up":{"uv":[8,11.33333,8.33333,8],"texture":"#0","tintindex":0},"down":{"uv":[8.33333,8,8.66667,11.33333],"texture":"#0","tintindex":0}}},{"from":[4,0,3],"to":[6,3,4],"faces":{"north":{"uv":[9.66667,2.33333,9,3.33333],"texture":"#0","tintindex":0},"east":{"uv":[4.33333,9.66667,4,10.66667],"texture":"#0","tintindex":0},"south":{"uv":[9.66667,3.33333,9,4.33333],"texture":"#0","tintindex":0},"up":{"uv":[9,5.66667,9.66667,5.33333],"texture":"#0","tintindex":0},"down":{"uv":[9.33333,7.66667,10,8],"texture":"#0","tintindex":0}}}],"gui_light":"front","display":{"thirdperson_righthand":{"rotation":[56,0,0],"translation":[0,5.25,3.5],"scale":[0.66211,0.66211,0.66211]},"thirdperson_lefthand":{"rotation":[56,0,0],"translation":[0,5.25,3.5],"scale":[0.66211,0.66211,0.66211]},"firstperson_righthand":{"rotation":[154.75,0,180],"translation":[0,3.5,-3.75],"scale":[0.6875,0.6875,0.6875]},"firstperson_lefthand":{"rotation":[154.75,0,180],"translation":[0,3.5,-3.75],"scale":[0.6875,0.6875,0.6875]},"ground":{"translation":[0,9.25,0]},"gui":{"rotation":[0,161,0],"translation":[0,3.25,0],"scale":[1.19727,1.19727,1.19727]},"head":{"translation":[0,6,0],"scale":[1.5625,1.5625,1.5625]},"fixed":{"rotation":[-90,0,0],"translation":[0,0,-20.5],"scale":[2.48047,2.48047,2.48047]}}}