{"credit":"Made by PolygonMC","textures":{"1":"beatsset:animations/animations_vinyl_disc","2":"beatsset:wings","3":"beatsset:animations/animations_05","4":"beatsset:animations/animations_06","particle":"beatsset:wings"},"elements":[{"from":[7,5.6806,6.9],"to":[9,7.6806,9.1],"rotation":{"angle":-45,"axis":"z","origin":[8,6.6806,8]},"faces":{"north":{"uv":[2,8,3.33333,9.33333],"texture":"#2","tintindex":0},"east":{"uv":[8,12,9.33333,13.33333],"texture":"#2","tintindex":0},"south":{"uv":[9.33333,12,10.66667,13.33333],"texture":"#2","tintindex":0},"west":{"uv":[12,10,13.33333,11.33333],"texture":"#2","tintindex":0},"up":{"uv":[12,13.33333,10.66667,12],"texture":"#2","tintindex":0},"down":{"uv":[13.33333,11.33333,12,12.66667],"texture":"#2","tintindex":0}}},{"from":[7.25,5.9306,6.65],"to":[8.75,7.4306,9.35],"rotation":{"angle":-45,"axis":"z","origin":[8,6.6806,8]},"faces":{"north":{"uv":[0,13.33333,1,14.33333],"texture":"#2","tintindex":0},"east":{"uv":[2,12.66667,3.66667,13.66667],"texture":"#2","tintindex":0},"south":{"uv":[13.33333,2.66667,14.33333,3.66667],"texture":"#2","tintindex":0},"west":{"uv":[12.66667,4.66667,14.33333,5.66667],"texture":"#2","tintindex":0},"up":{"uv":[13.66667,7.66667,12.66667,6],"texture":"#2","tintindex":0},"down":{"uv":[13,12.66667,12,14.33333],"texture":"#2","tintindex":0}}},{"from":[9.25,5.1806,7.25],"to":[13.75,9.1806,8.75],"rotation":{"angle":-22.5,"axis":"z","origin":[11.75,6.6806,8]},"faces":{"north":{"uv":[0,5.33333,3,8],"texture":"#2","tintindex":0},"east":{"uv":[4,11.33333,5,14],"texture":"#2","tintindex":0},"south":{"uv":[5.33333,0,8.33333,2.66667],"texture":"#2","tintindex":0},"west":{"uv":[5.33333,11.33333,6.33333,14],"texture":"#2","tintindex":0},"up":{"uv":[14.33333,1,11.33333,0],"texture":"#2","tintindex":0},"down":{"uv":[14.33333,1.33333,11.33333,2.33333],"texture":"#2","tintindex":0}}},{"from":[9.9794,5.83388,7.1],"to":[12.9794,8.83388,7.1],"rotation":{"angle":22.5,"axis":"z","origin":[11.4794,7.33388,7.1]},"faces":{"north":{"uv":[0,0,6,6],"texture":"#1","tintindex":0},"east":{"uv":[0,0,0,6],"texture":"#1","tintindex":0},"west":{"uv":[0,0,0,6],"texture":"#1","tintindex":0},"up":{"uv":[6,0,0,0],"texture":"#1","tintindex":0},"down":{"uv":[6,0,0,0],"texture":"#1","tintindex":0}}},{"from":[3.0206,5.83388,7.1],"to":[6.0206,8.83388,7.1],"rotation":{"angle":-22.5,"axis":"z","origin":[4.5206,7.33388,7.1]},"faces":{"north":{"uv":[0,0,6,6],"rotation":90,"texture":"#1","tintindex":0},"east":{"uv":[0,0,6,0],"rotation":270,"texture":"#1","tintindex":0},"west":{"uv":[0,0,6,0],"rotation":270,"texture":"#1","tintindex":0},"up":{"uv":[0,0,0,6],"rotation":270,"texture":"#1","tintindex":0},"down":{"uv":[0,0,0,6],"rotation":270,"texture":"#1","tintindex":0}}},{"from":[9.5,8.1806,6.75],"to":[10.25,8.9306,7.25],"rotation":{"angle":-22.5,"axis":"z","origin":[11.75,6.6806,6.5]},"faces":{"north":{"uv":[4.66667,0,5.33333,0.66667],"texture":"#2","tintindex":0},"east":{"uv":[4.66667,1.33333,5,2],"texture":"#2","tintindex":0},"south":{"uv":[4.66667,0.66667,5.33333,1.33333],"texture":"#2","tintindex":0},"west":{"uv":[5.33333,4.66667,5.66667,5.33333],"texture":"#2","tintindex":0},"up":{"uv":[6.66667,5,6,4.66667],"texture":"#2","tintindex":0},"down":{"uv":[7.33333,4.66667,6.66667,5],"texture":"#2","tintindex":0}}},{"from":[12.85,5.5306,7],"to":[13.4,6.0806,7.25],"rotation":{"angle":-22.5,"axis":"z","origin":[11.75,6.6806,6.5]},"faces":{"north":{"uv":[13.33333,4,13.66667,4.33333],"texture":"#2","tintindex":0},"east":{"uv":[6.66667,13.33333,7,13.66667],"texture":"#2","tintindex":0},"south":{"uv":[7.33333,13.33333,7.66667,13.66667],"texture":"#2","tintindex":0},"west":{"uv":[8,13.33333,8.33333,13.66667],"texture":"#2","tintindex":0},"up":{"uv":[13.66667,8.33333,13.33333,8],"texture":"#2","tintindex":0},"down":{"uv":[9,13.33333,8.66667,13.66667],"texture":"#2","tintindex":0}}},{"from":[12.85,6.2806,7],"to":[13.4,6.8306,7.25],"rotation":{"angle":-22.5,"axis":"z","origin":[11.75,6.6806,6.5]},"faces":{"north":{"uv":[13.33333,8.66667,13.66667,9],"texture":"#2","tintindex":0},"east":{"uv":[9.33333,13.33333,9.66667,13.66667],"texture":"#2","tintindex":0},"south":{"uv":[13.33333,9.33333,13.66667,9.66667],"texture":"#2","tintindex":0},"west":{"uv":[10,13.33333,10.33333,13.66667],"texture":"#2","tintindex":0},"up":{"uv":[13.66667,10.33333,13.33333,10],"texture":"#2","tintindex":0},"down":{"uv":[11,13.33333,10.66667,13.66667],"texture":"#2","tintindex":0}}},{"from":[10.38388,7.72141,6.9],"to":[10.88388,8.72141,7.15],"rotation":{"angle":-22.5,"axis":"z","origin":[11.03388,8.87141,6.75]},"faces":{"north":{"uv":[8.66667,0,9,0.66667],"texture":"#2","tintindex":0},"east":{"uv":[8.66667,0.66667,9,1.33333],"texture":"#2","tintindex":0},"south":{"uv":[8.66667,1.33333,9,2],"texture":"#2","tintindex":0},"west":{"uv":[8.66667,2,9,2.66667],"texture":"#2","tintindex":0},"up":{"uv":[13.66667,11,13.33333,10.66667],"texture":"#2","tintindex":0},"down":{"uv":[11.66667,13.33333,11.33333,13.66667],"texture":"#2","tintindex":0}}},{"from":[10.02207,7.41288,6.9],"to":[10.52207,8.16288,7.15],"rotation":{"angle":22.5,"axis":"z","origin":[10.27207,8.03788,6.9]},"faces":{"north":{"uv":[6.66667,9.33333,7,10],"texture":"#2","tintindex":0},"east":{"uv":[11.33333,2.66667,11.66667,3.33333],"texture":"#2","tintindex":0},"south":{"uv":[12.66667,8,13,8.66667],"texture":"#2","tintindex":0},"west":{"uv":[1.33333,13.33333,1.66667,14],"texture":"#2","tintindex":0},"up":{"uv":[13.66667,11.66667,13.33333,11.33333],"texture":"#2","tintindex":0},"down":{"uv":[13.66667,12,13.33333,12.33333],"texture":"#2","tintindex":0}}},{"from":[2.29835,8.22515,6.75],"to":[3.04835,8.97515,7.25],"rotation":{"angle":22.5,"axis":"z","origin":[4.26117,7.20975,7.5]},"faces":{"north":{"uv":[4.66667,0,5.33333,0.66667],"texture":"#2","tintindex":0},"east":{"uv":[4.66667,1.33333,5,2],"texture":"#2","tintindex":0},"south":{"uv":[4.66667,0.66667,5.33333,1.33333],"texture":"#2","tintindex":0},"west":{"uv":[5.33333,4.66667,5.66667,5.33333],"texture":"#2","tintindex":0},"up":{"uv":[6.66667,5,6,4.66667],"texture":"#2","tintindex":0},"down":{"uv":[7.33333,4.66667,6.66667,5],"texture":"#2","tintindex":0}}},{"from":[2.39836,7.32515,6.9],"to":[2.89836,8.32515,7.15],"rotation":{"angle":22.5,"axis":"z","origin":[4.26117,7.20975,7.5]},"faces":{"north":{"uv":[8.66667,0,9,0.66667],"texture":"#2","tintindex":0},"east":{"uv":[8.66667,0.66667,9,1.33333],"texture":"#2","tintindex":0},"south":{"uv":[8.66667,1.33333,9,2],"texture":"#2","tintindex":0},"west":{"uv":[8.66667,2,9,2.66667],"texture":"#2","tintindex":0},"up":{"uv":[13.66667,11,13.33333,10.66667],"texture":"#2","tintindex":0},"down":{"uv":[11.66667,13.33333,11.33333,13.66667],"texture":"#2","tintindex":0}}},{"from":[2.86236,5.97414,6.9],"to":[3.61236,6.47414,7.15],"rotation":{"angle":-22.5,"axis":"z","origin":[4.26117,7.20975,7.5]},"faces":{"north":{"uv":[6.66667,9.33333,7,10],"rotation":90,"texture":"#2","tintindex":0},"east":{"uv":[13.66667,12,13.33333,12.33333],"rotation":270,"texture":"#2","tintindex":0},"south":{"uv":[12.66667,8,13,8.66667],"rotation":270,"texture":"#2","tintindex":0},"west":{"uv":[13.66667,11.66667,13.33333,11.33333],"rotation":270,"texture":"#2","tintindex":0},"up":{"uv":[11.33333,2.66667,11.66667,3.33333],"rotation":270,"texture":"#2","tintindex":0},"down":{"uv":[1.33333,13.33333,1.66667,14],"rotation":270,"texture":"#2","tintindex":0}}},{"from":[5.64835,6.32515,7],"to":[6.19835,6.87515,7.25],"rotation":{"angle":22.5,"axis":"z","origin":[4.26117,7.20975,7.5]},"faces":{"north":{"uv":[13.33333,8.66667,13.66667,9],"texture":"#2","tintindex":0},"east":{"uv":[9.33333,13.33333,9.66667,13.66667],"texture":"#2","tintindex":0},"south":{"uv":[13.33333,9.33333,13.66667,9.66667],"texture":"#2","tintindex":0},"west":{"uv":[10,13.33333,10.33333,13.66667],"texture":"#2","tintindex":0},"up":{"uv":[13.66667,10.33333,13.33333,10],"texture":"#2","tintindex":0},"down":{"uv":[11,13.33333,10.66667,13.66667],"texture":"#2","tintindex":0}}},{"from":[5.64835,5.57515,7],"to":[6.19835,6.12515,7.25],"rotation":{"angle":22.5,"axis":"z","origin":[4.26117,7.20975,7.5]},"faces":{"north":{"uv":[13.33333,4,13.66667,4.33333],"texture":"#2","tintindex":0},"east":{"uv":[6.66667,13.33333,7,13.66667],"texture":"#2","tintindex":0},"south":{"uv":[7.33333,13.33333,7.66667,13.66667],"texture":"#2","tintindex":0},"west":{"uv":[8,13.33333,8.33333,13.66667],"texture":"#2","tintindex":0},"up":{"uv":[13.66667,8.33333,13.33333,8],"texture":"#2","tintindex":0},"down":{"uv":[9,13.33333,8.66667,13.66667],"texture":"#2","tintindex":0}}},{"from":[2.04835,5.22515,7.25],"to":[6.54835,9.22515,8.75],"rotation":{"angle":22.5,"axis":"z","origin":[4.26117,7.20975,7.5]},"faces":{"north":{"uv":[0,5.33333,3,8],"texture":"#2","tintindex":0},"east":{"uv":[4,11.33333,5,14],"texture":"#2","tintindex":0},"south":{"uv":[5.33333,0,8.33333,2.66667],"texture":"#2","tintindex":0},"west":{"uv":[5.33333,11.33333,6.33333,14],"texture":"#2","tintindex":0},"up":{"uv":[14.33333,1,11.33333,0],"texture":"#2","tintindex":0},"down":{"uv":[14.33333,1.33333,11.33333,2.33333],"texture":"#2","tintindex":0}}},{"from":[6,6.4306,7.5],"to":[10,11.4306,9.5],"rotation":{"angle":0,"axis":"y","origin":[0,-1.3194,7]},"faces":{"north":{"uv":[0,2,2.66667,5.33333],"texture":"#2","tintindex":0},"east":{"uv":[9.33333,6.66667,10.66667,10],"texture":"#2","tintindex":0},"south":{"uv":[2.66667,2,5.33333,5.33333],"texture":"#2","tintindex":0},"west":{"uv":[6.66667,10,8,13.33333],"texture":"#2","tintindex":0},"up":{"uv":[12,4.66667,9.33333,3.33333],"texture":"#2","tintindex":0},"down":{"uv":[13.33333,8.66667,10.66667,10],"texture":"#2","tintindex":0}}},{"from":[9,9.6806,8],"to":[13,12.6806,8.03],"rotation":{"angle":-22.5,"axis":"z","origin":[11,10.6806,8]},"faces":{"north":{"uv":[4,9.33333,6.66667,11.33333],"texture":"#2","tintindex":0},"south":{"uv":[6.66667,9.33333,4,11.33333],"texture":"#2","tintindex":0}}},{"from":[3,9.6806,8],"to":[7,12.6806,8.03],"rotation":{"angle":22.5,"axis":"z","origin":[5,10.6806,8]},"faces":{"north":{"uv":[6.66667,9.33333,4,11.33333],"texture":"#2","tintindex":0},"south":{"uv":[4,9.33333,6.66667,11.33333],"texture":"#2","tintindex":0}}},{"from":[4.79193,9.1806,8.54929],"to":[4.82193,11.1806,11.54929],"rotation":{"angle":-45,"axis":"y","origin":[5.79193,12.4306,10.04929]},"faces":{"east":{"uv":[11.33333,4.66667,12.66667,6.66667],"rotation":90,"texture":"#2","tintindex":0},"west":{"uv":[11.33333,6.66667,12.66667,4.66667],"rotation":90,"texture":"#2","tintindex":0}}},{"from":[6.75,6.9306,9.3],"to":[6.78,9.9306,11.3],"rotation":{"angle":-22.5,"axis":"y","origin":[6.75,8.4306,10.3]},"faces":{"east":{"uv":[12,2.66667,13.33333,4.66667],"texture":"#2","tintindex":0},"west":{"uv":[13.33333,2.66667,12,4.66667],"texture":"#2","tintindex":0}}},{"from":[4.5,3.39254,7.9],"to":[11.5,6.39254,7.93],"rotation":{"angle":0,"axis":"z","origin":[9.5,4.64254,8]},"faces":{"north":{"uv":[0,0,4.66667,2],"texture":"#2","tintindex":0},"south":{"uv":[4.66667,0,0,2],"texture":"#2","tintindex":0}}},{"from":[5,4.1806,8.5],"to":[11,7.1806,11.5],"rotation":{"angle":22.5,"axis":"x","origin":[8,5.6806,10.5]},"faces":{"north":{"uv":[5.33333,2.66667,9.33333,4.66667],"texture":"#2","tintindex":0},"east":{"uv":[8,10,10,12],"texture":"#2","tintindex":0},"south":{"uv":[3.33333,5.33333,7.33333,7.33333],"texture":"#2","tintindex":0},"west":{"uv":[10,10,12,12],"texture":"#2","tintindex":0},"up":{"uv":[7.33333,9.33333,3.33333,7.33333],"texture":"#2","tintindex":0},"down":{"uv":[11.33333,4.66667,7.33333,6.66667],"texture":"#2","tintindex":0}}},{"from":[1.55,5.4306,8.05],"to":[4.55,10.4306,11.05],"rotation":{"angle":-45,"axis":"y","origin":[1.55,6.9306,10.05]},"faces":{"north":{"uv":[7.33333,6.66667,9.33333,10],"texture":"#2","tintindex":0},"east":{"uv":[0,8,2,11.33333],"texture":"#2","tintindex":0},"south":{"uv":[9.33333,0,11.33333,3.33333],"texture":"#2","tintindex":0},"west":{"uv":[2,9.33333,4,12.66667],"texture":"#2","tintindex":0},"up":{"uv":[12.66667,8.66667,10.66667,6.66667],"texture":"#2","tintindex":0},"down":{"uv":[2,11.33333,0,13.33333],"texture":"#2","tintindex":0}}},{"from":[1.05,6.9306,11.55],"to":[5.05,10.9306,11.58],"rotation":{"angle":-45,"axis":"y","origin":[1.55,6.9306,10.05]},"faces":{"north":{"uv":[8,0,0,8],"texture":"#3","tintindex":0},"south":{"uv":[0,0,8,8],"texture":"#3","tintindex":0}}},{"from":[1.55,5.4306,11.3],"to":[4.55,8.4306,11.33],"rotation":{"angle":-45,"axis":"y","origin":[1.55,6.9306,10.05]},"faces":{"north":{"uv":[0,9,6,15],"texture":"#3","tintindex":0},"south":{"uv":[0,9,6,15],"texture":"#3","tintindex":0}}},{"from":[3.875,1.9306,12.78197],"to":[7.875,5.9306,12.81197],"rotation":{"angle":22.5,"axis":"x","origin":[6.875,6.6806,15.42197]},"faces":{"north":{"uv":[8,0,0,8],"texture":"#3","tintindex":0},"south":{"uv":[0,0,8,8],"texture":"#3","tintindex":0}}},{"from":[4.375,2.4306,13.53197],"to":[7.375,5.4306,13.56197],"rotation":{"angle":22.5,"axis":"x","origin":[6.875,6.6806,15.42197]},"faces":{"north":{"uv":[0,9,6,15],"texture":"#3","tintindex":0},"south":{"uv":[0,9,6,15],"texture":"#3","tintindex":0}}},{"from":[8.625,2.39233,13.52436],"to":[11.625,5.39233,13.55436],"rotation":{"angle":22.5,"axis":"x","origin":[6.375,6.64233,15.51436]},"faces":{"north":{"uv":[0,9,6,15],"texture":"#3","tintindex":0},"south":{"uv":[0,9,6,15],"texture":"#3","tintindex":0}}},{"from":[8.125,1.89233,12.77436],"to":[12.125,5.89233,12.80436],"rotation":{"angle":22.5,"axis":"x","origin":[6.375,6.64233,15.51436]},"faces":{"north":{"uv":[8,0,0,8],"texture":"#3","tintindex":0},"south":{"uv":[0,0,8,8],"texture":"#3","tintindex":0}}},{"from":[10.95,6.9306,11.55],"to":[14.95,10.9306,11.58],"rotation":{"angle":45,"axis":"y","origin":[14.45,6.9306,10.05]},"faces":{"north":{"uv":[0,0,8,8],"texture":"#3","tintindex":0},"south":{"uv":[8,0,0,8],"texture":"#3","tintindex":0}}},{"from":[11.45,5.4306,11.3],"to":[14.45,8.4306,11.33],"rotation":{"angle":45,"axis":"y","origin":[14.45,6.9306,10.05]},"faces":{"north":{"uv":[6,9,0,15],"texture":"#3","tintindex":0},"south":{"uv":[6,9,0,15],"texture":"#3","tintindex":0}}},{"from":[11.45,5.4306,8.05],"to":[14.45,10.4306,11.05],"rotation":{"angle":45,"axis":"y","origin":[14.45,6.9306,10.05]},"faces":{"north":{"uv":[9.33333,6.66667,7.33333,10],"texture":"#2","tintindex":0},"east":{"uv":[4,9.33333,2,12.66667],"texture":"#2","tintindex":0},"south":{"uv":[11.33333,0,9.33333,3.33333],"texture":"#2","tintindex":0},"west":{"uv":[2,8,0,11.33333],"texture":"#2","tintindex":0},"up":{"uv":[10.66667,8.66667,12.66667,6.66667],"texture":"#2","tintindex":0},"down":{"uv":[0,11.33333,2,13.33333],"texture":"#2","tintindex":0}}},{"from":[9.22,6.9306,9.3],"to":[9.25,9.9306,11.3],"rotation":{"angle":22.5,"axis":"y","origin":[9.25,8.4306,10.3]},"faces":{"east":{"uv":[12,2.66667,13.33333,4.66667],"texture":"#2","tintindex":0},"west":{"uv":[13.33333,2.66667,12,4.66667],"texture":"#2","tintindex":0}}},{"from":[11.17807,9.1806,8.54929],"to":[11.20807,11.1806,11.54929],"rotation":{"angle":45,"axis":"y","origin":[10.20807,12.4306,10.04929]},"faces":{"east":{"uv":[11.33333,4.66667,12.66667,6.66667],"rotation":90,"texture":"#2","tintindex":0},"west":{"uv":[11.33333,6.66667,12.66667,4.66667],"rotation":90,"texture":"#2","tintindex":0}}},{"from":[14,5.6806,9],"to":[28,15.6806,9.03],"rotation":{"angle":22.5,"axis":"z","origin":[21,10.6806,9.015]},"faces":{"north":{"uv":[0,0,14,10],"texture":"#4","tintindex":0},"south":{"uv":[14,0,0,10],"texture":"#4","tintindex":0}}},{"from":[-12,5.6806,9],"to":[2,15.6806,9.03],"rotation":{"angle":-22.5,"axis":"z","origin":[-5,10.6806,9.015]},"faces":{"north":{"uv":[14,0,0,10],"texture":"#4","tintindex":0},"south":{"uv":[0,0,14,10],"texture":"#4","tintindex":0}}}],"gui_light":"front","display":{"thirdperson_righthand":{"rotation":[-138.5,0,-180],"scale":[0.47852,0.47852,0.47852]},"thirdperson_lefthand":{"rotation":[66.5,0,0],"translation":[-5.5,-7.5,9.25],"scale":[1.24219,1.24219,1.24219]},"firstperson_righthand":{"rotation":[160.75,0,-180],"translation":[0,1.5,0],"scale":[0.78906,0.78906,0.78906]},"firstperson_lefthand":{"scale":[0,0,0]},"ground":{"rotation":[-45,0,0],"translation":[0,4.25,0]},"gui":{"rotation":[0,180,0],"translation":[0,-0.5,0],"scale":[0.62891,0.62891,0.62891]},"head":{"translation":[0,-48,8.75],"scale":[2.22266,2.22266,2.22266]},"fixed":{"rotation":[0,180,0],"translation":[0,-1.5,-3.5],"scale":[2.74219,2.74219,2.74219]}}}