{"credit":"Made by PolygonMC","textures":{"1":"beatsset:animations/animations_vinyl_disc","2":"beatsset:wings","3":"beatsset:animations/animations_05","4":"beatsset:animations/animations_06","particle":"beatsset:wings"},"elements":[{"from":[7,-11.3194,6.9],"to":[9,-9.3194,9.1],"rotation":{"angle":-45,"axis":"z","origin":[8,-10.3194,8]},"faces":{"north":{"uv":[2,8,3.33333,9.33333],"texture":"#2","tintindex":0},"east":{"uv":[8,12,9.33333,13.33333],"texture":"#2","tintindex":0},"south":{"uv":[9.33333,12,10.66667,13.33333],"texture":"#2","tintindex":0},"west":{"uv":[12,10,13.33333,11.33333],"texture":"#2","tintindex":0},"up":{"uv":[12,13.33333,10.66667,12],"texture":"#2","tintindex":0},"down":{"uv":[13.33333,11.33333,12,12.66667],"texture":"#2","tintindex":0}}},{"from":[7.25,-11.0694,6.65],"to":[8.75,-9.5694,9.35],"rotation":{"angle":-45,"axis":"z","origin":[8,-10.3194,8]},"faces":{"north":{"uv":[0,13.33333,1,14.33333],"texture":"#2","tintindex":0},"east":{"uv":[2,12.66667,3.66667,13.66667],"texture":"#2","tintindex":0},"south":{"uv":[13.33333,2.66667,14.33333,3.66667],"texture":"#2","tintindex":0},"west":{"uv":[12.66667,4.66667,14.33333,5.66667],"texture":"#2","tintindex":0},"up":{"uv":[13.66667,7.66667,12.66667,6],"texture":"#2","tintindex":0},"down":{"uv":[13,12.66667,12,14.33333],"texture":"#2","tintindex":0}}},{"from":[9.25,-11.8194,7.25],"to":[13.75,-7.8194,8.75],"rotation":{"angle":-22.5,"axis":"z","origin":[11.75,-10.3194,8]},"faces":{"north":{"uv":[0,5.33333,3,8],"texture":"#2","tintindex":0},"east":{"uv":[4,11.33333,5,14],"texture":"#2","tintindex":0},"south":{"uv":[5.33333,0,8.33333,2.66667],"texture":"#2","tintindex":0},"west":{"uv":[5.33333,11.33333,6.33333,14],"texture":"#2","tintindex":0},"up":{"uv":[14.33333,1,11.33333,0],"texture":"#2","tintindex":0},"down":{"uv":[14.33333,1.33333,11.33333,2.33333],"texture":"#2","tintindex":0}}},{"from":[9.9794,-11.16612,7.1],"to":[12.9794,-8.16612,7.1],"rotation":{"angle":22.5,"axis":"z","origin":[11.4794,-9.66612,7.1]},"faces":{"north":{"uv":[0,0,6,6],"texture":"#1","tintindex":0},"east":{"uv":[0,0,0,6],"texture":"#1","tintindex":0},"west":{"uv":[0,0,0,6],"texture":"#1","tintindex":0},"up":{"uv":[6,0,0,0],"texture":"#1","tintindex":0},"down":{"uv":[6,0,0,0],"texture":"#1","tintindex":0}}},{"from":[3.0206,-11.16612,7.1],"to":[6.0206,-8.16612,7.1],"rotation":{"angle":-22.5,"axis":"z","origin":[4.5206,-9.66612,7.1]},"faces":{"north":{"uv":[0,0,6,6],"rotation":90,"texture":"#1","tintindex":0},"east":{"uv":[0,0,6,0],"rotation":270,"texture":"#1","tintindex":0},"west":{"uv":[0,0,6,0],"rotation":270,"texture":"#1","tintindex":0},"up":{"uv":[0,0,0,6],"rotation":270,"texture":"#1","tintindex":0},"down":{"uv":[0,0,0,6],"rotation":270,"texture":"#1","tintindex":0}}},{"from":[9.5,-8.8194,6.75],"to":[10.25,-8.0694,7.25],"rotation":{"angle":-22.5,"axis":"z","origin":[11.75,-10.3194,6.5]},"faces":{"north":{"uv":[4.66667,0,5.33333,0.66667],"texture":"#2","tintindex":0},"east":{"uv":[4.66667,1.33333,5,2],"texture":"#2","tintindex":0},"south":{"uv":[4.66667,0.66667,5.33333,1.33333],"texture":"#2","tintindex":0},"west":{"uv":[5.33333,4.66667,5.66667,5.33333],"texture":"#2","tintindex":0},"up":{"uv":[6.66667,5,6,4.66667],"texture":"#2","tintindex":0},"down":{"uv":[7.33333,4.66667,6.66667,5],"texture":"#2","tintindex":0}}},{"from":[12.85,-11.4694,7],"to":[13.4,-10.9194,7.25],"rotation":{"angle":-22.5,"axis":"z","origin":[11.75,-10.3194,6.5]},"faces":{"north":{"uv":[13.33333,4,13.66667,4.33333],"texture":"#2","tintindex":0},"east":{"uv":[6.66667,13.33333,7,13.66667],"texture":"#2","tintindex":0},"south":{"uv":[7.33333,13.33333,7.66667,13.66667],"texture":"#2","tintindex":0},"west":{"uv":[8,13.33333,8.33333,13.66667],"texture":"#2","tintindex":0},"up":{"uv":[13.66667,8.33333,13.33333,8],"texture":"#2","tintindex":0},"down":{"uv":[9,13.33333,8.66667,13.66667],"texture":"#2","tintindex":0}}},{"from":[12.85,-10.7194,7],"to":[13.4,-10.1694,7.25],"rotation":{"angle":-22.5,"axis":"z","origin":[11.75,-10.3194,6.5]},"faces":{"north":{"uv":[13.33333,8.66667,13.66667,9],"texture":"#2","tintindex":0},"east":{"uv":[9.33333,13.33333,9.66667,13.66667],"texture":"#2","tintindex":0},"south":{"uv":[13.33333,9.33333,13.66667,9.66667],"texture":"#2","tintindex":0},"west":{"uv":[10,13.33333,10.33333,13.66667],"texture":"#2","tintindex":0},"up":{"uv":[13.66667,10.33333,13.33333,10],"texture":"#2","tintindex":0},"down":{"uv":[11,13.33333,10.66667,13.66667],"texture":"#2","tintindex":0}}},{"from":[10.38388,-9.27859,6.9],"to":[10.88388,-8.27859,7.15],"rotation":{"angle":-22.5,"axis":"z","origin":[11.03388,-8.12859,6.75]},"faces":{"north":{"uv":[8.66667,0,9,0.66667],"texture":"#2","tintindex":0},"east":{"uv":[8.66667,0.66667,9,1.33333],"texture":"#2","tintindex":0},"south":{"uv":[8.66667,1.33333,9,2],"texture":"#2","tintindex":0},"west":{"uv":[8.66667,2,9,2.66667],"texture":"#2","tintindex":0},"up":{"uv":[13.66667,11,13.33333,10.66667],"texture":"#2","tintindex":0},"down":{"uv":[11.66667,13.33333,11.33333,13.66667],"texture":"#2","tintindex":0}}},{"from":[10.02207,-9.58712,6.9],"to":[10.52207,-8.83712,7.15],"rotation":{"angle":22.5,"axis":"z","origin":[10.27207,-8.96212,6.9]},"faces":{"north":{"uv":[6.66667,9.33333,7,10],"texture":"#2","tintindex":0},"east":{"uv":[11.33333,2.66667,11.66667,3.33333],"texture":"#2","tintindex":0},"south":{"uv":[12.66667,8,13,8.66667],"texture":"#2","tintindex":0},"west":{"uv":[1.33333,13.33333,1.66667,14],"texture":"#2","tintindex":0},"up":{"uv":[13.66667,11.66667,13.33333,11.33333],"texture":"#2","tintindex":0},"down":{"uv":[13.66667,12,13.33333,12.33333],"texture":"#2","tintindex":0}}},{"from":[2.29835,-8.77485,6.75],"to":[3.04835,-8.02485,7.25],"rotation":{"angle":22.5,"axis":"z","origin":[4.26117,-9.79025,7.5]},"faces":{"north":{"uv":[4.66667,0,5.33333,0.66667],"texture":"#2","tintindex":0},"east":{"uv":[4.66667,1.33333,5,2],"texture":"#2","tintindex":0},"south":{"uv":[4.66667,0.66667,5.33333,1.33333],"texture":"#2","tintindex":0},"west":{"uv":[5.33333,4.66667,5.66667,5.33333],"texture":"#2","tintindex":0},"up":{"uv":[6.66667,5,6,4.66667],"texture":"#2","tintindex":0},"down":{"uv":[7.33333,4.66667,6.66667,5],"texture":"#2","tintindex":0}}},{"from":[2.39836,-9.67485,6.9],"to":[2.89836,-8.67485,7.15],"rotation":{"angle":22.5,"axis":"z","origin":[4.26117,-9.79025,7.5]},"faces":{"north":{"uv":[8.66667,0,9,0.66667],"texture":"#2","tintindex":0},"east":{"uv":[8.66667,0.66667,9,1.33333],"texture":"#2","tintindex":0},"south":{"uv":[8.66667,1.33333,9,2],"texture":"#2","tintindex":0},"west":{"uv":[8.66667,2,9,2.66667],"texture":"#2","tintindex":0},"up":{"uv":[13.66667,11,13.33333,10.66667],"texture":"#2","tintindex":0},"down":{"uv":[11.66667,13.33333,11.33333,13.66667],"texture":"#2","tintindex":0}}},{"from":[2.86236,-11.02586,6.9],"to":[3.61236,-10.52586,7.15],"rotation":{"angle":-22.5,"axis":"z","origin":[4.26117,-9.79025,7.5]},"faces":{"north":{"uv":[6.66667,9.33333,7,10],"rotation":90,"texture":"#2","tintindex":0},"east":{"uv":[13.66667,12,13.33333,12.33333],"rotation":270,"texture":"#2","tintindex":0},"south":{"uv":[12.66667,8,13,8.66667],"rotation":270,"texture":"#2","tintindex":0},"west":{"uv":[13.66667,11.66667,13.33333,11.33333],"rotation":270,"texture":"#2","tintindex":0},"up":{"uv":[11.33333,2.66667,11.66667,3.33333],"rotation":270,"texture":"#2","tintindex":0},"down":{"uv":[1.33333,13.33333,1.66667,14],"rotation":270,"texture":"#2","tintindex":0}}},{"from":[5.64835,-10.67485,7],"to":[6.19835,-10.12485,7.25],"rotation":{"angle":22.5,"axis":"z","origin":[4.26117,-9.79025,7.5]},"faces":{"north":{"uv":[13.33333,8.66667,13.66667,9],"texture":"#2","tintindex":0},"east":{"uv":[9.33333,13.33333,9.66667,13.66667],"texture":"#2","tintindex":0},"south":{"uv":[13.33333,9.33333,13.66667,9.66667],"texture":"#2","tintindex":0},"west":{"uv":[10,13.33333,10.33333,13.66667],"texture":"#2","tintindex":0},"up":{"uv":[13.66667,10.33333,13.33333,10],"texture":"#2","tintindex":0},"down":{"uv":[11,13.33333,10.66667,13.66667],"texture":"#2","tintindex":0}}},{"from":[5.64835,-11.42485,7],"to":[6.19835,-10.87485,7.25],"rotation":{"angle":22.5,"axis":"z","origin":[4.26117,-9.79025,7.5]},"faces":{"north":{"uv":[13.33333,4,13.66667,4.33333],"texture":"#2","tintindex":0},"east":{"uv":[6.66667,13.33333,7,13.66667],"texture":"#2","tintindex":0},"south":{"uv":[7.33333,13.33333,7.66667,13.66667],"texture":"#2","tintindex":0},"west":{"uv":[8,13.33333,8.33333,13.66667],"texture":"#2","tintindex":0},"up":{"uv":[13.66667,8.33333,13.33333,8],"texture":"#2","tintindex":0},"down":{"uv":[9,13.33333,8.66667,13.66667],"texture":"#2","tintindex":0}}},{"from":[2.04835,-11.77485,7.25],"to":[6.54835,-7.77485,8.75],"rotation":{"angle":22.5,"axis":"z","origin":[4.26117,-9.79025,7.5]},"faces":{"north":{"uv":[0,5.33333,3,8],"texture":"#2","tintindex":0},"east":{"uv":[4,11.33333,5,14],"texture":"#2","tintindex":0},"south":{"uv":[5.33333,0,8.33333,2.66667],"texture":"#2","tintindex":0},"west":{"uv":[5.33333,11.33333,6.33333,14],"texture":"#2","tintindex":0},"up":{"uv":[14.33333,1,11.33333,0],"texture":"#2","tintindex":0},"down":{"uv":[14.33333,1.33333,11.33333,2.33333],"texture":"#2","tintindex":0}}},{"from":[6,-10.5694,7.5],"to":[10,-5.5694,9.5],"rotation":{"angle":0,"axis":"y","origin":[0,-18.3194,7]},"faces":{"north":{"uv":[0,2,2.66667,5.33333],"texture":"#2","tintindex":0},"east":{"uv":[9.33333,6.66667,10.66667,10],"texture":"#2","tintindex":0},"south":{"uv":[2.66667,2,5.33333,5.33333],"texture":"#2","tintindex":0},"west":{"uv":[6.66667,10,8,13.33333],"texture":"#2","tintindex":0},"up":{"uv":[12,4.66667,9.33333,3.33333],"texture":"#2","tintindex":0},"down":{"uv":[13.33333,8.66667,10.66667,10],"texture":"#2","tintindex":0}}},{"from":[9,-7.3194,8],"to":[13,-4.3194,8.03],"rotation":{"angle":-22.5,"axis":"z","origin":[11,-6.3194,8]},"faces":{"north":{"uv":[4,9.33333,6.66667,11.33333],"texture":"#2","tintindex":0},"south":{"uv":[6.66667,9.33333,4,11.33333],"texture":"#2","tintindex":0}}},{"from":[3,-7.3194,8],"to":[7,-4.3194,8.03],"rotation":{"angle":22.5,"axis":"z","origin":[5,-6.3194,8]},"faces":{"north":{"uv":[6.66667,9.33333,4,11.33333],"texture":"#2","tintindex":0},"south":{"uv":[4,9.33333,6.66667,11.33333],"texture":"#2","tintindex":0}}},{"from":[4.79193,-7.8194,8.54929],"to":[4.82193,-5.8194,11.54929],"rotation":{"angle":-45,"axis":"y","origin":[5.79193,-4.5694,10.04929]},"faces":{"east":{"uv":[11.33333,4.66667,12.66667,6.66667],"rotation":90,"texture":"#2","tintindex":0},"west":{"uv":[11.33333,6.66667,12.66667,4.66667],"rotation":90,"texture":"#2","tintindex":0}}},{"from":[6.75,-10.0694,9.3],"to":[6.78,-7.0694,11.3],"rotation":{"angle":-22.5,"axis":"y","origin":[6.75,-8.5694,10.3]},"faces":{"east":{"uv":[12,2.66667,13.33333,4.66667],"texture":"#2","tintindex":0},"west":{"uv":[13.33333,2.66667,12,4.66667],"texture":"#2","tintindex":0}}},{"from":[4.5,-13.60746,7.9],"to":[11.5,-10.60746,7.93],"rotation":{"angle":0,"axis":"z","origin":[9.5,-12.35746,8]},"faces":{"north":{"uv":[0,0,4.66667,2],"texture":"#2","tintindex":0},"south":{"uv":[4.66667,0,0,2],"texture":"#2","tintindex":0}}},{"from":[5,-12.8194,8.5],"to":[11,-9.8194,11.5],"rotation":{"angle":22.5,"axis":"x","origin":[8,-11.3194,10.5]},"faces":{"north":{"uv":[5.33333,2.66667,9.33333,4.66667],"texture":"#2","tintindex":0},"east":{"uv":[8,10,10,12],"texture":"#2","tintindex":0},"south":{"uv":[3.33333,5.33333,7.33333,7.33333],"texture":"#2","tintindex":0},"west":{"uv":[10,10,12,12],"texture":"#2","tintindex":0},"up":{"uv":[7.33333,9.33333,3.33333,7.33333],"texture":"#2","tintindex":0},"down":{"uv":[11.33333,4.66667,7.33333,6.66667],"texture":"#2","tintindex":0}}},{"from":[1.55,-11.5694,8.05],"to":[4.55,-6.5694,11.05],"rotation":{"angle":-45,"axis":"y","origin":[1.55,-10.0694,10.05]},"faces":{"north":{"uv":[7.33333,6.66667,9.33333,10],"texture":"#2","tintindex":0},"east":{"uv":[0,8,2,11.33333],"texture":"#2","tintindex":0},"south":{"uv":[9.33333,0,11.33333,3.33333],"texture":"#2","tintindex":0},"west":{"uv":[2,9.33333,4,12.66667],"texture":"#2","tintindex":0},"up":{"uv":[12.66667,8.66667,10.66667,6.66667],"texture":"#2","tintindex":0},"down":{"uv":[2,11.33333,0,13.33333],"texture":"#2","tintindex":0}}},{"from":[1.05,-10.0694,11.55],"to":[5.05,-6.0694,11.58],"rotation":{"angle":-45,"axis":"y","origin":[1.55,-10.0694,10.05]},"faces":{"north":{"uv":[8,0,0,8],"texture":"#3","tintindex":0},"south":{"uv":[0,0,8,8],"texture":"#3","tintindex":0}}},{"from":[1.55,-11.5694,11.3],"to":[4.55,-8.5694,11.33],"rotation":{"angle":-45,"axis":"y","origin":[1.55,-10.0694,10.05]},"faces":{"north":{"uv":[0,9,6,15],"texture":"#3","tintindex":0},"south":{"uv":[0,9,6,15],"texture":"#3","tintindex":0}}},{"from":[3.875,-15.0694,12.78197],"to":[7.875,-11.0694,12.81197],"rotation":{"angle":22.5,"axis":"x","origin":[6.875,-10.3194,15.42197]},"faces":{"north":{"uv":[8,0,0,8],"texture":"#3","tintindex":0},"south":{"uv":[0,0,8,8],"texture":"#3","tintindex":0}}},{"from":[4.375,-14.5694,13.53197],"to":[7.375,-11.5694,13.56197],"rotation":{"angle":22.5,"axis":"x","origin":[6.875,-10.3194,15.42197]},"faces":{"north":{"uv":[0,9,6,15],"texture":"#3","tintindex":0},"south":{"uv":[0,9,6,15],"texture":"#3","tintindex":0}}},{"from":[8.625,-14.60767,13.52436],"to":[11.625,-11.60767,13.55436],"rotation":{"angle":22.5,"axis":"x","origin":[6.375,-10.35767,15.51436]},"faces":{"north":{"uv":[0,9,6,15],"texture":"#3","tintindex":0},"south":{"uv":[0,9,6,15],"texture":"#3","tintindex":0}}},{"from":[8.125,-15.10767,12.77436],"to":[12.125,-11.10767,12.80436],"rotation":{"angle":22.5,"axis":"x","origin":[6.375,-10.35767,15.51436]},"faces":{"north":{"uv":[8,0,0,8],"texture":"#3","tintindex":0},"south":{"uv":[0,0,8,8],"texture":"#3","tintindex":0}}},{"from":[10.95,-10.0694,11.55],"to":[14.95,-6.0694,11.58],"rotation":{"angle":45,"axis":"y","origin":[14.45,-10.0694,10.05]},"faces":{"north":{"uv":[0,0,8,8],"texture":"#3","tintindex":0},"south":{"uv":[8,0,0,8],"texture":"#3","tintindex":0}}},{"from":[11.45,-11.5694,11.3],"to":[14.45,-8.5694,11.33],"rotation":{"angle":45,"axis":"y","origin":[14.45,-10.0694,10.05]},"faces":{"north":{"uv":[6,9,0,15],"texture":"#3","tintindex":0},"south":{"uv":[6,9,0,15],"texture":"#3","tintindex":0}}},{"from":[11.45,-11.5694,8.05],"to":[14.45,-6.5694,11.05],"rotation":{"angle":45,"axis":"y","origin":[14.45,-10.0694,10.05]},"faces":{"north":{"uv":[9.33333,6.66667,7.33333,10],"texture":"#2","tintindex":0},"east":{"uv":[4,9.33333,2,12.66667],"texture":"#2","tintindex":0},"south":{"uv":[11.33333,0,9.33333,3.33333],"texture":"#2","tintindex":0},"west":{"uv":[2,8,0,11.33333],"texture":"#2","tintindex":0},"up":{"uv":[10.66667,8.66667,12.66667,6.66667],"texture":"#2","tintindex":0},"down":{"uv":[0,11.33333,2,13.33333],"texture":"#2","tintindex":0}}},{"from":[9.22,-10.0694,9.3],"to":[9.25,-7.0694,11.3],"rotation":{"angle":22.5,"axis":"y","origin":[9.25,-8.5694,10.3]},"faces":{"east":{"uv":[12,2.66667,13.33333,4.66667],"texture":"#2","tintindex":0},"west":{"uv":[13.33333,2.66667,12,4.66667],"texture":"#2","tintindex":0}}},{"from":[11.17807,-7.8194,8.54929],"to":[11.20807,-5.8194,11.54929],"rotation":{"angle":45,"axis":"y","origin":[10.20807,-4.5694,10.04929]},"faces":{"east":{"uv":[11.33333,4.66667,12.66667,6.66667],"rotation":90,"texture":"#2","tintindex":0},"west":{"uv":[11.33333,6.66667,12.66667,4.66667],"rotation":90,"texture":"#2","tintindex":0}}},{"from":[14,-11.3194,9],"to":[28,-1.3194,9.03],"rotation":{"angle":22.5,"axis":"z","origin":[21,-6.3194,9.015]},"faces":{"north":{"uv":[0,0,14,10],"texture":"#4","tintindex":0},"south":{"uv":[14,0,0,10],"texture":"#4","tintindex":0}}},{"from":[-12,-11.3194,9],"to":[2,-1.3194,9.03],"rotation":{"angle":-22.5,"axis":"z","origin":[-5,-6.3194,9.015]},"faces":{"north":{"uv":[14,0,0,10],"texture":"#4","tintindex":0},"south":{"uv":[0,0,14,10],"texture":"#4","tintindex":0}}}],"gui_light":"front","display":{"thirdperson_righthand":{"rotation":[-138.5,0,-180],"scale":[0.47852,0.47852,0.47852]},"thirdperson_lefthand":{"rotation":[66.5,0,0],"translation":[-5.5,-7.5,9.25],"scale":[1.24219,1.24219,1.24219]},"firstperson_righthand":{"rotation":[160.75,0,-180],"translation":[0,1.5,0],"scale":[0.78906,0.78906,0.78906]},"firstperson_lefthand":{"scale":[0,0,0]},"ground":{"rotation":[-45,0,0],"translation":[0,4.25,0]},"gui":{"rotation":[0,180,0],"translation":[0,-0.5,0],"scale":[0.62891,0.62891,0.62891]},"head":{"translation":[0,-70.25,8.75],"scale":[2.22266,2.22266,2.22266]},"fixed":{"rotation":[0,180,0],"translation":[0,-1.5,-3.5],"scale":[2.74219,2.74219,2.74219]}}}