{"credit":"Made with Blockbench","texture_size":[64,64],"textures":{"0":"oreo:item/hats/christmas_hat","particle":"oreo:item/hats/christmas_hat"},"elements":[{"from":[3,8,3.75],"to":[13,11,13.75],"rotation":{"angle":22.5,"axis":"x","origin":[8,11,8]},"faces":{"north":{"uv":[2.5,2.5,5,3.25],"texture":"#0"},"east":{"uv":[0,2.5,2.5,3.25],"texture":"#0"},"south":{"uv":[7.5,2.5,10,3.25],"texture":"#0"},"west":{"uv":[5,2.5,7.5,3.25],"texture":"#0"},"up":{"uv":[5,2.5,2.5,0],"texture":"#0"},"down":{"uv":[7.5,0,5,2.5],"texture":"#0"}}},{"from":[3.999,10.999,4.749],"to":[12.001,14.001,12.751],"rotation":{"angle":22.5,"axis":"x","origin":[8,11,8]},"faces":{"north":{"uv":[2,5.25,4,6],"texture":"#0"},"east":{"uv":[0,5.25,2,6],"texture":"#0"},"south":{"uv":[6,5.25,8,6],"texture":"#0"},"west":{"uv":[4,5.25,6,6],"texture":"#0"},"up":{"uv":[4,5.25,2,3.25],"texture":"#0"},"down":{"uv":[6,3.25,4,5.25],"texture":"#0"}}},{"from":[5,12.01536,6.14544],"to":[11,15.01536,14.14544],"rotation":{"angle":0,"axis":"y","origin":[10,11.01536,7.64544]},"faces":{"north":{"uv":[2,8,3.5,8.75],"texture":"#0"},"east":{"uv":[0,8,2,8.75],"texture":"#0"},"south":{"uv":[5.5,8,7,8.75],"texture":"#0"},"west":{"uv":[3.5,8,5.5,8.75],"texture":"#0"},"up":{"uv":[3.5,8,2,6],"texture":"#0"},"down":{"uv":[5,6,3.5,8],"texture":"#0"}}},{"from":[6,13.75,11],"to":[10,17.75,15],"rotation":{"angle":22.5,"axis":"x","origin":[8,11,8]},"faces":{"north":{"uv":[7,4.25,8,5.25],"texture":"#0"},"east":{"uv":[6,4.25,7,5.25],"texture":"#0"},"south":{"uv":[9,4.25,10,5.25],"texture":"#0"},"west":{"uv":[8,4.25,9,5.25],"texture":"#0"},"up":{"uv":[8,4.25,7,3.25],"texture":"#0"},"down":{"uv":[9,3.25,8,4.25],"texture":"#0"}}}],"display":{"thirdperson_righthand":{"scale":[1.02,1.03,1.05]},"thirdperson_lefthand":{"scale":[1.02,1.03,1.05]},"firstperson_righthand":{"rotation":[0,0,11]},"firstperson_lefthand":{"rotation":[0,0,11]},"ground":{"scale":[0.6,0.6,0.6]},"gui":{"rotation":[30,115,0],"translation":[-1,-2.25,0],"scale":[0.8,0.8,0.8]},"head":{"scale":[1.8,1.8,1.8]},"fixed":{"scale":[0.6,0.6,0.6]}}}