{"credit":"Made with Blockbench","texture_size":[64,64],"textures":{"0":"oreo:item/hats/wumpus_hat","particle":"oreo:item/hats/wumpus_hat"},"elements":[{"from":[3,10,3],"to":[13,15,13],"faces":{"north":{"uv":[2.5,2.5,5,3.75],"texture":"#0"},"east":{"uv":[0,2.5,2.5,3.75],"texture":"#0"},"south":{"uv":[7.5,2.5,10,3.75],"texture":"#0"},"west":{"uv":[5,2.5,7.5,3.75],"texture":"#0"},"up":{"uv":[5,2.5,2.5,0],"texture":"#0"},"down":{"uv":[7.5,0,5,2.5],"texture":"#0"}}},{"from":[6,11,2],"to":[10,13,3],"faces":{"north":{"uv":[0.25,1.5,1.25,2],"texture":"#0"},"east":{"uv":[0,1.5,0.25,2],"texture":"#0"},"south":{"uv":[1.5,1.5,2.5,2],"texture":"#0"},"west":{"uv":[1.25,1.5,1.5,2],"texture":"#0"},"up":{"uv":[1.25,1.5,0.25,1.25],"texture":"#0"},"down":{"uv":[2.25,1.25,1.25,1.5],"texture":"#0"}}},{"from":[3,16,6],"to":[13,16,10],"faces":{"north":{"uv":[1,4.75,3.5,4.75],"texture":"#0"},"east":{"uv":[0,4.75,1,4.75],"texture":"#0"},"south":{"uv":[4.5,4.75,7,4.75],"texture":"#0"},"west":{"uv":[3.5,4.75,4.5,4.75],"texture":"#0"},"up":{"uv":[3.5,4.75,1,3.75],"texture":"#0"},"down":{"uv":[6,3.75,3.5,4.75],"texture":"#0"}}},{"from":[4,15,8],"to":[7,16,8],"faces":{"north":{"uv":[0,2,0.75,2.25],"texture":"#0"},"east":{"uv":[0,2,0,2.25],"texture":"#0"},"south":{"uv":[0.75,2,1.5,2.25],"texture":"#0"},"west":{"uv":[0.75,2,0.75,2.25],"texture":"#0"},"up":{"uv":[0.75,2,0,2],"texture":"#0"},"down":{"uv":[1.5,2,0.75,2],"texture":"#0"}}},{"from":[1,11,7],"to":[3,14,9],"faces":{"north":{"uv":[0.5,0.5,1,1.25],"texture":"#0"},"east":{"uv":[0,0.5,0.5,1.25],"texture":"#0"},"south":{"uv":[1.5,0.5,2,1.25],"texture":"#0"},"west":{"uv":[1,0.5,1.5,1.25],"texture":"#0"},"up":{"uv":[1,0.5,0.5,0],"texture":"#0"},"down":{"uv":[1.5,0,1,0.5],"texture":"#0"}}},{"from":[13,11,7],"to":[15,14,9],"faces":{"north":{"uv":[0.5,5.25,1,6],"texture":"#0"},"east":{"uv":[0,5.25,0.5,6],"texture":"#0"},"south":{"uv":[1.5,5.25,2,6],"texture":"#0"},"west":{"uv":[1,5.25,1.5,6],"texture":"#0"},"up":{"uv":[1,5.25,0.5,4.75],"texture":"#0"},"down":{"uv":[1.5,4.75,1,5.25],"texture":"#0"}}}],"display":{"firstperson_righthand":{"rotation":[0,0,11]},"firstperson_lefthand":{"rotation":[0,0,11]},"ground":{"scale":[0.6,0.6,0.6]},"gui":{"rotation":[34,-134,0],"translation":[0,-3,0],"scale":[0.8,0.8,0.8]},"head":{"translation":[0,-1.5,0],"scale":[1.6,1.6,1.6]},"fixed":{"scale":[0.6,0.6,0.6]}}}