{"credit": "Made by PolygonMC", "texture_size": [24, 24], "textures": {"1": "bumble:valerie/items/bow", "2": "bumble:valerie/items/animations/animation_2", "3": "bumble:valerie/items/animations/animation_1", "particle": "bumble:valerie/items/animations/animation_2"}, "elements": [{"from": [6.8, 7, 7.14715], "to": [9.2, 9, 9.14715], "rotation": {"angle": 45, "axis": "x", "origin": [8, 8, 8.14715]}, "faces": {"north": {"uv": [8.66667, 7.33333, 10.33333, 8.66667], "texture": "#1"}, "east": {"uv": [9.33333, 4, 10.66667, 5.33333], "texture": "#1"}, "south": {"uv": [8.66667, 8.66667, 10.33333, 10], "texture": "#1"}, "west": {"uv": [4.66667, 9.33333, 6, 10.66667], "texture": "#1"}, "up": {"uv": [11, 2.66667, 9.33333, 1.33333], "texture": "#1"}, "down": {"uv": [11, 2.66667, 9.33333, 4], "texture": "#1"}}}, {"from": [7.755, 9.18606, 5.34533], "to": [8.245, 9.89606, 8.34533], "rotation": {"angle": 0, "axis": "x", "origin": [8, 7.97786, 8]}, "faces": {"north": {"uv": [12.66667, 8, 13, 8.5], "texture": "#1"}, "east": {"uv": [10, 5.33333, 12, 5.83333], "texture": "#1"}, "south": {"uv": [12.66667, 8.66667, 13, 9.16667], "texture": "#1"}, "west": {"uv": [10, 6, 12, 6.5], "texture": "#1"}, "up": {"uv": [0.33333, 13.33333, 0, 11.33333], "texture": "#1"}, "down": {"uv": [1, 11.33333, 0.66667, 13.33333], "texture": "#1"}}}, {"from": [7.76, 8.18, 5.48695], "to": [8.24, 9.43, 6.48695], "rotation": {"angle": 45, "axis": "x", "origin": [8, 7.97786, 8]}, "faces": {"north": {"uv": [9.33333, 12, 9.66667, 12.83333], "texture": "#1"}, "east": {"uv": [10.66667, 11.33333, 11.33333, 12.16667], "texture": "#1"}, "south": {"uv": [12, 9.33333, 12.33333, 10.16667], "texture": "#1"}, "west": {"uv": [11.33333, 11.33333, 12, 12.16667], "texture": "#1"}, "up": {"uv": [3, 13.33333, 2.66667, 12.66667], "texture": "#1"}, "down": {"uv": [13, 2.66667, 12.66667, 3.33333], "texture": "#1"}}}, {"from": [7.765, 9.93033, 8.37991], "to": [8.235, 10.85533, 9.62991], "rotation": {"angle": -22.5, "axis": "x", "origin": [8, 7.97786, 8]}, "faces": {"north": {"uv": [3.33333, 12.66667, 3.66667, 13.33333], "texture": "#1"}, "east": {"uv": [12, 1.33333, 12.83333, 2], "texture": "#1"}, "south": {"uv": [12.66667, 3.33333, 13, 4], "texture": "#1"}, "west": {"uv": [12, 2, 12.83333, 2.66667], "texture": "#1"}, "up": {"uv": [12.33333, 11.5, 12, 10.66667], "texture": "#1"}, "down": {"uv": [12.33333, 12, 12, 12.83333], "texture": "#1"}}}, {"from": [7.77, 10.40002, 8.40467], "to": [8.23, 11.26003, 9.65467], "rotation": {"angle": 0, "axis": "x", "origin": [8, 7.97786, 8]}, "faces": {"north": {"uv": [12.66667, 9.33333, 13, 9.83333], "texture": "#1"}, "east": {"uv": [7.33333, 12, 8.16667, 12.5], "texture": "#1"}, "south": {"uv": [10, 12.66667, 10.33333, 13.16667], "texture": "#1"}, "west": {"uv": [12, 7.33333, 12.83333, 7.83333], "texture": "#1"}, "up": {"uv": [1.66667, 13.5, 1.33333, 12.66667], "texture": "#1"}, "down": {"uv": [2.33333, 12.66667, 2, 13.5], "texture": "#1"}}}, {"from": [7.77, 11.26003, 8.65467], "to": [8.23, 12.76003, 9.65467], "rotation": {"angle": 0, "axis": "x", "origin": [8, 7.97786, 8]}, "faces": {"north": {"uv": [12, 8, 12.33333, 9], "texture": "#1"}, "east": {"uv": [1.33333, 11.33333, 2, 12.33333], "texture": "#1"}, "south": {"uv": [8.66667, 12, 9, 13], "texture": "#1"}, "west": {"uv": [11.33333, 1.33333, 12, 2.33333], "texture": "#1"}, "up": {"uv": [13, 4.66667, 12.66667, 4], "texture": "#1"}, "down": {"uv": [5, 12.66667, 4.66667, 13.33333], "texture": "#1"}}}, {"from": [7.15, 6.5, 6.64715], "to": [8.85, 9.5, 9.64715], "rotation": {"angle": 45, "axis": "x", "origin": [8, 8, 8.14715]}, "faces": {"north": {"uv": [4.66667, 7.33333, 5.83333, 9.33333], "texture": "#1"}, "east": {"uv": [4.66667, 5.33333, 6.66667, 7.33333], "texture": "#1"}, "south": {"uv": [6, 7.33333, 7.16667, 9.33333], "texture": "#1"}, "west": {"uv": [6.66667, 5.33333, 8.66667, 7.33333], "texture": "#1"}, "up": {"uv": [8.5, 9.33333, 7.33333, 7.33333], "texture": "#1"}, "down": {"uv": [9.83333, 5.33333, 8.66667, 7.33333], "texture": "#1"}}}, {"from": [7.5, 12.53921, 8.4], "to": [8.5, 14.03921, 9.9], "rotation": {"angle": -45, "axis": "x", "origin": [8, 13.28921, 9.15]}, "faces": {"north": {"uv": [2, 11.33333, 2.66667, 12.33333], "texture": "#1"}, "east": {"uv": [7.33333, 9.33333, 8.33333, 10.33333], "texture": "#1"}, "south": {"uv": [2.66667, 11.33333, 3.33333, 12.33333], "texture": "#1"}, "west": {"uv": [8.66667, 10, 9.66667, 11], "texture": "#1"}, "up": {"uv": [12, 3.66667, 11.33333, 2.66667], "texture": "#1"}, "down": {"uv": [4, 11.33333, 3.33333, 12.33333], "texture": "#1"}}}, {"from": [7.3, 12.68921, 8.55], "to": [8.7, 13.88921, 9.75], "rotation": {"angle": -45, "axis": "x", "origin": [8, 13.28921, 9.15]}, "faces": {"north": {"uv": [10, 10, 11, 10.83333], "texture": "#1"}, "east": {"uv": [7.33333, 10.66667, 8.16667, 11.5], "texture": "#1"}, "south": {"uv": [10.66667, 4, 11.66667, 4.83333], "texture": "#1"}, "west": {"uv": [10.66667, 8, 11.5, 8.83333], "texture": "#1"}, "up": {"uv": [5.66667, 11.5, 4.66667, 10.66667], "texture": "#1"}, "down": {"uv": [11.66667, 6.66667, 10.66667, 7.5], "texture": "#1"}}}, {"from": [7.5, 13.99632, 9.77855], "to": [8.5, 16.99632, 10.27855], "rotation": {"angle": 45, "axis": "x", "origin": [7.5, 13.99632, 9.50355]}, "faces": {"north": {"uv": [6, 9.33333, 6.66667, 11.33333], "texture": "#1"}, "east": {"uv": [4, 11.33333, 4.33333, 13.33333], "texture": "#1"}, "south": {"uv": [6.66667, 9.33333, 7.33333, 11.33333], "texture": "#1"}, "west": {"uv": [6, 11.33333, 6.33333, 13.33333], "texture": "#1"}, "up": {"uv": [13.33333, 5, 12.66667, 4.66667], "texture": "#1"}, "down": {"uv": [6, 12.66667, 5.33333, 13], "texture": "#1"}}}, {"from": [7.5, 16.49632, 9.17855], "to": [8.5, 16.99632, 9.77855], "rotation": {"angle": 45, "axis": "x", "origin": [7.5, 13.99632, 9.50355]}, "faces": {"north": {"uv": [12.66667, 5.33333, 13.33333, 5.66667], "texture": "#1"}, "east": {"uv": [12.66667, 10, 13, 10.33333], "texture": "#1"}, "west": {"uv": [10.66667, 12.66667, 11, 13], "texture": "#1"}, "up": {"uv": [13.33333, 6.33333, 12.66667, 6], "texture": "#1"}, "down": {"uv": [7.33333, 12.66667, 6.66667, 13], "texture": "#1"}}}, {"from": [7.5, 13.99632, 9.17855], "to": [8.5, 14.49632, 9.77855], "rotation": {"angle": 45, "axis": "x", "origin": [7.5, 13.99632, 9.50355]}, "faces": {"north": {"uv": [12.66667, 6.66667, 13.33333, 7], "texture": "#1"}, "east": {"uv": [12.66667, 10.66667, 13, 11], "texture": "#1"}, "west": {"uv": [11.33333, 12.66667, 11.66667, 13], "texture": "#1"}, "up": {"uv": [8, 13, 7.33333, 12.66667], "texture": "#1"}, "down": {"uv": [8.66667, 12.66667, 8, 13], "texture": "#1"}}}, {"from": [7.6, 14.49632, 9.27855], "to": [8.4, 16.49632, 9.77855], "rotation": {"angle": 45, "axis": "x", "origin": [7.5, 13.99632, 9.50355]}, "faces": {"north": {"uv": [6.66667, 11.33333, 7.16667, 12.66667], "texture": "#1"}, "east": {"uv": [12, 2.66667, 12.33333, 4], "texture": "#1"}, "west": {"uv": [12, 4, 12.33333, 5.33333], "texture": "#1"}}}, {"from": [7.6, 16.775, 11.85], "to": [8.4, 17.575, 13.6], "rotation": {"angle": -22.5, "axis": "x", "origin": [8, 15.875, 15]}, "faces": {"east": {"uv": [10.66667, 9.33333, 11.83333, 9.83333], "texture": "#1"}, "west": {"uv": [8.66667, 11.33333, 9.83333, 11.83333], "texture": "#1"}, "up": {"uv": [10.5, 12.5, 10, 11.33333], "texture": "#1"}, "down": {"uv": [11.83333, 10, 11.33333, 11.16667], "texture": "#1"}}}, {"from": [7.5, 17.45, 13.45], "to": [8.5, 18.45, 14.45], "rotation": {"angle": 45, "axis": "x", "origin": [8, 17.95, 12.025]}, "faces": {"north": {"uv": [10, 6.66667, 10.66667, 7.33333], "texture": "#1"}, "east": {"uv": [4.66667, 12, 5.33333, 12.66667], "texture": "#1"}, "south": {"uv": [5.33333, 12, 6, 12.66667], "texture": "#1"}, "west": {"uv": [12, 5.33333, 12.66667, 6], "texture": "#1"}, "up": {"uv": [12.66667, 6.66667, 12, 6], "texture": "#1"}, "down": {"uv": [12.66667, 6.66667, 12, 7.33333], "texture": "#1"}}}, {"from": [7.975, 9, 1], "to": [8.025, 12, 8], "rotation": {"angle": 0, "axis": "y", "origin": [7.975, 9, 1]}, "faces": {"east": {"uv": [9.33333, 1.33333, 4.66667, 3.33333], "texture": "#1"}, "west": {"uv": [4.66667, 1.33333, 9.33333, 3.33333], "texture": "#1"}}}, {"from": [7.975, 4, 1], "to": [8.025, 7, 8], "rotation": {"angle": 0, "axis": "y", "origin": [7.975, 7, 1]}, "faces": {"east": {"uv": [9.33333, 3.33333, 4.66667, 1.33333], "texture": "#1"}, "west": {"uv": [4.66667, 3.33333, 9.33333, 1.33333], "texture": "#1"}}}, {"from": [7.975, 15.9, 9], "to": [8.025, 18.15, 15.25], "rotation": {"angle": -22.5, "axis": "x", "origin": [7.975, 17.5, 12.7]}, "faces": {"east": {"uv": [8.83333, 3.33333, 4.66667, 4.83333], "texture": "#1"}, "west": {"uv": [4.66667, 3.33333, 8.83333, 4.83333], "texture": "#1"}}}, {"from": [7.975, -2.15, 9], "to": [8.025, 0.1, 15.25], "rotation": {"angle": 22.5, "axis": "x", "origin": [7.975, -1.5, 12.7]}, "faces": {"east": {"uv": [8.83333, 4.83333, 4.66667, 3.33333], "texture": "#1"}, "west": {"uv": [4.66667, 4.83333, 8.83333, 3.33333], "texture": "#1"}}}, {"from": [7.755, 6.10395, 5.34533], "to": [8.245, 6.81395, 8.34533], "rotation": {"angle": 0, "axis": "x", "origin": [8, 8.02215, 8]}, "faces": {"north": {"uv": [12.66667, 8.5, 13, 8], "texture": "#1"}, "east": {"uv": [10, 5.83333, 12, 5.33333], "texture": "#1"}, "south": {"uv": [12.66667, 9.16667, 13, 8.66667], "texture": "#1"}, "west": {"uv": [10, 6.5, 12, 6], "texture": "#1"}, "up": {"uv": [1, 13.33333, 0.66667, 11.33333], "texture": "#1"}, "down": {"uv": [0.33333, 11.33333, 0, 13.33333], "texture": "#1"}}}, {"from": [7.76, 6.57, 5.48695], "to": [8.24, 7.82, 6.48695], "rotation": {"angle": -45, "axis": "x", "origin": [8, 8.02215, 8]}, "faces": {"north": {"uv": [9.33333, 12.83333, 9.66667, 12], "texture": "#1"}, "east": {"uv": [10.66667, 12.16667, 11.33333, 11.33333], "texture": "#1"}, "south": {"uv": [12, 10.16667, 12.33333, 9.33333], "texture": "#1"}, "west": {"uv": [11.33333, 12.16667, 12, 11.33333], "texture": "#1"}, "up": {"uv": [13, 3.33333, 12.66667, 2.66667], "texture": "#1"}, "down": {"uv": [3, 12.66667, 2.66667, 13.33333], "texture": "#1"}}}, {"from": [7.765, 5.14467, 8.37991], "to": [8.235, 6.06967, 9.62991], "rotation": {"angle": 22.5, "axis": "x", "origin": [8, 8.02215, 8]}, "faces": {"north": {"uv": [3.33333, 13.33333, 3.66667, 12.66667], "texture": "#1"}, "east": {"uv": [12, 2, 12.83333, 1.33333], "texture": "#1"}, "south": {"uv": [12.66667, 4, 13, 3.33333], "texture": "#1"}, "west": {"uv": [12, 2.66667, 12.83333, 2], "texture": "#1"}, "up": {"uv": [12.33333, 12.83333, 12, 12], "texture": "#1"}, "down": {"uv": [12.33333, 10.66667, 12, 11.5], "texture": "#1"}}}, {"from": [7.77, 4.73998, 8.40467], "to": [8.23, 5.59998, 9.65467], "rotation": {"angle": 0, "axis": "x", "origin": [8, 8.02215, 8]}, "faces": {"north": {"uv": [12.66667, 9.83333, 13, 9.33333], "texture": "#1"}, "east": {"uv": [7.33333, 12.5, 8.16667, 12], "texture": "#1"}, "south": {"uv": [10, 13.16667, 10.33333, 12.66667], "texture": "#1"}, "west": {"uv": [12, 7.83333, 12.83333, 7.33333], "texture": "#1"}, "up": {"uv": [2.33333, 13.5, 2, 12.66667], "texture": "#1"}, "down": {"uv": [1.66667, 12.66667, 1.33333, 13.5], "texture": "#1"}}}, {"from": [7.77, 3.23998, 8.65467], "to": [8.23, 4.73998, 9.65467], "rotation": {"angle": 0, "axis": "x", "origin": [8, 8.02215, 8]}, "faces": {"north": {"uv": [12, 9, 12.33333, 8], "texture": "#1"}, "east": {"uv": [1.33333, 12.33333, 2, 11.33333], "texture": "#1"}, "south": {"uv": [8.66667, 13, 9, 12], "texture": "#1"}, "west": {"uv": [11.33333, 2.33333, 12, 1.33333], "texture": "#1"}, "up": {"uv": [5, 13.33333, 4.66667, 12.66667], "texture": "#1"}, "down": {"uv": [13, 4, 12.66667, 4.66667], "texture": "#1"}}}, {"from": [7.5, 1.96079, 8.4], "to": [8.5, 3.46079, 9.9], "rotation": {"angle": 45, "axis": "x", "origin": [8, 2.71079, 9.15]}, "faces": {"north": {"uv": [2, 12.33333, 2.66667, 11.33333], "texture": "#1"}, "east": {"uv": [7.33333, 10.33333, 8.33333, 9.33333], "texture": "#1"}, "south": {"uv": [2.66667, 12.33333, 3.33333, 11.33333], "texture": "#1"}, "west": {"uv": [8.66667, 11, 9.66667, 10], "texture": "#1"}, "up": {"uv": [4, 12.33333, 3.33333, 11.33333], "texture": "#1"}, "down": {"uv": [12, 2.66667, 11.33333, 3.66667], "texture": "#1"}}}, {"from": [7.5, -0.99632, 9.77855], "to": [8.5, 2.00368, 10.27855], "rotation": {"angle": -45, "axis": "x", "origin": [7.5, 2.00368, 9.50355]}, "faces": {"north": {"uv": [6, 11.33333, 6.66667, 9.33333], "texture": "#1"}, "east": {"uv": [4, 13.33333, 4.33333, 11.33333], "texture": "#1"}, "south": {"uv": [6.66667, 11.33333, 7.33333, 9.33333], "texture": "#1"}, "west": {"uv": [6, 13.33333, 6.33333, 11.33333], "texture": "#1"}, "up": {"uv": [6, 13, 5.33333, 12.66667], "texture": "#1"}, "down": {"uv": [13.33333, 4.66667, 12.66667, 5], "texture": "#1"}}}, {"from": [7.5, -0.99632, 9.17855], "to": [8.5, -0.49632, 9.77855], "rotation": {"angle": -45, "axis": "x", "origin": [7.5, 2.00368, 9.50355]}, "faces": {"north": {"uv": [12.66667, 5.66667, 13.33333, 5.33333], "texture": "#1"}, "east": {"uv": [12.66667, 10.33333, 13, 10], "texture": "#1"}, "west": {"uv": [10.66667, 13, 11, 12.66667], "texture": "#1"}, "up": {"uv": [7.33333, 13, 6.66667, 12.66667], "texture": "#1"}, "down": {"uv": [13.33333, 6, 12.66667, 6.33333], "texture": "#1"}}}, {"from": [7.5, 1.50368, 9.17855], "to": [8.5, 2.00368, 9.77855], "rotation": {"angle": -45, "axis": "x", "origin": [7.5, 2.00368, 9.50355]}, "faces": {"north": {"uv": [12.66667, 7, 13.33333, 6.66667], "texture": "#1"}, "east": {"uv": [12.66667, 11, 13, 10.66667], "texture": "#1"}, "west": {"uv": [11.33333, 13, 11.66667, 12.66667], "texture": "#1"}, "up": {"uv": [8.66667, 13, 8, 12.66667], "texture": "#1"}, "down": {"uv": [8, 12.66667, 7.33333, 13], "texture": "#1"}}}, {"from": [7.6, -0.49632, 9.27855], "to": [8.4, 1.50368, 9.77855], "rotation": {"angle": -45, "axis": "x", "origin": [7.5, 2.00368, 9.50355]}, "faces": {"north": {"uv": [6.66667, 12.66667, 7.16667, 11.33333], "texture": "#1"}, "east": {"uv": [12, 4, 12.33333, 2.66667], "texture": "#1"}, "west": {"uv": [12, 5.33333, 12.33333, 4], "texture": "#1"}}}, {"from": [7.3, 2.11079, 8.55], "to": [8.7, 3.31079, 9.75], "rotation": {"angle": 45, "axis": "x", "origin": [8, 2.71079, 9.15]}, "faces": {"north": {"uv": [10, 10.83333, 11, 10], "texture": "#1"}, "east": {"uv": [7.33333, 11.5, 8.16667, 10.66667], "texture": "#1"}, "south": {"uv": [10.66667, 4.83333, 11.66667, 4], "texture": "#1"}, "west": {"uv": [10.66667, 8.83333, 11.5, 8], "texture": "#1"}, "up": {"uv": [11.66667, 7.5, 10.66667, 6.66667], "texture": "#1"}, "down": {"uv": [5.66667, 10.66667, 4.66667, 11.5], "texture": "#1"}}}, {"from": [7.6, -1.575, 11.85], "to": [8.4, -0.775, 13.6], "rotation": {"angle": 22.5, "axis": "x", "origin": [8, 0.125, 15]}, "faces": {"east": {"uv": [10.66667, 9.83333, 11.83333, 9.33333], "texture": "#1"}, "west": {"uv": [8.66667, 11.83333, 9.83333, 11.33333], "texture": "#1"}, "up": {"uv": [11.83333, 11.16667, 11.33333, 10], "texture": "#1"}, "down": {"uv": [10.5, 11.33333, 10, 12.5], "texture": "#1"}}}, {"from": [7.5, -2.45, 13.45], "to": [8.5, -1.45, 14.45], "rotation": {"angle": -45, "axis": "x", "origin": [8, -1.95, 12.025]}, "faces": {"north": {"uv": [10, 7.33333, 10.66667, 6.66667], "texture": "#1"}, "east": {"uv": [4.66667, 12.66667, 5.33333, 12], "texture": "#1"}, "south": {"uv": [5.33333, 12.66667, 6, 12], "texture": "#1"}, "west": {"uv": [12, 6, 12.66667, 5.33333], "texture": "#1"}, "up": {"uv": [12.66667, 7.33333, 12, 6.66667], "texture": "#1"}, "down": {"uv": [12.66667, 6, 12, 6.66667], "texture": "#1"}}}, {"from": [7.975, -0.25, 13.3], "to": [8.025, 16.25, 20.3], "rotation": {"angle": 0, "axis": "y", "origin": [7.975, 0, 0]}, "faces": {"east": {"uv": [4.66667, 0, 0, 11], "texture": "#1"}, "west": {"uv": [0, 0, 4.66667, 11], "texture": "#1"}}}, {"from": [7.98232, 7.125, -3.45], "to": [8.03232, 8.875, 13.55], "rotation": {"angle": 45, "axis": "z", "origin": [7.98232, 8, 5.05]}, "faces": {"east": {"uv": [16, 0, 4.66667, 1.16667], "texture": "#1"}, "west": {"uv": [4.66667, 0, 16, 1.16667], "texture": "#1"}}}, {"from": [7.975, 7.14268, -3.45], "to": [8.025, 8.89268, 13.55], "rotation": {"angle": -45, "axis": "z", "origin": [8, 8.01768, 5.05]}, "faces": {"east": {"uv": [16, 0, 4.66667, 1.16667], "texture": "#1"}, "west": {"uv": [4.66667, 0, 16, 1.16667], "texture": "#1"}}}, {"from": [7.4, 14.35, 6.425], "to": [7.45, 26.35, 11.425], "rotation": {"angle": 45, "axis": "x", "origin": [7.4, 14.35, 6.425]}, "faces": {"east": {"uv": [6, 0, 0, 16], "texture": "#2"}, "west": {"uv": [0, 0, 6, 16], "texture": "#2"}}}, {"from": [8.55, 14.35, 6.425], "to": [8.6, 26.35, 11.425], "rotation": {"angle": 45, "axis": "x", "origin": [8.6, 14.35, 6.425]}, "faces": {"east": {"uv": [6, 0, 0, 16], "texture": "#2"}, "west": {"uv": [0, 0, 6, 16], "texture": "#2"}}}, {"from": [8.55, -10.35, 6.425], "to": [8.6, 1.65, 11.425], "rotation": {"angle": -45, "axis": "x", "origin": [8.6, 1.65, 6.425]}, "faces": {"east": {"uv": [6, 16, 0, 0], "texture": "#2"}, "west": {"uv": [0, 16, 6, 0], "texture": "#2"}}}, {"from": [7.4, -10.35, 6.425], "to": [7.45, 1.65, 11.425], "rotation": {"angle": -45, "axis": "x", "origin": [7.4, 1.65, 6.425]}, "faces": {"east": {"uv": [6, 16, 0, 0], "texture": "#2"}, "west": {"uv": [0, 16, 6, 0], "texture": "#2"}}}, {"from": [7.98232, 6.875, -5.875], "to": [8.03232, 13.625, 0.875], "rotation": {"angle": -45, "axis": "y", "origin": [7.98232, 10.25, -2.5]}, "faces": {"east": {"uv": [16, 0, 0, 16], "texture": "#3"}, "west": {"uv": [0, 0, 16, 16], "texture": "#3"}}}, {"from": [7.98232, 6.875, -5.875], "to": [8.03232, 13.625, 0.875], "rotation": {"angle": 45, "axis": "y", "origin": [7.98232, 10.25, -2.5]}, "faces": {"east": {"uv": [16, 0, 0, 16], "texture": "#3"}, "west": {"uv": [0, 0, 16, 16], "texture": "#3"}}}], "gui_light": "front", "display": {"thirdperson_righthand": {"translation": [0, -2, -1]}, "thirdperson_lefthand": {"translation": [0, -2, -1]}, "firstperson_righthand": {"rotation": [20, 18, 0], "translation": [0, 3.25, -2.25]}, "firstperson_lefthand": {"rotation": [20, -22, 0], "translation": [1.75, 2.75, -1.5]}, "ground": {"translation": [0, 9.5, 0]}, "gui": {"rotation": [-90, 135, 90], "translation": [-2.5, 2.5, 0], "scale": [0.85352, 0.85352, 0.85352]}, "head": {"scale": [1.5, 1.5, 1.5], "rotation": [90, 45, 90]}, "fixed": {"rotation": [90, -90, 90], "translation": [3.5, 0, -1.25], "scale": [2, 2, 2]}}}