{"credit":"MadebyPolygonMC","texture_size":[24,24],"textures":{"1":"bumble:valerie/items/hoe","2":"bumble:valerie/items/animations/animation_1","particle":"bumble:valerie/items/animations/animation_1"},"elements":[{"from":[7.43,-1.32,7.43],"to":[8.57,-0.18,8.57],"rotation":{"angle":-45,"axis":"x","origin":[8,-0.75,8]},"faces":{"north":{"uv":[0,10.66667,0.83333,11.5],"texture":"#1"},"east":{"uv":[10.66667,0,11.5,0.83333],"texture":"#1"},"south":{"uv":[2,10.66667,2.83333,11.5],"texture":"#1"},"west":{"uv":[3.33333,10.66667,4.16667,11.5],"texture":"#1"},"up":{"uv":[11.5,4.83333,10.66667,4],"texture":"#1"},"down":{"uv":[11.5,5.33333,10.66667,6.16667],"texture":"#1"}}},{"from":[7.5,-0.5,7.5],"to":[8.5,0.5,8.5],"rotation":{"angle":0,"axis":"y","origin":[7.5,-0.5,7.5]},"faces":{"north":{"uv":[9.33333,6.66667,10,7.33333],"texture":"#1"},"east":{"uv":[0.66667,12,1.33333,12.66667],"texture":"#1"},"south":{"uv":[1.33333,12,2,12.66667],"texture":"#1"},"west":{"uv":[2,12,2.66667,12.66667],"texture":"#1"},"up":{"uv":[12.66667,2.66667,12,2],"texture":"#1"},"down":{"uv":[3.33333,12,2.66667,12.66667],"texture":"#1"}}},{"from":[7.5,2.25,7.5],"to":[8.5,3.25,8.5],"rotation":{"angle":0,"axis":"y","origin":[7.5,2.25,7.5]},"faces":{"north":{"uv":[3.33333,12,4,12.66667],"texture":"#1"},"east":{"uv":[4,12,4.66667,12.66667],"texture":"#1"},"south":{"uv":[12,4,12.66667,4.66667],"texture":"#1"},"west":{"uv":[12,4.66667,12.66667,5.33333],"texture":"#1"},"up":{"uv":[12.66667,6,12,5.33333],"texture":"#1"},"down":{"uv":[12.66667,6,12,6.66667],"texture":"#1"}}},{"from":[7.5,5,7.5],"to":[8.5,6,8.5],"rotation":{"angle":0,"axis":"y","origin":[7.5,2.25,7.5]},"faces":{"north":{"uv":[12,6.66667,12.66667,7.33333],"texture":"#1"},"east":{"uv":[12,7.33333,12.66667,8],"texture":"#1"},"south":{"uv":[8,12,8.66667,12.66667],"texture":"#1"},"west":{"uv":[12,8,12.66667,8.66667],"texture":"#1"},"up":{"uv":[9.33333,12.66667,8.66667,12],"texture":"#1"},"down":{"uv":[12.66667,8.66667,12,9.33333],"texture":"#1"}}},{"from":[7.5,15.25,7.5],"to":[8.5,16.25,8.5],"rotation":{"angle":0,"axis":"y","origin":[7.5,15.25,7.5]},"faces":{"north":{"uv":[9.33333,12,10,12.66667],"texture":"#1"},"east":{"uv":[10,12,10.66667,12.66667],"texture":"#1"},"south":{"uv":[10.66667,12,11.33333,12.66667],"texture":"#1"},"west":{"uv":[12,11.33333,12.66667,12],"texture":"#1"},"up":{"uv":[12.66667,12.66667,12,12],"texture":"#1"},"down":{"uv":[13.33333,0,12.66667,0.66667],"texture":"#1"}}},{"from":[7.5,17,7.5],"to":[8.5,17.5,8.5],"rotation":{"angle":0,"axis":"y","origin":[7.5,17,7.5]},"faces":{"north":{"uv":[12.66667,10,13.33333,10.33333],"texture":"#1"},"east":{"uv":[10.66667,12.66667,11.33333,13],"texture":"#1"},"south":{"uv":[12.66667,10.66667,13.33333,11],"texture":"#1"},"west":{"uv":[11.33333,12.66667,12,13],"texture":"#1"},"up":{"uv":[1.33333,13.33333,0.66667,12.66667],"texture":"#1"},"down":{"uv":[13.33333,0.66667,12.66667,1.33333],"texture":"#1"}}},{"from":[7.25,17.5,7.25],"to":[8.75,18.5,8.75],"rotation":{"angle":0,"axis":"y","origin":[7.5,17.5,7.5]},"faces":{"north":{"uv":[10.66667,6.66667,11.66667,7.33333],"texture":"#1"},"east":{"uv":[10.66667,7.33333,11.66667,8],"texture":"#1"},"south":{"uv":[10.66667,8,11.66667,8.66667],"texture":"#1"},"west":{"uv":[10.66667,8.66667,11.66667,9.33333],"texture":"#1"},"up":{"uv":[1,10.33333,0,9.33333],"texture":"#1"},"down":{"uv":[10.33333,4,9.33333,5],"texture":"#1"}}},{"from":[7.6,0.5,7.6],"to":[8.4,6.75,8.4],"rotation":{"angle":0,"axis":"y","origin":[7.5,0.5,7.5]},"faces":{"north":{"uv":[1.33333,7.33333,1.83333,11.5],"texture":"#1"},"east":{"uv":[8.66667,1.33333,9.16667,5.5],"texture":"#1"},"south":{"uv":[6,8.66667,6.5,12.83333],"texture":"#1"},"west":{"uv":[6.66667,8.66667,7.16667,12.83333],"texture":"#1"},"up":{"uv":[13.16667,9.83333,12.66667,9.33333],"texture":"#1"},"down":{"uv":[10.5,12.66667,10,13.16667],"texture":"#1"}}},{"from":[7.6,14.75,7.6],"to":[8.4,17,8.4],"rotation":{"angle":0,"axis":"y","origin":[7.5,0.5,7.5]},"faces":{"north":{"uv":[8,10,8.5,11.5],"texture":"#1"},"east":{"uv":[8.66667,10,9.16667,11.5],"texture":"#1"},"south":{"uv":[9.33333,10,9.83333,11.5],"texture":"#1"},"west":{"uv":[10,9.33333,10.5,10.83333],"texture":"#1"}}},{"from":[6.8,18.75,7],"to":[9.2,20.75,9],"rotation":{"angle":-45,"axis":"x","origin":[8,19.75,8]},"faces":{"north":{"uv":[6,7.33333,7.66667,8.66667],"texture":"#1"},"east":{"uv":[7.33333,8.66667,8.66667,10],"texture":"#1"},"south":{"uv":[7.33333,6,9,7.33333],"texture":"#1"},"west":{"uv":[8.66667,8.66667,10,10],"texture":"#1"},"up":{"uv":[9.66667,8.66667,8,7.33333],"texture":"#1"},"down":{"uv":[10.33333,0,8.66667,1.33333],"texture":"#1"}}},{"from":[7.75,16.09462,6.14246],"to":[8.25,17.09462,8.14246],"rotation":{"angle":45,"axis":"x","origin":[8,16.59462,7.14246]},"faces":{"north":{"uv":[12.66667,11.33333,13,12],"texture":"#1"},"east":{"uv":[9.33333,5.33333,10.66667,6],"texture":"#1"},"south":{"uv":[12,12.66667,12.33333,13.33333],"texture":"#1"},"west":{"uv":[9.33333,6,10.66667,6.66667],"texture":"#1"},"up":{"uv":[1.66667,14,1.33333,12.66667],"texture":"#1"},"down":{"uv":[13,1.33333,12.66667,2.66667],"texture":"#1"}}},{"from":[7.755,16.94818,6.0818],"to":[8.245,19.94818,6.7918],"rotation":{"angle":0,"axis":"x","origin":[8.005,17.94818,6.5818]},"faces":{"north":{"uv":[10.66667,9.33333,11,11.33333],"texture":"#1"},"east":{"uv":[4.66667,9.33333,5.16667,11.33333],"texture":"#1"},"south":{"uv":[4.66667,11.33333,5,13.33333],"texture":"#1"},"west":{"uv":[5.33333,9.33333,5.83333,11.33333],"texture":"#1"},"up":{"uv":[5,13.83333,4.66667,13.33333],"texture":"#1"},"down":{"uv":[13.66667,4.66667,13.33333,5.16667],"texture":"#1"}}},{"from":[7.76,19.45186,5.90362],"to":[8.24,20.45186,7.15362],"rotation":{"angle":45,"axis":"x","origin":[8,20.00622,4.82663]},"faces":{"north":{"uv":[12.66667,12,13,12.66667],"texture":"#1"},"east":{"uv":[11.33333,10,12.16667,10.66667],"texture":"#1"},"south":{"uv":[12.66667,12.66667,13,13.33333],"texture":"#1"},"west":{"uv":[11.33333,10.66667,12.16667,11.33333],"texture":"#1"},"up":{"uv":[13,7.5,12.66667,6.66667],"texture":"#1"},"down":{"uv":[7.66667,12.66667,7.33333,13.5],"texture":"#1"}}},{"from":[7.765,18.79907,4.72661],"to":[8.235,20.04907,5.65161],"rotation":{"angle":-22.5,"axis":"x","origin":[8,20.00622,4.82663]},"faces":{"north":{"uv":[8,12.66667,8.33333,13.5],"texture":"#1"},"east":{"uv":[5.33333,11.33333,6,12.16667],"texture":"#1"},"south":{"uv":[12.66667,8,13,8.83333],"texture":"#1"},"west":{"uv":[11.33333,11.33333,12,12.16667],"texture":"#1"},"up":{"uv":[13.66667,0.66667,13.33333,0],"texture":"#1"},"down":{"uv":[1,13.33333,0.66667,14],"texture":"#1"}}},{"from":[7.77,20.00753,4.71783],"to":[8.23,21.25753,5.57783],"rotation":{"angle":0,"axis":"x","origin":[8,20.00622,4.82663]},"faces":{"north":{"uv":[8.66667,12.66667,9,13.5],"texture":"#1"},"east":{"uv":[12.66667,2.66667,13.16667,3.5],"texture":"#1"},"south":{"uv":[9.33333,12.66667,9.66667,13.5],"texture":"#1"},"west":{"uv":[3.33333,12.66667,3.83333,13.5],"texture":"#1"},"up":{"uv":[13.66667,5.83333,13.33333,5.33333],"texture":"#1"},"down":{"uv":[6.33333,13.33333,6,13.83333],"texture":"#1"}}},{"from":[7.77,20.25753,3.21783],"to":[8.23,21.25753,4.71783],"rotation":{"angle":0,"axis":"x","origin":[8,20.00622,4.82663]},"faces":{"north":{"uv":[13.33333,0.66667,13.66667,1.33333],"texture":"#1"},"east":{"uv":[11.33333,2.66667,12.33333,3.33333],"texture":"#1"},"south":{"uv":[13.33333,1.33333,13.66667,2],"texture":"#1"},"west":{"uv":[11.33333,3.33333,12.33333,4],"texture":"#1"},"up":{"uv":[4.33333,13.66667,4,12.66667],"texture":"#1"},"down":{"uv":[13,4,12.66667,5],"texture":"#1"}}},{"from":[7.775,19.75753,1.56783],"to":[8.225,20.75753,5.06783],"rotation":{"angle":0,"axis":"x","origin":[8.005,20.00622,4.82663]},"faces":{"north":{"uv":[2,13.33333,2.33333,14],"texture":"#1"},"east":{"uv":[9.33333,1.33333,11.66667,2],"texture":"#1"},"south":{"uv":[13.33333,2,13.66667,2.66667],"texture":"#1"},"west":{"uv":[9.33333,2,11.66667,2.66667],"texture":"#1"},"up":{"uv":[10.33333,9,10,6.66667],"texture":"#1"},"down":{"uv":[7.66667,10,7.33333,12.33333],"texture":"#1"}}},{"from":[7.78,19.12589,-0.60762],"to":[8.22,20.12589,1.89238],"rotation":{"angle":-22.5,"axis":"x","origin":[8.005,19.62589,0.14238]},"faces":{"north":{"uv":[2.66667,13.33333,3,14],"texture":"#1"},"east":{"uv":[9.33333,2.66667,11,3.33333],"texture":"#1"},"south":{"uv":[13.33333,2.66667,13.66667,3.33333],"texture":"#1"},"west":{"uv":[9.33333,3.33333,11,4],"texture":"#1"},"up":{"uv":[0.33333,13.66667,0,12],"texture":"#1"},"down":{"uv":[12.33333,0,12,1.66667],"texture":"#1"}}},{"from":[7.785,18.06338,-1.5222],"to":[8.215,19.06338,-0.0222],"rotation":{"angle":-45,"axis":"x","origin":[8.01,18.56338,-1.2722]},"faces":{"north":{"uv":[13.33333,3.33333,13.66667,4],"texture":"#1"},"east":{"uv":[11.33333,9.33333,12.33333,10],"texture":"#1"},"south":{"uv":[13.33333,4,13.66667,4.66667],"texture":"#1"},"west":{"uv":[10,11.33333,11,12],"texture":"#1"},"up":{"uv":[5.66667,13.66667,5.33333,12.66667],"texture":"#1"},"down":{"uv":[13,5.33333,12.66667,6.33333],"texture":"#1"}}},{"from":[7.5,6.75,7.5],"to":[8.5,14.75,8.5],"rotation":{"angle":0,"axis":"y","origin":[7.1,5.5,7.1]},"faces":{"north":{"uv":[2,5.33333,2.66667,10.66667],"texture":"#1"},"east":{"uv":[2.66667,5.33333,3.33333,10.66667],"texture":"#1"},"south":{"uv":[3.33333,5.33333,4,10.66667],"texture":"#1"},"west":{"uv":[4,5.33333,4.66667,10.66667],"texture":"#1"},"up":{"uv":[2.66667,13.33333,2,12.66667],"texture":"#1"},"down":{"uv":[3.33333,12.66667,2.66667,13.33333],"texture":"#1"}}},{"from":[7.975,15.75,-3.275],"to":[8.025,20.75,7.725],"rotation":{"angle":0,"axis":"y","origin":[7.975,0,0]},"faces":{"east":{"uv":[7.33333,0,0,3.33333],"texture":"#1"},"west":{"uv":[0,0,7.33333,3.33333],"texture":"#1"}}},{"from":[7.75,16.09462,7.85754],"to":[8.25,17.09462,9.85754],"rotation":{"angle":-45,"axis":"x","origin":[8,16.59462,8.85754]},"faces":{"north":{"uv":[12.33333,12.66667,12,13.33333],"texture":"#1"},"east":{"uv":[10.66667,5.33333,9.33333,6],"texture":"#1"},"south":{"uv":[13,11.33333,12.66667,12],"texture":"#1"},"west":{"uv":[10.66667,6,9.33333,6.66667],"texture":"#1"},"up":{"uv":[1.66667,12.66667,1.33333,14],"texture":"#1"},"down":{"uv":[13,2.66667,12.66667,1.33333],"texture":"#1"}}},{"from":[7.755,16.94818,9.2082],"to":[8.245,19.94818,9.9182],"rotation":{"angle":0,"axis":"x","origin":[8.005,17.94818,9.4182]},"faces":{"north":{"uv":[5,11.33333,4.66667,13.33333],"texture":"#1"},"east":{"uv":[5.16667,9.33333,4.66667,11.33333],"texture":"#1"},"south":{"uv":[11,9.33333,10.66667,11.33333],"texture":"#1"},"west":{"uv":[5.83333,9.33333,5.33333,11.33333],"texture":"#1"},"up":{"uv":[5,13.33333,4.66667,13.83333],"texture":"#1"},"down":{"uv":[13.66667,5.16667,13.33333,4.66667],"texture":"#1"}}},{"from":[7.76,19.45186,8.84638],"to":[8.24,20.45186,10.09638],"rotation":{"angle":-45,"axis":"x","origin":[8,20.00622,11.17337]},"faces":{"north":{"uv":[13,12.66667,12.66667,13.33333],"texture":"#1"},"east":{"uv":[12.16667,10,11.33333,10.66667],"texture":"#1"},"south":{"uv":[13,12,12.66667,12.66667],"texture":"#1"},"west":{"uv":[12.16667,10.66667,11.33333,11.33333],"texture":"#1"},"up":{"uv":[13,6.66667,12.66667,7.5],"texture":"#1"},"down":{"uv":[7.66667,13.5,7.33333,12.66667],"texture":"#1"}}},{"from":[7.765,18.79907,10.34839],"to":[8.235,20.04907,11.27339],"rotation":{"angle":22.5,"axis":"x","origin":[8,20.00622,11.17337]},"faces":{"north":{"uv":[13,8,12.66667,8.83333],"texture":"#1"},"east":{"uv":[6,11.33333,5.33333,12.16667],"texture":"#1"},"south":{"uv":[8.33333,12.66667,8,13.5],"texture":"#1"},"west":{"uv":[12,11.33333,11.33333,12.16667],"texture":"#1"},"up":{"uv":[13.66667,0,13.33333,0.66667],"texture":"#1"},"down":{"uv":[1,14,0.66667,13.33333],"texture":"#1"}}},{"from":[7.77,20.00753,10.42217],"to":[8.23,21.25753,11.28217],"rotation":{"angle":0,"axis":"x","origin":[8,20.00622,11.17337]},"faces":{"north":{"uv":[9.66667,12.66667,9.33333,13.5],"texture":"#1"},"east":{"uv":[13.16667,2.66667,12.66667,3.5],"texture":"#1"},"south":{"uv":[9,12.66667,8.66667,13.5],"texture":"#1"},"west":{"uv":[3.83333,12.66667,3.33333,13.5],"texture":"#1"},"up":{"uv":[13.66667,5.33333,13.33333,5.83333],"texture":"#1"},"down":{"uv":[6.33333,13.83333,6,13.33333],"texture":"#1"}}},{"from":[7.77,20.25753,11.28217],"to":[8.23,21.25753,12.78217],"rotation":{"angle":0,"axis":"x","origin":[8,20.00622,11.17337]},"faces":{"north":{"uv":[13.66667,1.33333,13.33333,2],"texture":"#1"},"east":{"uv":[12.33333,2.66667,11.33333,3.33333],"texture":"#1"},"south":{"uv":[13.66667,0.66667,13.33333,1.33333],"texture":"#1"},"west":{"uv":[12.33333,3.33333,11.33333,4],"texture":"#1"},"up":{"uv":[4.33333,12.66667,4,13.66667],"texture":"#1"},"down":{"uv":[13,5,12.66667,4],"texture":"#1"}}},{"from":[7.15,18.25,6.5],"to":[8.85,21.25,9.5],"rotation":{"angle":-45,"axis":"x","origin":[8,19.75,8]},"faces":{"north":{"uv":[8.5,2,7.33333,4],"texture":"#1"},"east":{"uv":[6,3.33333,4,5.33333],"texture":"#1"},"south":{"uv":[8.5,0,7.33333,2],"texture":"#1"},"west":{"uv":[2,5.33333,0,7.33333],"texture":"#1"},"up":{"uv":[8.5,4,7.33333,6],"texture":"#1"},"down":{"uv":[5.83333,9.33333,4.66667,7.33333],"texture":"#1"}}},{"from":[7,18.5,4.625],"to":[7.05,25.25,11.375],"rotation":{"angle":0,"axis":"y","origin":[7,18.5,4.625]},"faces":{"east":{"uv":[16,0,0,16],"texture":"#2"},"west":{"uv":[0,0,16,16],"texture":"#2"}}},{"from":[8.95,18.5,4.625],"to":[9,25.25,11.375],"rotation":{"angle":0,"axis":"y","origin":[9,18.5,4.625]},"faces":{"east":{"uv":[16,0,0,16],"texture":"#2"},"west":{"uv":[0,0,16,16],"texture":"#2"}}}],"gui_light":"front","display":{"thirdperson_righthand":{"translation":[0,3,0.75]},"thirdperson_lefthand":{"translation":[0,3,0.75]},"firstperson_righthand":{"rotation":[-10,0,0],"translation":[0,-0.25,0]},"firstperson_lefthand":{"rotation":[-10,0,0],"translation":[0,-0.25,0]},"ground":{"translation":[0,9.5,0]},"gui":{"rotation":[-90,45,90],"translation":[2.5,-2.5,0],"scale":[0.69141,0.69141,0.69141]},"head":{"scale":[1.5,1.5,1.5],"rotation":[0,90,0]},"fixed":{"rotation":[90,-90,90],"translation":[0,-5,-2],"scale":[2,2,2]}}}