{"credit":"MadebyPolygonMC","texture_size":[24,24],"textures":{"1":"bumble:valerie/items/sword","2":"bumble:valerie/items/animations/animation_1","particle":"bumble:valerie/items/animations/animation_1"},"elements":[{"from":[7.43,-1.32,7.43],"to":[8.57,-0.18,8.57],"rotation":{"angle":-45,"axis":"x","origin":[8,-0.75,8]},"faces":{"north":{"uv":[12.66667,11.33333,13.5,12.16667],"texture":"#1"},"east":{"uv":[12.66667,12.66667,13.5,13.5],"texture":"#1"},"south":{"uv":[13.33333,0,14.16667,0.83333],"texture":"#1"},"west":{"uv":[13.33333,2.66667,14.16667,3.5],"texture":"#1"},"up":{"uv":[14.16667,4.83333,13.33333,4],"texture":"#1"},"down":{"uv":[14.16667,6.66667,13.33333,7.5],"texture":"#1"}}},{"from":[7.5,-0.5,7.5],"to":[8.5,0.5,8.5],"rotation":{"angle":0,"axis":"y","origin":[7.5,-0.5,7.5]},"faces":{"north":{"uv":[14,12.66667,14.66667,13.33333],"texture":"#1"},"east":{"uv":[14,13.33333,14.66667,14],"texture":"#1"},"south":{"uv":[14,14,14.66667,14.66667],"texture":"#1"},"west":{"uv":[0,14.66667,0.66667,15.33333],"texture":"#1"},"up":{"uv":[15.33333,0.66667,14.66667,0],"texture":"#1"},"down":{"uv":[1.33333,14.66667,0.66667,15.33333],"texture":"#1"}}},{"from":[7.5,2.25,7.5],"to":[8.5,3.25,8.5],"rotation":{"angle":0,"axis":"y","origin":[7.5,2.25,7.5]},"faces":{"north":{"uv":[14.66667,1.33333,15.33333,2],"texture":"#1"},"east":{"uv":[14.66667,2.66667,15.33333,3.33333],"texture":"#1"},"south":{"uv":[3.33333,14.66667,4,15.33333],"texture":"#1"},"west":{"uv":[14.66667,3.33333,15.33333,4],"texture":"#1"},"up":{"uv":[4.66667,15.33333,4,14.66667],"texture":"#1"},"down":{"uv":[15.33333,4,14.66667,4.66667],"texture":"#1"}}},{"from":[7.5,5,7.5],"to":[8.5,6,8.5],"rotation":{"angle":0,"axis":"y","origin":[7.5,5,7.5]},"faces":{"north":{"uv":[4.66667,14.66667,5.33333,15.33333],"texture":"#1"},"east":{"uv":[14.66667,4.66667,15.33333,5.33333],"texture":"#1"},"south":{"uv":[5.33333,14.66667,6,15.33333],"texture":"#1"},"west":{"uv":[14.66667,5.33333,15.33333,6],"texture":"#1"},"up":{"uv":[15.33333,6.66667,14.66667,6],"texture":"#1"},"down":{"uv":[15.33333,6.66667,14.66667,7.33333],"texture":"#1"}}},{"from":[7.5,6.75,7.5],"to":[8.5,7.25,8.5],"rotation":{"angle":0,"axis":"y","origin":[7.5,6.75,7.5]},"faces":{"north":{"uv":[15.33333,0,16,0.33333],"texture":"#1"},"east":{"uv":[0.66667,15.33333,1.33333,15.66667],"texture":"#1"},"south":{"uv":[15.33333,0.66667,16,1],"texture":"#1"},"west":{"uv":[1.33333,15.33333,2,15.66667],"texture":"#1"},"up":{"uv":[15.33333,1.33333,14.66667,0.66667],"texture":"#1"},"down":{"uv":[2,14.66667,1.33333,15.33333],"texture":"#1"}}},{"from":[7.25,7.25,7.25],"to":[8.75,8.25,8.75],"rotation":{"angle":0,"axis":"y","origin":[7.5,7.25,7.5]},"faces":{"north":{"uv":[13.33333,1.33333,14.33333,2],"texture":"#1"},"east":{"uv":[10,13.33333,11,14],"texture":"#1"},"south":{"uv":[13.33333,10,14.33333,10.66667],"texture":"#1"},"west":{"uv":[13.33333,10.66667,14.33333,11.33333],"texture":"#1"},"up":{"uv":[11,13,10,12],"texture":"#1"},"down":{"uv":[13,10,12,11],"texture":"#1"}}},{"from":[7.6,0.5,7.6],"to":[8.4,6.75,8.4],"rotation":{"angle":0,"axis":"y","origin":[7.5,0.5,7.5]},"faces":{"north":{"uv":[6,11.33333,6.5,15.5],"texture":"#1"},"east":{"uv":[6.66667,11.33333,7.16667,15.5],"texture":"#1"},"south":{"uv":[7.33333,11.33333,7.83333,15.5],"texture":"#1"},"west":{"uv":[11.33333,10.66667,11.83333,14.83333],"texture":"#1"},"up":{"uv":[15.16667,9.16667,14.66667,8.66667],"texture":"#1"},"down":{"uv":[0.5,15.33333,0,15.83333],"texture":"#1"}}},{"from":[7.15,8,6.5],"to":[8.85,11,9.5],"rotation":{"angle":-45,"axis":"x","origin":[8,9.5,8]},"faces":{"north":{"uv":[9.33333,6.66667,10.5,8.66667],"texture":"#1"},"east":{"uv":[9.33333,2.66667,11.33333,4.66667],"texture":"#1"},"south":{"uv":[11.83333,6.66667,10.66667,8.66667],"texture":"#1"},"west":{"uv":[4,9.33333,6,11.33333],"texture":"#1"},"up":{"uv":[11.83333,8.66667,10.66667,6.66667],"texture":"#1"},"down":{"uv":[11.83333,8.66667,10.66667,10.66667],"texture":"#1"}}},{"from":[6.8,8.5,7],"to":[9.2,10.5,9],"rotation":{"angle":-45,"axis":"x","origin":[8,9.5,8]},"faces":{"north":{"uv":[9.33333,10.66667,11,12],"texture":"#1"},"east":{"uv":[11.33333,5.33333,12.66667,6.66667],"texture":"#1"},"south":{"uv":[11.33333,2.66667,13,4],"texture":"#1"},"west":{"uv":[12,6.66667,13.33333,8],"texture":"#1"},"up":{"uv":[5.66667,12.66667,4,11.33333],"texture":"#1"},"down":{"uv":[13,4,11.33333,5.33333],"texture":"#1"}}},{"from":[7.75,5.84462,6.14246],"to":[8.25,6.84462,8.14246],"rotation":{"angle":45,"axis":"x","origin":[8,6.34462,7.14246]},"faces":{"north":{"uv":[15.33333,1.33333,15.66667,2],"texture":"#1"},"east":{"uv":[12.66667,2,14,2.66667],"texture":"#1"},"south":{"uv":[15.33333,2,15.66667,2.66667],"texture":"#1"},"west":{"uv":[12.66667,9.33333,14,10],"texture":"#1"},"up":{"uv":[2.33333,16,2,14.66667],"texture":"#1"},"down":{"uv":[3,14.66667,2.66667,16],"texture":"#1"}}},{"from":[7.755,6.69818,6.0818],"to":[8.245,9.69818,6.7918],"rotation":{"angle":0,"axis":"x","origin":[8.005,7.69818,6.5818]},"faces":{"north":{"uv":[5.33333,12.66667,5.66667,14.66667],"texture":"#1"},"east":{"uv":[12,11.33333,12.5,13.33333],"texture":"#1"},"south":{"uv":[12,13.33333,12.33333,15.33333],"texture":"#1"},"west":{"uv":[12.66667,0,13.16667,2],"texture":"#1"},"up":{"uv":[15.66667,5.16667,15.33333,4.66667],"texture":"#1"},"down":{"uv":[5.66667,15.33333,5.33333,15.83333],"texture":"#1"}}},{"from":[7.76,9.20186,5.90362],"to":[8.24,10.20186,7.15362],"rotation":{"angle":45,"axis":"x","origin":[8,9.75622,4.82663]},"faces":{"north":{"uv":[15.33333,2.66667,15.66667,3.33333],"texture":"#1"},"east":{"uv":[14,2,14.83333,2.66667],"texture":"#1"},"south":{"uv":[3.33333,15.33333,3.66667,16],"texture":"#1"},"west":{"uv":[9.33333,14,10.16667,14.66667],"texture":"#1"},"up":{"uv":[10.33333,15.5,10,14.66667],"texture":"#1"},"down":{"uv":[15,10,14.66667,10.83333],"texture":"#1"}}},{"from":[7.765,8.54907,4.72661],"to":[8.235,9.79907,5.65161],"rotation":{"angle":-22.5,"axis":"x","origin":[8,9.75622,4.82663]},"faces":{"north":{"uv":[14.66667,11.33333,15,12.16667],"texture":"#1"},"east":{"uv":[10.66667,14,11.33333,14.83333],"texture":"#1"},"south":{"uv":[12.66667,14.66667,13,15.5],"texture":"#1"},"west":{"uv":[14,11.33333,14.66667,12.16667],"texture":"#1"},"up":{"uv":[15.66667,4,15.33333,3.33333],"texture":"#1"},"down":{"uv":[4.33333,15.33333,4,16],"texture":"#1"}}},{"from":[7.77,9.75753,4.71783],"to":[8.23,11.00753,5.57783],"rotation":{"angle":0,"axis":"x","origin":[8,9.75622,4.82663]},"faces":{"north":{"uv":[14.66667,12.66667,15,13.5],"texture":"#1"},"east":{"uv":[14.66667,7.33333,15.16667,8.16667],"texture":"#1"},"south":{"uv":[13.33333,14.66667,13.66667,15.5],"texture":"#1"},"west":{"uv":[9.33333,14.66667,9.83333,15.5],"texture":"#1"},"up":{"uv":[15.66667,5.83333,15.33333,5.33333],"texture":"#1"},"down":{"uv":[15.66667,6,15.33333,6.5],"texture":"#1"}}},{"from":[7.77,10.00753,3.21783],"to":[8.23,11.00753,4.71783],"rotation":{"angle":0,"axis":"x","origin":[8,9.75622,4.82663]},"faces":{"north":{"uv":[15.33333,4,15.66667,4.66667],"texture":"#1"},"east":{"uv":[14,9.33333,14.83333,10],"texture":"#1"},"south":{"uv":[4.66667,15.33333,5,16],"texture":"#1"},"west":{"uv":[12.66667,14,13.5,14.66667],"texture":"#1"},"up":{"uv":[14.33333,15.5,14,14.66667],"texture":"#1"},"down":{"uv":[15,14,14.66667,14.83333],"texture":"#1"}}},{"from":[7.5,11,6.5],"to":[8.5,14,9.5],"rotation":{"angle":-45,"axis":"x","origin":[8,12.5,8]},"faces":{"north":{"uv":[8,12,8.66667,14],"texture":"#1"},"east":{"uv":[9.33333,4.66667,11.33333,6.66667],"texture":"#1"},"south":{"uv":[12,8,12.66667,10],"texture":"#1"},"west":{"uv":[6,9.33333,8,11.33333],"texture":"#1"},"up":{"uv":[9.33333,14,8.66667,12],"texture":"#1"},"down":{"uv":[10,12,9.33333,14],"texture":"#1"}}},{"from":[7.5,26.73995,6.5],"to":[8.5,28.33995,8.1],"rotation":{"angle":-45,"axis":"x","origin":[8,28.23995,8]},"faces":{"north":{"uv":[14,5.33333,14.66667,6.33333],"texture":"#1"},"east":{"uv":[12.66667,5.33333,13.66667,6.33333],"texture":"#1"},"south":{"uv":[8,14,8.66667,15],"texture":"#1"},"west":{"uv":[12.66667,8,13.66667,9],"texture":"#1"},"up":{"uv":[14.66667,9,14,8],"texture":"#1"},"down":{"uv":[9.33333,14,8.66667,15],"texture":"#1"}}},{"from":[7.525,13.25,6.875],"to":[8.475,27.25,9.125],"rotation":{"angle":0,"axis":"x","origin":[8,14.75,8.125]},"faces":{"north":{"uv":[8,2.66667,8.66667,12],"texture":"#1"},"east":{"uv":[4,0,5.5,9.33333],"texture":"#1"},"south":{"uv":[8.66667,2.66667,9.33333,12],"texture":"#1"},"west":{"uv":[6,0,7.5,9.33333],"texture":"#1"},"up":{"uv":[4.66667,14.16667,4,12.66667],"texture":"#1"},"down":{"uv":[5.33333,12.66667,4.66667,14.16667],"texture":"#1"}}},{"from":[7.755,6.69818,9.2082],"to":[8.245,9.69818,9.9182],"rotation":{"angle":0,"axis":"x","origin":[8.005,7.69818,9.4182]},"faces":{"north":{"uv":[12.33333,13.33333,12,15.33333],"texture":"#1"},"east":{"uv":[12.5,11.33333,12,13.33333],"texture":"#1"},"south":{"uv":[5.66667,12.66667,5.33333,14.66667],"texture":"#1"},"west":{"uv":[13.16667,0,12.66667,2],"texture":"#1"},"up":{"uv":[15.66667,4.66667,15.33333,5.16667],"texture":"#1"},"down":{"uv":[5.66667,15.83333,5.33333,15.33333],"texture":"#1"}}},{"from":[7.75,5.84462,7.85754],"to":[8.25,6.84462,9.85754],"rotation":{"angle":-45,"axis":"x","origin":[8,6.34462,8.85754]},"faces":{"north":{"uv":[15.66667,2,15.33333,2.66667],"texture":"#1"},"east":{"uv":[14,2,12.66667,2.66667],"texture":"#1"},"south":{"uv":[15.66667,1.33333,15.33333,2],"texture":"#1"},"west":{"uv":[14,9.33333,12.66667,10],"texture":"#1"},"up":{"uv":[2.33333,14.66667,2,16],"texture":"#1"},"down":{"uv":[3,16,2.66667,14.66667],"texture":"#1"}}},{"from":[7.975,9.75,5.125],"to":[8.025,31.75,10.875],"rotation":{"angle":0,"axis":"y","origin":[7.975,9.75,5.625]},"faces":{"east":{"uv":[3.83333,0,0,14.66667],"texture":"#1"},"west":{"uv":[0,0,3.83333,14.66667],"texture":"#1"}}},{"from":[7.975,8,-0.225],"to":[8.025,12,6.775],"rotation":{"angle":22.5,"axis":"x","origin":[7.975,9.75622,4.82663]},"faces":{"east":{"uv":[12.66667,0,8,2.66667],"texture":"#1"},"west":{"uv":[8,0,12.66667,2.66667],"texture":"#1"}}},{"from":[7.76,9.20186,8.84638],"to":[8.24,10.20186,10.09638],"rotation":{"angle":-45,"axis":"x","origin":[8,9.75622,11.17337]},"faces":{"north":{"uv":[3.66667,15.33333,3.33333,16],"texture":"#1"},"east":{"uv":[14.83333,2,14,2.66667],"texture":"#1"},"south":{"uv":[15.66667,2.66667,15.33333,3.33333],"texture":"#1"},"west":{"uv":[10.16667,14,9.33333,14.66667],"texture":"#1"},"up":{"uv":[10.33333,14.66667,10,15.5],"texture":"#1"},"down":{"uv":[15,10.83333,14.66667,10],"texture":"#1"}}},{"from":[7.765,8.54907,10.34839],"to":[8.235,9.79907,11.27339],"rotation":{"angle":22.5,"axis":"x","origin":[8,9.75622,11.17337]},"faces":{"north":{"uv":[13,14.66667,12.66667,15.5],"texture":"#1"},"east":{"uv":[11.33333,14,10.66667,14.83333],"texture":"#1"},"south":{"uv":[15,11.33333,14.66667,12.16667],"texture":"#1"},"west":{"uv":[14.66667,11.33333,14,12.16667],"texture":"#1"},"up":{"uv":[15.66667,3.33333,15.33333,4],"texture":"#1"},"down":{"uv":[4.33333,16,4,15.33333],"texture":"#1"}}},{"from":[7.77,9.75753,10.42217],"to":[8.23,11.00753,11.28217],"rotation":{"angle":0,"axis":"x","origin":[8,9.75622,11.17337]},"faces":{"north":{"uv":[13.66667,14.66667,13.33333,15.5],"texture":"#1"},"east":{"uv":[15.16667,7.33333,14.66667,8.16667],"texture":"#1"},"south":{"uv":[15,12.66667,14.66667,13.5],"texture":"#1"},"west":{"uv":[9.83333,14.66667,9.33333,15.5],"texture":"#1"},"up":{"uv":[15.66667,5.33333,15.33333,5.83333],"texture":"#1"},"down":{"uv":[15.66667,6.5,15.33333,6],"texture":"#1"}}},{"from":[7.77,10.00753,11.28217],"to":[8.23,11.00753,12.78217],"rotation":{"angle":0,"axis":"x","origin":[8,9.75622,11.17337]},"faces":{"north":{"uv":[5,15.33333,4.66667,16],"texture":"#1"},"east":{"uv":[14.83333,9.33333,14,10],"texture":"#1"},"south":{"uv":[15.66667,4,15.33333,4.66667],"texture":"#1"},"west":{"uv":[13.5,14,12.66667,14.66667],"texture":"#1"},"up":{"uv":[14.33333,14.66667,14,15.5],"texture":"#1"},"down":{"uv":[15,14.83333,14.66667,14],"texture":"#1"}}},{"from":[7.975,8,9.225],"to":[8.025,12,16.225],"rotation":{"angle":-22.5,"axis":"x","origin":[7.975,9.75622,11.17337]},"faces":{"east":{"uv":[8,0,12.66667,2.66667],"texture":"#1"},"west":{"uv":[12.66667,0,8,2.66667],"texture":"#1"}}},{"from":[7,8.25,4.625],"to":[7.05,15,11.375],"rotation":{"angle":0,"axis":"y","origin":[7,8.25,4.625]},"faces":{"east":{"uv":[16,0,0,16],"texture":"#2"},"west":{"uv":[0,0,16,16],"texture":"#2"}}},{"from":[8.95,8.25,4.625],"to":[9,15,11.375],"rotation":{"angle":0,"axis":"y","origin":[9,8.25,4.625]},"faces":{"east":{"uv":[16,0,0,16],"texture":"#2"},"west":{"uv":[0,0,16,16],"texture":"#2"}}}],"gui_light":"front","display":{"thirdperson_righthand":{"translation":[0,3,0.75]},"thirdperson_lefthand":{"translation":[0,3,0.75]},"firstperson_righthand":{"rotation":[-10,0,0],"translation":[0,-0.25,0]},"firstperson_lefthand":{"rotation":[-10,0,0],"translation":[0,-0.25,0]},"ground":{"translation":[0,9.5,0]},"gui":{"rotation":[90,-45,90],"translation":[3.5,-3.5,0],"scale":[0.69141,0.69141,0.69141]},"head":{"scale":[1.5,1.5,1.5],"rotation":[0,90,0]},"fixed":{"rotation":[90,-90,90],"translation":[0,-13,-2],"scale":[2,2,2]}}}