{"credit":"By EliteCreatures","textures":{"2":"elitecreatures:collectibles_v5_16x/fluffy_owls_inside_16","3":"elitecreatures:collectibles_v5_16x/ef_fluffy_owls_long"},"elements":[{"from":[4.998,8.998,1.998],"to":[11.002,15.002,8.002],"rotation":{"angle":0,"axis":"y","origin":[7,0,7]},"faces":{"north":{"uv":[1.5,5.5,3,7],"texture":"#2"},"east":{"uv":[7.5,5.75,6,7.25],"texture":"#2"},"south":{"uv":[6,2.5,7.5,4],"texture":"#2"},"west":{"uv":[6,5.75,7.5,7.25],"texture":"#2"},"up":{"uv":[8,1.5,6.5,0],"texture":"#2"},"down":{"uv":[3,7,1.5,8.5],"texture":"#2"}}},{"from":[5,0,1],"to":[11,11,8],"rotation":{"angle":-45,"axis":"x","origin":[8,12,5]},"faces":{"north":{"uv":[0,2.75,1.5,5.5],"texture":"#2"},"east":{"uv":[0,0,1.75,2.75],"texture":"#2"},"south":{"uv":[1.5,2.75,3,5.5],"texture":"#2"},"west":{"uv":[1.75,0,3.5,2.75],"texture":"#2"},"up":{"uv":[4.5,7,3,5.25],"texture":"#2"},"down":{"uv":[1.5,5.5,0,7.25],"texture":"#2"}}},{"from":[5.15,0.01827,8.81066],"to":[7.65,3.01827,11.31066],"rotation":{"angle":0,"axis":"y","origin":[8,3.86827,6.06066]},"faces":{"north":{"uv":[5.5,7.25,6.25,8],"texture":"#2"},"east":{"uv":[6.25,7.25,7,8],"texture":"#2"},"south":{"uv":[7,7.25,7.75,8],"texture":"#2"},"west":{"uv":[7.5,1.5,8.25,2.25],"texture":"#2"},"up":{"uv":[8.25,3,7.5,2.25],"texture":"#2"},"down":{"uv":[8.25,3,7.5,3.75],"texture":"#2"}}},{"from":[5.15,0.01827,7.81066],"to":[7.65,1.26827,8.81066],"rotation":{"angle":0,"axis":"y","origin":[8,3.86827,6.06066]},"faces":{"north":{"uv":[3.5,2.5,4.25,2.75],"texture":"#2"},"east":{"uv":[4.25,2.5,4.5,2.75],"texture":"#2"},"south":{"uv":[8,4.75,8.75,5],"texture":"#2"},"west":{"uv":[4,7,4.25,7.25],"texture":"#2"},"up":{"uv":[9,1.75,8.25,1.5],"texture":"#2"},"down":{"uv":[9,1.75,8.25,2],"texture":"#2"}}},{"from":[8.35,0.01827,7.81066],"to":[10.85,1.26827,8.81066],"rotation":{"angle":0,"axis":"y","origin":[8,3.86827,6.06066]},"faces":{"north":{"uv":[8.25,2,9,2.25],"texture":"#2"},"east":{"uv":[4.25,7,4.5,7.25],"texture":"#2"},"south":{"uv":[8.25,2.25,9,2.5],"texture":"#2"},"west":{"uv":[7.5,3.75,7.75,4],"texture":"#2"},"up":{"uv":[9,2.75,8.25,2.5],"texture":"#2"},"down":{"uv":[9,2.75,8.25,3],"texture":"#2"}}},{"from":[8.35,0.01827,8.81066],"to":[10.85,3.01827,11.31066],"rotation":{"angle":0,"axis":"y","origin":[8,3.86827,6.06066]},"faces":{"north":{"uv":[7.5,5.75,8.25,6.5],"texture":"#2"},"east":{"uv":[7.5,6.5,8.25,7.25],"texture":"#2"},"south":{"uv":[7.75,7.25,8.5,8],"texture":"#2"},"west":{"uv":[8,0,8.75,0.75],"texture":"#2"},"up":{"uv":[8.75,1.5,8,0.75],"texture":"#2"},"down":{"uv":[3.75,8,3,8.75],"texture":"#2"}}},{"from":[6,0.74695,11.54594],"to":[10,4.74695,15.54594],"rotation":{"angle":22.5,"axis":"x","origin":[8,1.74695,14.54594]},"faces":{"north":{"uv":[6,4,7,5],"texture":"#2"},"east":{"uv":[6.5,1.5,7.5,2.5],"texture":"#2"},"south":{"uv":[3,7,4,8],"texture":"#2"},"west":{"uv":[7,4,8,5],"texture":"#2"},"up":{"uv":[1,8.25,0,7.25],"texture":"#2"},"down":{"uv":[5,7.25,4,8.25],"texture":"#2"}}},{"from":[4,0.75,1.75],"to":[5,10.75,8],"rotation":{"angle":-45,"axis":"x","origin":[8,12,5]},"faces":{"north":{"uv":[1,7.25,1.25,9.75],"texture":"#2"},"east":{"uv":[3,2.75,4.5,5.25],"texture":"#2"},"south":{"uv":[1.25,7.25,1.5,9.75],"texture":"#2"},"west":{"uv":[3.5,0,5,2.5],"texture":"#2"},"up":{"uv":[4,9.5,3.75,8],"texture":"#2"},"down":{"uv":[7.25,8,7,9.5],"texture":"#2"}}},{"from":[11,0.75,1.75],"to":[12,10.75,8],"rotation":{"angle":-45,"axis":"x","origin":[8,12,5]},"faces":{"north":{"uv":[5,7.25,5.25,9.75],"texture":"#2"},"east":{"uv":[4.5,2.5,6,5],"texture":"#2"},"south":{"uv":[5.25,7.25,5.5,9.75],"texture":"#2"},"west":{"uv":[5,0,6.5,2.5],"texture":"#2"},"up":{"uv":[7.5,9.5,7.25,8],"texture":"#2"},"down":{"uv":[7.75,8,7.5,9.5],"texture":"#2"}}},{"from":[7,8.25,0.75],"to":[9,12,3],"rotation":{"angle":0,"axis":"y","origin":[7,0,7]},"faces":{"north":{"uv":[8,3.75,8.5,4.75],"texture":"#2"},"east":{"uv":[5.5,8,6,9],"texture":"#2"},"south":{"uv":[6,8,6.5,9],"texture":"#2"},"west":{"uv":[6.5,8,7,9],"texture":"#2"},"up":{"uv":[8.25,8.5,7.75,8],"texture":"#2"},"down":{"uv":[0.5,8.25,0,8.75],"texture":"#2"}}},{"from":[1.75,6,2.75],"to":[1.75,21,4.25],"rotation":{"angle":-45,"axis":"y","origin":[1.5,7.5,6]},"faces":{"north":{"uv":[0,0,0,16],"texture":"#3"},"east":{"uv":[4.5,0,2.5,8],"texture":"#3"},"south":{"uv":[0,0,0,16],"texture":"#3"},"west":{"uv":[2.5,0,4.5,8],"texture":"#3"},"up":{"uv":[0,0,7,0],"rotation":270,"texture":"#3"},"down":{"uv":[0,0,7,0],"rotation":90,"texture":"#3"}}},{"from":[14.25,1,11.5],"to":[14.25,19,13.5],"rotation":{"angle":-45,"axis":"y","origin":[14.5,7.5,10]},"faces":{"north":{"uv":[0,0,0,16],"texture":"#3"},"east":{"uv":[11.5,0,13.5,8],"texture":"#3"},"south":{"uv":[0,0,0,16],"texture":"#3"},"west":{"uv":[13.5,0,11.5,8],"texture":"#3"},"up":{"uv":[7,0,0,0],"rotation":270,"texture":"#3"},"down":{"uv":[7,0,0,0],"rotation":90,"texture":"#3"}}},{"from":[1.75,3,11.5],"to":[1.75,21,13.5],"rotation":{"angle":45,"axis":"y","origin":[1.5,7.5,10]},"faces":{"north":{"uv":[0,0,0,16],"texture":"#3"},"east":{"uv":[11.5,8,13.5,16],"texture":"#3"},"south":{"uv":[0,0,0,16],"texture":"#3"},"west":{"uv":[13.5,8,11.5,16],"texture":"#3"},"up":{"uv":[7,0,0,0],"rotation":270,"texture":"#3"},"down":{"uv":[7,0,0,0],"rotation":90,"texture":"#3"}}},{"from":[14.25,3,2.5],"to":[14.25,21,4.5],"rotation":{"angle":45,"axis":"y","origin":[14.5,7.5,6]},"faces":{"north":{"uv":[0,0,0,16],"texture":"#3"},"east":{"uv":[4.5,8,2.5,16],"texture":"#3"},"south":{"uv":[0,0,0,16],"texture":"#3"},"west":{"uv":[2.5,8,4.5,16],"texture":"#3"},"up":{"uv":[0,0,7,0],"rotation":270,"texture":"#3"},"down":{"uv":[0,0,7,0],"rotation":90,"texture":"#3"}}}],"gui_light":"front","display":{"thirdperson_righthand":{"rotation":[61.23,4.49,0.46],"translation":[0,1.75,0.75],"scale":[0.5,0.5,0.5]},"thirdperson_lefthand":{"rotation":[61.23,4.49,0.46],"translation":[0,1.75,0.75],"scale":[0.5,0.5,0.5]},"firstperson_righthand":{"rotation":[-166,53.68,171.1],"translation":[0.75,3.75,-0.75],"scale":[0.58336,0.58336,0.58336]},"firstperson_lefthand":{"rotation":[-166,53.68,171.1],"translation":[0.75,3.75,-0.75],"scale":[0.58336,0.58336,0.58336]},"ground":{"rotation":[68,0,0],"translation":[0,1.5,0],"scale":[0.5,0.5,0.5]},"gui":{"rotation":[-170,30,-180],"translation":[0,-2,0],"scale":[0.62,0.62,0.62]},"head":{"rotation":[7,180,1],"translation":[0,-48.75,11.25],"scale":[1.6,1.6,1.6]},"fixed":{"rotation":[-90,0,0],"translation":[0,-0.25,-16.25],"scale":[2,2,2]}}}