{"credit":"By EliteCreatures","textures":{"2":"elitecreatures:collectibles_v5_16x/curious_meerkats_inside_16","3":"elitecreatures:collectibles_v5_16x/ef_curious_meerkats_long"},"elements":[{"from":[4.5,13.5,4.5],"to":[11.5,20.5,11.5],"rotation":{"angle":0,"axis":"y","origin":[7,0,7]},"faces":{"north":{"uv":[0,3.5,1.75,5.25],"texture":"#2"},"east":{"uv":[5.75,0,4,1.75],"texture":"#2"},"south":{"uv":[3.5,3.5,5.25,5.25],"texture":"#2"},"west":{"uv":[4,0,5.75,1.75],"texture":"#2"},"up":{"uv":[5.75,3.5,4,1.75],"texture":"#2"},"down":{"uv":[1.75,5.25,0,7],"texture":"#2"}}},{"from":[5,9.5,5],"to":[11,13.5,11],"rotation":{"angle":0,"axis":"y","origin":[7,0,7]},"faces":{"north":{"uv":[5.75,1.5,7.25,2.5],"texture":"#2"},"east":{"uv":[8.25,4.25,6.75,5.25],"texture":"#2"},"south":{"uv":[5.25,5.75,6.75,6.75],"texture":"#2"},"west":{"uv":[6.75,4.25,8.25,5.25],"texture":"#2"},"up":{"uv":[6.75,5.75,5.25,4.25],"texture":"#2"},"down":{"uv":[7.25,0,5.75,1.5],"texture":"#2"}}},{"from":[4.19396,6.68873,4.5],"to":[5.94396,13.68873,6.5],"rotation":{"angle":22.5,"axis":"x","origin":[5.06896,9.93873,5]},"faces":{"north":{"uv":[3,7,3.5,8.75],"texture":"#2"},"east":{"uv":[3.5,7,4,8.75],"texture":"#2"},"south":{"uv":[4,7,4.5,8.75],"texture":"#2"},"west":{"uv":[4.5,7,5,8.75],"texture":"#2"},"up":{"uv":[10,1,9.5,0.5],"texture":"#2"},"down":{"uv":[10,3.5,9.5,4],"texture":"#2"}}},{"from":[4.25,2.5,5],"to":[11.75,9.5,11.75],"rotation":{"angle":0,"axis":"y","origin":[7,0,7]},"faces":{"north":{"uv":[0,0,2,1.75],"texture":"#2"},"east":{"uv":[1.75,5.25,3.5,7],"texture":"#2"},"south":{"uv":[0,1.75,2,3.5],"texture":"#2"},"west":{"uv":[3.5,5.25,5.25,7],"texture":"#2"},"up":{"uv":[4,1.75,2,0],"texture":"#2"},"down":{"uv":[4,1.75,2,3.5],"texture":"#2"}}},{"from":[6.492,2.492,9.492],"to":[9.508,5.508,13.758],"rotation":{"angle":45,"axis":"x","origin":[8,4,12.75]},"faces":{"north":{"uv":[5.75,7.75,6.5,8.5],"texture":"#2"},"east":{"uv":[7.75,1.75,8.75,2.5],"texture":"#2"},"south":{"uv":[7.75,6.25,8.5,7],"texture":"#2"},"west":{"uv":[7.75,2.5,8.75,3.25],"texture":"#2"},"up":{"uv":[5.75,8.75,5,7.75],"texture":"#2"},"down":{"uv":[8.5,5.25,7.75,6.25],"texture":"#2"}}},{"from":[6.494,1.84755,11.51177],"to":[9.506,4.35955,14.52377],"rotation":{"angle":0,"axis":"y","origin":[8,2.22855,13.01777]},"faces":{"north":{"uv":[9,1,9.75,1.5],"texture":"#2"},"east":{"uv":[9,4.5,9.75,5],"texture":"#2"},"south":{"uv":[7.75,9,8.5,9.5],"texture":"#2"},"west":{"uv":[8.5,9,9.25,9.5],"texture":"#2"},"up":{"uv":[7.25,8.5,6.5,7.75],"texture":"#2"},"down":{"uv":[8.5,7,7.75,7.75],"texture":"#2"}}},{"from":[7.19454,0.53033,11.51777],"to":[9.79454,3.28033,14.51777],"rotation":{"angle":-45,"axis":"z","origin":[8.44454,2.03033,13.01777]},"faces":{"north":{"uv":[7.75,7.75,8.5,8.5],"texture":"#2"},"east":{"uv":[0,8,0.75,8.75],"texture":"#2"},"south":{"uv":[0.75,8,1.5,8.75],"texture":"#2"},"west":{"uv":[1.5,8,2.25,8.75],"texture":"#2"},"up":{"uv":[3,8.75,2.25,8],"texture":"#2"},"down":{"uv":[9,0,8.25,0.75],"texture":"#2"}}},{"from":[8.33448,0.01108,11.51377],"to":[11.09248,2.76908,14.52177],"rotation":{"angle":0,"axis":"y","origin":[9.58848,1.46508,13.01777]},"faces":{"north":{"uv":[8.25,0.75,9,1.5],"texture":"#2"},"east":{"uv":[8.25,4.25,9,5],"texture":"#2"},"south":{"uv":[8.5,5,9.25,5.75],"texture":"#2"},"west":{"uv":[5.75,8.5,6.5,9.25],"texture":"#2"},"up":{"uv":[9.25,6.5,8.5,5.75],"texture":"#2"},"down":{"uv":[7.25,8.5,6.5,9.25],"texture":"#2"}}},{"from":[9.62309,0.01308,11.73283],"to":[12.37709,2.26708,13.98683],"rotation":{"angle":45,"axis":"y","origin":[11.00009,1.39008,12.48483]},"faces":{"north":{"uv":[9.25,1.5,10,2],"texture":"#2"},"east":{"uv":[9.5,4,10,4.5],"texture":"#2"},"south":{"uv":[9.25,2,10,2.5],"texture":"#2"},"west":{"uv":[9.5,6.25,10,6.75],"texture":"#2"},"up":{"uv":[10,3,9.25,2.5],"texture":"#2"},"down":{"uv":[10,3,9.25,3.5],"texture":"#2"}}},{"from":[10.3271,0.01508,9.1358],"to":[11.8271,1.51508,11.8858],"rotation":{"angle":-22.5,"axis":"y","origin":[10.7021,1.14008,15.2608]},"faces":{"north":{"uv":[9.5,6.75,10,7.25],"texture":"#2"},"east":{"uv":[9.25,5,10,5.5],"texture":"#2"},"south":{"uv":[9.5,7.25,10,7.75],"texture":"#2"},"west":{"uv":[5.5,9.25,6.25,9.75],"texture":"#2"},"up":{"uv":[9.75,6.25,9.25,5.5],"texture":"#2"},"down":{"uv":[6.75,9.25,6.25,10],"texture":"#2"}}},{"from":[3.25,3,5.375],"to":[5.25,7,9.375],"rotation":{"angle":-45,"axis":"x","origin":[3.75,6,8.375]},"faces":{"north":{"uv":[8.75,1.5,9.25,2.5],"texture":"#2"},"east":{"uv":[6.25,6.75,7.25,7.75],"texture":"#2"},"south":{"uv":[2,8.75,2.5,9.75],"texture":"#2"},"west":{"uv":[0,7,1,8],"texture":"#2"},"up":{"uv":[3,9.75,2.5,8.75],"texture":"#2"},"down":{"uv":[9.25,2.5,8.75,3.5],"texture":"#2"}}},{"from":[3.5,0,7.5],"to":[5,3.5,9.25],"rotation":{"angle":0,"axis":"y","origin":[7,0,7]},"faces":{"north":{"uv":[0,8.75,0.5,9.75],"texture":"#2"},"east":{"uv":[0.5,8.75,1,9.75],"texture":"#2"},"south":{"uv":[1,8.75,1.5,9.75],"texture":"#2"},"west":{"uv":[1.5,8.75,2,9.75],"texture":"#2"},"up":{"uv":[7.25,6.75,6.75,6.25],"texture":"#2"},"down":{"uv":[9.75,8.75,9.25,9.25],"texture":"#2"}}},{"from":[3.5,0,6],"to":[5,1,7.5],"rotation":{"angle":0,"axis":"y","origin":[7,0,7]},"faces":{"north":{"uv":[8.25,3.25,8.75,3.5],"texture":"#2"},"east":{"uv":[9,7.25,9.5,7.5],"texture":"#2"},"south":{"uv":[9.5,7.75,10,8],"texture":"#2"},"west":{"uv":[9.75,1,10.25,1.25],"texture":"#2"},"up":{"uv":[9.75,9.75,9.25,9.25],"texture":"#2"},"down":{"uv":[10,0,9.5,0.5],"texture":"#2"}}},{"from":[2.5,17,7],"to":[4.5,20,8],"rotation":{"angle":0,"axis":"y","origin":[6,19,5]},"faces":{"north":{"uv":[9,6.5,9.5,7.25],"texture":"#2"},"east":{"uv":[5,7,5.25,7.75],"texture":"#2"},"south":{"uv":[7.25,9,7.75,9.75],"texture":"#2"},"west":{"uv":[1.5,9.75,1.75,10.5],"texture":"#2"},"up":{"uv":[8.25,3.5,7.75,3.25],"texture":"#2"},"down":{"uv":[8.75,1.5,8.25,1.75],"texture":"#2"}}},{"from":[11,0,6],"to":[12.5,1,7.5],"rotation":{"angle":0,"axis":"y","origin":[9,0,7]},"faces":{"north":{"uv":[2.75,9.75,3.25,10],"texture":"#2"},"east":{"uv":[3.25,9.75,3.75,10],"texture":"#2"},"south":{"uv":[3.75,9.75,4.25,10],"texture":"#2"},"west":{"uv":[4.25,9.75,4.75,10],"texture":"#2"},"up":{"uv":[1,10.25,0.5,9.75],"texture":"#2"},"down":{"uv":[1.5,9.75,1,10.25],"texture":"#2"}}},{"from":[11,0,7.5],"to":[12.5,3.5,9.25],"rotation":{"angle":0,"axis":"y","origin":[9,0,7]},"faces":{"north":{"uv":[5,8.75,5.5,9.75],"texture":"#2"},"east":{"uv":[8.75,8,9.25,9],"texture":"#2"},"south":{"uv":[9,0,9.5,1],"texture":"#2"},"west":{"uv":[9,3.5,9.5,4.5],"texture":"#2"},"up":{"uv":[9.25,10,8.75,9.5],"texture":"#2"},"down":{"uv":[0.5,9.75,0,10.25],"texture":"#2"}}},{"from":[10.75,3,5.375],"to":[12.75,7,9.375],"rotation":{"angle":-45,"axis":"x","origin":[12.25,6,8.375]},"faces":{"north":{"uv":[3,8.75,3.5,9.75],"texture":"#2"},"east":{"uv":[1,7,2,8],"texture":"#2"},"south":{"uv":[3.5,8.75,4,9.75],"texture":"#2"},"west":{"uv":[2,7,3,8],"texture":"#2"},"up":{"uv":[4.5,9.75,4,8.75],"texture":"#2"},"down":{"uv":[5,8.75,4.5,9.75],"texture":"#2"}}},{"from":[10.05604,6.68873,4.5],"to":[11.80604,13.68873,6.5],"rotation":{"angle":22.5,"axis":"x","origin":[10.93104,9.93873,5]},"faces":{"north":{"uv":[7.25,0,7.75,1.75],"texture":"#2"},"east":{"uv":[7.25,1.75,7.75,3.5],"texture":"#2"},"south":{"uv":[7.25,6.25,7.75,8],"texture":"#2"},"west":{"uv":[7.75,0,8.25,1.75],"texture":"#2"},"up":{"uv":[8.25,10,7.75,9.5],"texture":"#2"},"down":{"uv":[8.75,9.5,8.25,10],"texture":"#2"}}},{"from":[11.5,17,7],"to":[13.5,20,8],"rotation":{"angle":0,"axis":"y","origin":[10,19,5]},"faces":{"north":{"uv":[6.75,9.25,7.25,10],"texture":"#2"},"east":{"uv":[1.75,9.75,2,10.5],"texture":"#2"},"south":{"uv":[9.25,8,9.75,8.75],"texture":"#2"},"west":{"uv":[2,9.75,2.25,10.5],"texture":"#2"},"up":{"uv":[10.25,1.5,9.75,1.25],"texture":"#2"},"down":{"uv":[2.75,9.75,2.25,10],"texture":"#2"}}},{"from":[6,13.5,2.5],"to":[10,17.5,4.5],"rotation":{"angle":0,"axis":"y","origin":[7,0,7]},"faces":{"north":{"uv":[5.25,6.75,6.25,7.75],"texture":"#2"},"east":{"uv":[7.25,8,7.75,9],"texture":"#2"},"south":{"uv":[6.75,5.25,7.75,6.25],"texture":"#2"},"west":{"uv":[8.5,6.5,9,7.5],"texture":"#2"},"up":{"uv":[9.5,8,8.5,7.5],"texture":"#2"},"down":{"uv":[8.75,8.5,7.75,9],"texture":"#2"}}},{"from":[1.5,14.5,6.75],"to":[5,21,6.75],"rotation":{"angle":22.5,"axis":"z","origin":[4,17.5,4]},"faces":{"north":{"uv":[2,1,5.5,8],"texture":"#3"},"east":{"uv":[0,0,0,11],"texture":"#3"},"south":{"uv":[5.5,1,2,8],"texture":"#3"},"west":{"uv":[0,0,0,11],"texture":"#3"},"up":{"uv":[0,0,8,0],"texture":"#3"},"down":{"uv":[0,0,8,0],"texture":"#3"}}},{"from":[13.5,10.5,6],"to":[17,17,6],"rotation":{"angle":-22.5,"axis":"z","origin":[12,17.5,4]},"faces":{"north":{"uv":[10.5,1,14,8],"texture":"#3"},"east":{"uv":[0,0,0,11],"texture":"#3"},"south":{"uv":[14,1,10.5,8],"texture":"#3"},"west":{"uv":[0,0,0,11],"texture":"#3"},"up":{"uv":[8,0,0,0],"texture":"#3"},"down":{"uv":[8,0,0,0],"texture":"#3"}}},{"from":[-3,5.5,4],"to":[0.5,12,4],"rotation":{"angle":22.5,"axis":"z","origin":[4,17.5,4]},"faces":{"north":{"uv":[2,9,5.5,16],"texture":"#3"},"east":{"uv":[0,0,0,11],"texture":"#3"},"south":{"uv":[5.5,9,2,16],"texture":"#3"},"west":{"uv":[0,0,0,11],"texture":"#3"},"up":{"uv":[0,0,8,0],"texture":"#3"},"down":{"uv":[0,0,8,0],"texture":"#3"}}}],"gui_light":"front","display":{"thirdperson_righthand":{"rotation":[61.23,4.49,0.46],"translation":[0,1.75,0.75],"scale":[0.5,0.5,0.5]},"thirdperson_lefthand":{"rotation":[61.23,4.49,0.46],"translation":[0,1.75,0.75],"scale":[0.5,0.5,0.5]},"firstperson_righthand":{"rotation":[-166,53.68,171.1],"translation":[0.75,3.75,-0.75],"scale":[0.58336,0.58336,0.58336]},"firstperson_lefthand":{"rotation":[-166,53.68,171.1],"translation":[0.75,3.75,-0.75],"scale":[0.58336,0.58336,0.58336]},"ground":{"rotation":[68,0,0],"translation":[0,1.5,0],"scale":[0.5,0.5,0.5]},"gui":{"rotation":[-170,30,-180],"translation":[0,-2,0],"scale":[0.62,0.62,0.62]},"head":{"rotation":[7,180,1],"translation":[0,-60,11.25],"scale":[1.6,1.6,1.6]},"fixed":{"rotation":[-90,0,0],"translation":[0,-0.25,-16.25],"scale":[2,2,2]}}}