{"credit":"By EliteCreatures","textures":{"2":"elitecreatures:collectibles_v5_16x/squeaky_guinea_pigs_inside_16"},"elements":[{"from":[5,1.5,4],"to":[11,6.5,13],"rotation":{"angle":0,"axis":"y","origin":[9,0,9]},"faces":{"north":{"uv":[3.5,5,5,6.25],"texture":"#2"},"east":{"uv":[0,2.25,2.25,3.5],"texture":"#2"},"south":{"uv":[5,5,6.5,6.25],"texture":"#2"},"west":{"uv":[2.25,2.25,4.5,3.5],"texture":"#2"},"up":{"uv":[1.5,2.25,0,0],"texture":"#2"},"down":{"uv":[3,0,1.5,2.25],"texture":"#2"}}},{"from":[5,5.27953,5.44648],"to":[6,8.27953,9.69648],"rotation":{"angle":-22.5,"axis":"y","origin":[4.25,7.77953,4.94648]},"faces":{"north":{"uv":[1.5,7.5,1.75,8.25],"texture":"#2"},"east":{"uv":[3,6.25,4,7],"texture":"#2"},"south":{"uv":[1.75,7.5,2,8.25],"texture":"#2"},"west":{"uv":[4,6.25,5,7],"texture":"#2"},"up":{"uv":[3.75,8,3.5,7],"texture":"#2"},"down":{"uv":[4,7,3.75,8],"texture":"#2"}}},{"from":[7,8.69374,1.05384],"to":[9,9.69374,2.80384],"rotation":{"angle":0,"axis":"y","origin":[8,9.19374,0.70384]},"faces":{"north":{"uv":[5.5,2,6,2.25],"texture":"#2"},"east":{"uv":[6,4.75,6.5,5],"texture":"#2"},"south":{"uv":[6.25,3.25,6.75,3.5],"texture":"#2"},"west":{"uv":[6.5,6,7,6.25],"texture":"#2"},"up":{"uv":[7.5,2,7,1.5],"texture":"#2"},"down":{"uv":[3.5,7,3,7.5],"texture":"#2"}}},{"from":[5,0,4],"to":[6.75,1.5,5.5],"rotation":{"angle":0,"axis":"y","origin":[9,0,9]},"faces":{"north":{"uv":[6.5,1.5,7,2],"texture":"#2"},"east":{"uv":[6.5,5.5,7,6],"texture":"#2"},"south":{"uv":[6.75,0,7.25,0.5],"texture":"#2"},"west":{"uv":[6.75,3.25,7.25,3.75],"texture":"#2"},"up":{"uv":[7.25,4.25,6.75,3.75],"texture":"#2"},"down":{"uv":[7.25,4.25,6.75,4.75],"texture":"#2"}}},{"from":[9.25,0,4],"to":[11,1.5,5.5],"rotation":{"angle":0,"axis":"y","origin":[7,0,9]},"faces":{"north":{"uv":[4.5,7,5,7.5],"texture":"#2"},"east":{"uv":[5,7,5.5,7.5],"texture":"#2"},"south":{"uv":[5.5,7,6,7.5],"texture":"#2"},"west":{"uv":[7,5.5,7.5,6],"texture":"#2"},"up":{"uv":[6.5,7.5,6,7],"texture":"#2"},"down":{"uv":[7.5,6,7,6.5],"texture":"#2"}}},{"from":[5,0,11],"to":[6.75,1.5,12.5],"rotation":{"angle":0,"axis":"y","origin":[9,0,9]},"faces":{"north":{"uv":[7.25,3.25,7.75,3.75],"texture":"#2"},"east":{"uv":[7.25,3.75,7.75,4.25],"texture":"#2"},"south":{"uv":[7.25,4.25,7.75,4.75],"texture":"#2"},"west":{"uv":[7.25,4.75,7.75,5.25],"texture":"#2"},"up":{"uv":[0.5,8,0,7.5],"texture":"#2"},"down":{"uv":[1,7.5,0.5,8],"texture":"#2"}}},{"from":[9.25,0,11],"to":[11,1.5,12.5],"rotation":{"angle":0,"axis":"y","origin":[7,0,9]},"faces":{"north":{"uv":[6.5,7,7,7.5],"texture":"#2"},"east":{"uv":[7,6.5,7.5,7],"texture":"#2"},"south":{"uv":[7,7,7.5,7.5],"texture":"#2"},"west":{"uv":[7.25,0,7.75,0.5],"texture":"#2"},"up":{"uv":[7.75,1,7.25,0.5],"texture":"#2"},"down":{"uv":[7.75,1,7.25,1.5],"texture":"#2"}}},{"from":[10,5.27953,5.44648],"to":[11,8.27953,9.69648],"rotation":{"angle":22.5,"axis":"y","origin":[11.75,7.77953,4.94648]},"faces":{"north":{"uv":[2,7.5,2.25,8.25],"texture":"#2"},"east":{"uv":[5,6.25,6,7],"texture":"#2"},"south":{"uv":[2.25,7.5,2.5,8.25],"texture":"#2"},"west":{"uv":[6,6.25,7,7],"texture":"#2"},"up":{"uv":[4.25,8,4,7],"texture":"#2"},"down":{"uv":[4.5,7,4.25,8],"texture":"#2"}}},{"from":[4.75,4.92597,0.88582],"to":[11.25,9.92597,6.88582],"rotation":{"angle":45,"axis":"x","origin":[8,7.42597,3.88582]},"faces":{"north":{"uv":[0,5,1.75,6.25],"texture":"#2"},"east":{"uv":[1.5,6.25,3,7.5],"texture":"#2"},"south":{"uv":[1.75,5,3.5,6.25],"texture":"#2"},"west":{"uv":[6.25,2,7.75,3.25],"texture":"#2"},"up":{"uv":[3.5,5,1.75,3.5],"texture":"#2"},"down":{"uv":[5.25,3.5,3.5,5],"texture":"#2"}}},{"from":[6.5,2,13],"to":[9.5,5,14],"rotation":{"angle":0,"axis":"y","origin":[9,0,9]},"faces":{"north":{"uv":[6.5,0.75,7.25,1.5],"texture":"#2"},"east":{"uv":[1,7.5,1.25,8.25],"texture":"#2"},"south":{"uv":[6.5,4.75,7.25,5.5],"texture":"#2"},"west":{"uv":[1.25,7.5,1.5,8.25],"texture":"#2"},"up":{"uv":[5.5,2.25,4.75,2],"texture":"#2"},"down":{"uv":[6,4.75,5.25,5],"texture":"#2"}}}],"gui_light":"front","display":{"thirdperson_righthand":{"rotation":[61.23,4.49,0.46],"translation":[0,1.75,0.75],"scale":[0.5,0.5,0.5]},"thirdperson_lefthand":{"rotation":[61.23,4.49,0.46],"translation":[0,1.75,0.75],"scale":[0.5,0.5,0.5]},"firstperson_righthand":{"rotation":[-166,53.68,171.1],"translation":[0.75,3.75,-0.75],"scale":[0.58336,0.58336,0.58336]},"firstperson_lefthand":{"rotation":[-166,53.68,171.1],"translation":[0.75,3.75,-0.75],"scale":[0.58336,0.58336,0.58336]},"ground":{"rotation":[68,0,0],"translation":[0,1.5,0],"scale":[0.5,0.5,0.5]},"gui":{"rotation":[-170,30,-180],"translation":[0,-2,0],"scale":[0.62,0.62,0.62]},"head":{"rotation":[7,180,1],"translation":[0,-60,11.25],"scale":[1.6,1.6,1.6]},"fixed":{"rotation":[-90,0,0],"translation":[0,-0.25,-16.25],"scale":[2,2,2]}}}