{"credit":"By EliteCreatures","textures":{"2":"elitecreatures:collectibles_v5_16x/silly_penguins_inside_16","3":"elitecreatures:collectibles_v5_16x/ef_silly_penguins_long"},"elements":[{"from":[3.5,1,4],"to":[12.5,11,12],"rotation":{"angle":0,"axis":"y","origin":[7,0,7]},"faces":{"north":{"uv":[0,0,2.25,2.5],"texture":"#2"},"east":{"uv":[0,2.5,2,5],"texture":"#2"},"south":{"uv":[2.25,0,4.5,2.5],"texture":"#2"},"west":{"uv":[2,2.5,4,5],"texture":"#2"},"up":{"uv":[6.25,4.5,4,2.5],"texture":"#2"},"down":{"uv":[6.75,0,4.5,2],"texture":"#2"}}},{"from":[3.5,0,4],"to":[6.5,1,10],"rotation":{"angle":22.5,"axis":"y","origin":[5,0.5,7]},"faces":{"north":{"uv":[5.5,2,6.25,2.25],"texture":"#2"},"east":{"uv":[8.5,4.25,10,4.5],"texture":"#2"},"south":{"uv":[5.5,2.25,6.25,2.5],"texture":"#2"},"west":{"uv":[8.5,4.5,10,4.75],"texture":"#2"},"up":{"uv":[3,6.5,2.25,5],"texture":"#2"},"down":{"uv":[3.75,5,3,6.5],"texture":"#2"}}},{"from":[9.5,0,4],"to":[12.5,1,10],"rotation":{"angle":-22.5,"axis":"y","origin":[11,0.5,7]},"faces":{"north":{"uv":[6.25,8.5,7,8.75],"texture":"#2"},"east":{"uv":[4.75,8.5,6.25,8.75],"texture":"#2"},"south":{"uv":[8.75,0,9.5,0.25],"texture":"#2"},"west":{"uv":[8.5,4.75,10,5],"texture":"#2"},"up":{"uv":[2.25,8.5,1.5,7],"texture":"#2"},"down":{"uv":[8,7.25,7.25,8.75],"texture":"#2"}}},{"from":[1.91218,3.01747,5],"to":[3.41218,11.01747,11],"rotation":{"angle":-22.5,"axis":"z","origin":[2.66218,7.01747,8]},"faces":{"north":{"uv":[2.25,8,2.75,10],"texture":"#2"},"east":{"uv":[4.25,6.5,5.75,8.5],"texture":"#2"},"south":{"uv":[2.75,8,3.25,10],"texture":"#2"},"west":{"uv":[5.75,6.5,7.25,8.5],"texture":"#2"},"up":{"uv":[8.75,1.5,8.25,0],"texture":"#2"},"down":{"uv":[8.75,5,8.25,6.5],"texture":"#2"}}},{"from":[12.58782,3.01747,5],"to":[14.08782,11.01747,11],"rotation":{"angle":22.5,"axis":"z","origin":[13.33782,7.01747,8]},"faces":{"north":{"uv":[3.25,8,3.75,10],"texture":"#2"},"east":{"uv":[6.75,0,8.25,2],"texture":"#2"},"south":{"uv":[3.75,8,4.25,10],"texture":"#2"},"west":{"uv":[0,7,1.5,9],"texture":"#2"},"up":{"uv":[2,10,1.5,8.5],"texture":"#2"},"down":{"uv":[9,1.5,8.5,3],"texture":"#2"}}},{"from":[3.5,11,4],"to":[12.5,17,12],"rotation":{"angle":0,"axis":"y","origin":[7,0,7]},"faces":{"north":{"uv":[6.25,2,8.5,3.5],"texture":"#2"},"east":{"uv":[6.25,5,8.25,6.5],"texture":"#2"},"south":{"uv":[6.25,3.5,8.5,5],"texture":"#2"},"west":{"uv":[2.25,6.5,4.25,8],"texture":"#2"},"up":{"uv":[6.25,6.5,4,4.5],"texture":"#2"},"down":{"uv":[2.25,5,0,7],"texture":"#2"}}},{"from":[6.25,11,2.25],"to":[9.75,13.5,4],"rotation":{"angle":0,"axis":"y","origin":[7,0,7]},"faces":{"north":{"uv":[8,7.25,9,8],"texture":"#2"},"east":{"uv":[8.5,3.5,9,4.25],"texture":"#2"},"south":{"uv":[8,8,9,8.75],"texture":"#2"},"west":{"uv":[4.25,8.5,4.75,9.25],"texture":"#2"},"up":{"uv":[5.5,2.5,4.5,2],"texture":"#2"},"down":{"uv":[9.5,3,8.5,3.5],"texture":"#2"}}},{"from":[10.25,14.5,3],"to":[14.25,21.5,3],"rotation":{"angle":-45,"axis":"y","origin":[12.25,18,4]},"faces":{"north":{"uv":[0,0,4,8],"texture":"#3"},"east":{"uv":[0,0,0,11],"texture":"#3"},"south":{"uv":[4,0,0,8],"texture":"#3"},"west":{"uv":[0,0,0,11],"texture":"#3"},"up":{"uv":[0,0,8,0],"texture":"#3"},"down":{"uv":[0,0,8,0],"texture":"#3"}}},{"from":[2.5,11.5,13],"to":[5,16.5,13],"rotation":{"angle":-45,"axis":"y","origin":[3.75,18,12]},"faces":{"north":{"uv":[4,0,0,8],"texture":"#3"},"east":{"uv":[0,0,0,11],"texture":"#3"},"south":{"uv":[0,0,4,8],"texture":"#3"},"west":{"uv":[0,0,0,11],"texture":"#3"},"up":{"uv":[8,0,0,0],"texture":"#3"},"down":{"uv":[8,0,0,0],"texture":"#3"}}},{"from":[1,7,4],"to":[4,10,4],"rotation":{"angle":45,"axis":"y","origin":[2.5,11.5,3.25]},"faces":{"north":{"uv":[12,0,16,4],"texture":"#3"},"east":{"uv":[0,0,0,7],"texture":"#3"},"south":{"uv":[16,0,12,4],"texture":"#3"},"west":{"uv":[0,0,0,7],"texture":"#3"},"up":{"uv":[0,0,5,0],"texture":"#3"},"down":{"uv":[0,0,5,0],"texture":"#3"}}},{"from":[12,1.5,12],"to":[15,4.5,12],"rotation":{"angle":45,"axis":"y","origin":[13.5,11.5,12.75]},"faces":{"north":{"uv":[16,0,12,4],"texture":"#3"},"east":{"uv":[0,0,0,7],"texture":"#3"},"south":{"uv":[12,0,16,4],"texture":"#3"},"west":{"uv":[0,0,0,7],"texture":"#3"},"up":{"uv":[5,0,0,0],"texture":"#3"},"down":{"uv":[5,0,0,0],"texture":"#3"}}},{"from":[4.25,18.75,5],"to":[11.75,20.25,5],"rotation":{"angle":0,"axis":"y","origin":[8,2.5,8]},"faces":{"north":{"uv":[2.5,13,7.5,14],"texture":"#3"},"east":{"uv":[0,0,0,5],"texture":"#3"},"south":{"uv":[7.5,13,2.5,14],"texture":"#3"},"west":{"uv":[0,0,0,5],"texture":"#3"},"up":{"uv":[0,0,14,0],"texture":"#3"},"down":{"uv":[0,0,14,0],"texture":"#3"}}}],"gui_light":"front","display":{"thirdperson_righthand":{"rotation":[61.23,4.49,0.46],"translation":[0,1.75,0.75],"scale":[0.5,0.5,0.5]},"thirdperson_lefthand":{"rotation":[61.23,4.49,0.46],"translation":[0,1.75,0.75],"scale":[0.5,0.5,0.5]},"firstperson_righthand":{"rotation":[-166,53.68,171.1],"translation":[0.75,3.75,-0.75],"scale":[0.58336,0.58336,0.58336]},"firstperson_lefthand":{"rotation":[-166,53.68,171.1],"translation":[0.75,3.75,-0.75],"scale":[0.58336,0.58336,0.58336]},"ground":{"rotation":[68,0,0],"translation":[0,1.5,0],"scale":[0.5,0.5,0.5]},"gui":{"rotation":[-170,30,-180],"translation":[0,-2,0],"scale":[0.62,0.62,0.62]},"head":{"rotation":[7,180,1],"translation":[0,-48.75,11.25],"scale":[1.6,1.6,1.6]},"fixed":{"rotation":[-90,0,0],"translation":[0,-0.25,-16.25],"scale":[2,2,2]}}}