{"credit":"MadebyPolygonMC","texture_size":[8,8],"textures":{"1":"noraset:animations/animations_1","4":"noraset:axe","particle":"noraset:animations/animations_1"},"elements":[{"from":[7.5,1,7.5],"to":[8.5,2,8.5],"rotation":{"angle":0,"axis":"y","origin":[7.5,0,7.5]},"faces":{"north":{"uv":[2.66667,9.33333,2,10],"texture":"#4"},"east":{"uv":[2,9.33333,2.66667,10],"texture":"#4"},"south":{"uv":[2.66667,9.33333,2,10],"texture":"#4"},"west":{"uv":[2,9.33333,2.66667,10],"texture":"#4"},"up":{"uv":[3.33333,10,2.66667,9.33333],"texture":"#4"},"down":{"uv":[4,9.33333,3.33333,10],"texture":"#4"}}},{"from":[7.4,0.5,7.4],"to":[8.6,1,8.6],"rotation":{"angle":0,"axis":"y","origin":[7.5,-1,7.5]},"faces":{"north":{"uv":[10,10.66667,10.66667,11],"texture":"#4"},"east":{"uv":[10.66667,10,11.33333,10.33333],"texture":"#4"},"south":{"uv":[10.66667,10.66667,11.33333,11],"texture":"#4"},"west":{"uv":[0,11.33333,0.66667,11.66667],"texture":"#4"},"up":{"uv":[10.66667,1.33333,10,0.66667],"texture":"#4"},"down":{"uv":[2,10,1.33333,10.66667],"texture":"#4"}}},{"from":[7.4,10.2,7.4],"to":[8.6,10.95,8.6],"rotation":{"angle":0,"axis":"y","origin":[7.5,8.7,7.5]},"faces":{"north":{"uv":[10,2.66667,10.66667,3.33333],"texture":"#4"},"east":{"uv":[3.33333,10,4,10.66667],"texture":"#4"},"south":{"uv":[10,3.33333,10.66667,4],"texture":"#4"},"west":{"uv":[4,10,4.66667,10.66667],"texture":"#4"},"up":{"uv":[10.66667,4.66667,10,4],"texture":"#4"},"down":{"uv":[5.33333,10,4.66667,10.66667],"texture":"#4"}}},{"from":[7.47,-0.28,7.47],"to":[8.53,0.78,8.53],"rotation":{"angle":-45,"axis":"x","origin":[8,0.25,8]},"faces":{"north":{"uv":[9.33333,6.66667,10,7.33333],"texture":"#4"},"east":{"uv":[9.33333,7.33333,10,8],"texture":"#4"},"south":{"uv":[9.33333,8,10,8.66667],"texture":"#4"},"west":{"uv":[9.33333,8.66667,10,9.33333],"texture":"#4"},"up":{"uv":[10,10,9.33333,9.33333],"texture":"#4"},"down":{"uv":[10.66667,0,10,0.66667],"texture":"#4"}}},{"from":[7.4,2,7.4],"to":[8.6,3.2,8.6],"rotation":{"angle":0,"axis":"y","origin":[7.5,0.1,7.5]},"faces":{"north":{"uv":[9.33333,4,10,4.66667],"texture":"#4"},"east":{"uv":[4.66667,9.33333,5.33333,10],"texture":"#4"},"south":{"uv":[9.33333,4.66667,10,5.33333],"texture":"#4"},"west":{"uv":[5.33333,9.33333,6,10],"texture":"#4"},"up":{"uv":[10,6,9.33333,5.33333],"texture":"#4"},"down":{"uv":[10,6,9.33333,6.66667],"texture":"#4"}}},{"from":[7.5,3.2,7.5],"to":[8.5,5.2,8.5],"rotation":{"angle":0,"axis":"y","origin":[7.5,0.2,7.5]},"faces":{"north":{"uv":[7.33333,6.66667,6.66667,8],"texture":"#4"},"east":{"uv":[6.66667,6.66667,7.33333,8],"texture":"#4"},"south":{"uv":[7.33333,6.66667,6.66667,8],"texture":"#4"},"west":{"uv":[6.66667,6.66667,7.33333,8],"texture":"#4"},"up":{"uv":[10,4,9.33333,3.33333],"texture":"#4"},"down":{"uv":[4.66667,9.33333,4,10],"texture":"#4"}}},{"from":[7.5,7.2,7.5],"to":[8.5,9.2,8.5],"rotation":{"angle":0,"axis":"y","origin":[7.5,6.2,7.5]},"faces":{"north":{"uv":[0.66667,8,0,9.33333],"texture":"#4"},"east":{"uv":[0,8,0.66667,9.33333],"texture":"#4"},"south":{"uv":[0.66667,8,0,9.33333],"texture":"#4"},"west":{"uv":[0,8,0.66667,9.33333],"texture":"#4"},"up":{"uv":[10.66667,2.66667,10,2],"texture":"#4"},"down":{"uv":[3.33333,10,2.66667,10.66667],"texture":"#4"}}},{"from":[7.6,9.2,7.6],"to":[8.4,10.2,8.4],"rotation":{"angle":0,"axis":"y","origin":[7.5,8.2,7.5]},"faces":{"north":{"uv":[11.33333,0.66667,10.66667,1.33333],"texture":"#4"},"east":{"uv":[10.66667,0.66667,11.33333,1.33333],"texture":"#4"},"south":{"uv":[11.33333,0.66667,10.66667,1.33333],"texture":"#4"},"west":{"uv":[10.66667,0.66667,11.33333,1.33333],"texture":"#4"},"up":{"uv":[2,11.33333,1.33333,10.66667],"texture":"#4"},"down":{"uv":[11.33333,1.33333,10.66667,2],"texture":"#4"}}},{"from":[7.6,5.2,7.6],"to":[8.4,7.2,8.4],"rotation":{"angle":0,"axis":"y","origin":[7.5,2.2,7.5]},"faces":{"north":{"uv":[4,7.33333,3.33333,8.66667],"texture":"#4"},"east":{"uv":[3.33333,7.33333,4,8.66667],"texture":"#4"},"south":{"uv":[4,7.33333,3.33333,8.66667],"texture":"#4"},"west":{"uv":[3.33333,7.33333,4,8.66667],"texture":"#4"},"up":{"uv":[10.66667,2,10,1.33333],"texture":"#4"},"down":{"uv":[2.66667,10,2,10.66667],"texture":"#4"}}},{"from":[7.875,11.03921,2.39137],"to":[8.125,13.28921,4.64137],"rotation":{"angle":0,"axis":"x","origin":[8,12.16421,3.51637]},"faces":{"north":{"uv":[8.66667,3.33333,9,5],"texture":"#4"},"east":{"uv":[0,0,1.66667,1.66667],"texture":"#4"},"south":{"uv":[6,8.66667,6.33333,10.33333],"texture":"#4"},"west":{"uv":[0,2,1.66667,3.66667],"texture":"#4"},"up":{"uv":[7,10.33333,6.66667,8.66667],"texture":"#4"},"down":{"uv":[7.66667,8.66667,7.33333,10.33333],"texture":"#4"}}},{"from":[7.8785,12.77306,2.73625],"to":[8.1215,14.62306,4.81125],"rotation":{"angle":22.5,"axis":"x","origin":[8.0035,13.89806,3.86125]},"faces":{"north":{"uv":[10,6.66667,10.33333,8],"texture":"#4"},"east":{"uv":[2,0,3.66667,1.33333],"texture":"#4"},"south":{"uv":[10,8,10.33333,9.33333],"texture":"#4"},"west":{"uv":[2,1.33333,3.66667,2.66667],"texture":"#4"},"up":{"uv":[8.33333,10.33333,8,8.66667],"texture":"#4"}}},{"from":[7.885,14.05697,3.6239],"to":[8.115,15.98197,4.4239],"rotation":{"angle":-45,"axis":"x","origin":[8.0075,14.85697,4.5489]},"faces":{"east":{"uv":[6.66667,0,7.33333,1.66667],"texture":"#4"},"south":{"uv":[0,9.33333,0.33333,11],"texture":"#4"},"west":{"uv":[1.33333,6.66667,2,8.33333],"texture":"#4"},"up":{"uv":[11.66667,0.66667,11.33333,0],"texture":"#4"},"down":{"uv":[1,11.33333,0.66667,12],"texture":"#4"}}},{"from":[7.885,9.44269,3.05267],"to":[8.115,10.24269,4.97767],"rotation":{"angle":-45,"axis":"x","origin":[8.005,9.84269,4.17767]},"faces":{"north":{"uv":[11.33333,0.66667,11.66667,1.33333],"texture":"#4"},"east":{"uv":[2,6.66667,3.66667,7.33333],"texture":"#4"},"south":{"uv":[1.33333,11.33333,1.66667,12],"texture":"#4"},"west":{"uv":[6.66667,2,8.33333,2.66667],"texture":"#4"},"down":{"uv":[1,9.33333,0.66667,11],"texture":"#4"}}},{"from":[7.8785,9.67492,2.58318],"to":[8.1215,11.52492,4.65818],"rotation":{"angle":-22.5,"axis":"x","origin":[8.0035,10.79992,3.70818]},"faces":{"north":{"uv":[8.66667,10,9,11.33333],"texture":"#4"},"east":{"uv":[2,2.66667,3.66667,4],"texture":"#4"},"south":{"uv":[9.33333,10,9.66667,11.33333],"texture":"#4"},"west":{"uv":[0,4,1.66667,5.33333],"texture":"#4"},"down":{"uv":[9,8,8.66667,9.66667],"texture":"#4"}}},{"from":[7.25,10.75,8],"to":[8.75,12.75,10],"rotation":{"angle":-45,"axis":"x","origin":[7.5,10.75,8]},"faces":{"north":{"uv":[1.33333,5.33333,2.33333,6.66667],"texture":"#4"},"east":{"uv":[4,0,5.33333,1.33333],"texture":"#4"},"south":{"uv":[5.33333,1.33333,6.33333,2.66667],"texture":"#4"},"west":{"uv":[4,1.33333,5.33333,2.66667],"texture":"#4"},"up":{"uv":[3.66667,6.66667,2.66667,5.33333],"texture":"#4"},"down":{"uv":[6.33333,2.66667,5.33333,4],"texture":"#4"}}},{"from":[7,11,8.25],"to":[9,12.5,9.75],"rotation":{"angle":-45,"axis":"x","origin":[7.5,10.75,8]},"faces":{"north":{"uv":[4,5.33333,5.33333,6.33333],"texture":"#4"},"east":{"uv":[6.66667,2.66667,7.66667,3.66667],"texture":"#4"},"south":{"uv":[5.33333,5.33333,6.66667,6.33333],"texture":"#4"},"west":{"uv":[4,6.66667,5,7.66667],"texture":"#4"},"up":{"uv":[7.33333,5,6,4],"texture":"#4"},"down":{"uv":[1.33333,6.66667,0,7.66667],"texture":"#4"}}},{"from":[7.35,10.55,7.4],"to":[8.65,11.75,8.6],"rotation":{"angle":-45,"axis":"x","origin":[8,11.15,8]},"faces":{"north":{"uv":[8,7.33333,9,8],"texture":"#4"},"east":{"uv":[10,4.66667,10.66667,5.33333],"texture":"#4"},"south":{"uv":[8.66667,0,9.66667,0.66667],"texture":"#4"},"west":{"uv":[5.33333,10,6,10.66667],"texture":"#4"},"up":{"uv":[9.66667,1.33333,8.66667,0.66667],"texture":"#4"},"down":{"uv":[2.33333,8.66667,1.33333,9.33333],"texture":"#4"}}},{"from":[7.2,10.75,7.6],"to":[8.8,11.55,8.4],"rotation":{"angle":-45,"axis":"x","origin":[8,11.15,8]},"faces":{"north":{"uv":[8.66667,1.33333,9.66667,2],"texture":"#4"},"east":{"uv":[10,5.33333,10.66667,6],"texture":"#4"},"south":{"uv":[8.66667,2,9.66667,2.66667],"texture":"#4"},"west":{"uv":[10,6,10.66667,6.66667],"texture":"#4"},"up":{"uv":[3.66667,9.33333,2.66667,8.66667],"texture":"#4"},"down":{"uv":[9.66667,2.66667,8.66667,3.33333],"texture":"#4"}}},{"from":[7.6,11.16421,5.67157],"to":[8.4,13.16421,7.67157],"rotation":{"angle":-45,"axis":"x","origin":[8,12.16421,6.67157]},"faces":{"north":{"uv":[8,0,8.66667,1.33333],"texture":"#4"},"east":{"uv":[2,4,3.33333,5.33333],"texture":"#4"},"south":{"uv":[0.66667,8,1.33333,9.33333],"texture":"#4"},"west":{"uv":[4,2.66667,5.33333,4],"texture":"#4"},"up":{"uv":[8.66667,4,8,2.66667],"texture":"#4"},"down":{"uv":[4.66667,8,4,9.33333],"texture":"#4"}}},{"from":[7.485,11.34397,5.4976],"to":[8.515,12.50397,6.0776],"rotation":{"angle":-45,"axis":"x","origin":[7.71,11.34397,6.0776]},"faces":{"north":{"uv":[2,10.66667,2.66667,11.33333],"texture":"#4"},"east":{"uv":[11.33333,1.33333,11.66667,2],"texture":"#4"},"south":{"uv":[10.66667,2,11.33333,2.66667],"texture":"#4"},"west":{"uv":[2,11.33333,2.33333,12],"texture":"#4"},"down":{"uv":[12,2,11.33333,2.33333],"texture":"#4"}}},{"from":[7.485,12.50397,5.4976],"to":[8.515,13.08397,6.0776],"rotation":{"angle":-45,"axis":"x","origin":[7.71,11.34397,6.0776]},"faces":{"north":{"uv":[11.33333,3.33333,12,3.66667],"texture":"#4"},"east":{"uv":[11.33333,10.66667,11.66667,11],"texture":"#4"},"west":{"uv":[11.33333,11.33333,11.66667,11.66667],"texture":"#4"},"up":{"uv":[4.66667,11.66667,4,11.33333],"texture":"#4"}}},{"from":[7.485,13.66397,6.0776],"to":[8.515,14.24397,6.6576],"rotation":{"angle":-45,"axis":"x","origin":[7.71,11.34397,6.0776]},"faces":{"north":{"uv":[11.33333,8,12,8.33333],"texture":"#4"},"east":{"uv":[0,12,0.33333,12.33333],"texture":"#4"},"west":{"uv":[12,0,12.33333,0.33333],"texture":"#4"},"up":{"uv":[9.33333,11.66667,8.66667,11.33333],"texture":"#4"},"down":{"uv":[12,8.66667,11.33333,9],"texture":"#4"}}},{"from":[7.485,11.20324,6.0776],"to":[8.515,11.78324,6.6576],"rotation":{"angle":-45,"axis":"x","origin":[7.71,8.88324,6.0776]},"faces":{"north":{"uv":[9.33333,11.33333,10,11.66667],"texture":"#4"},"east":{"uv":[0.66667,12,1,12.33333],"texture":"#4"},"south":{"uv":[11.33333,9.33333,12,9.66667],"texture":"#4"},"west":{"uv":[12,0.66667,12.33333,1],"texture":"#4"},"up":{"uv":[10.66667,11.66667,10,11.33333],"texture":"#4"}}},{"from":[7.485,11.82446,5.4976],"to":[8.515,12.98446,6.0776],"rotation":{"angle":45,"axis":"x","origin":[7.71,12.98446,6.0776]},"faces":{"north":{"uv":[2.66667,10.66667,3.33333,11.33333],"texture":"#4"},"east":{"uv":[2.66667,11.33333,3,12],"texture":"#4"},"south":{"uv":[10.66667,2.66667,11.33333,3.33333],"texture":"#4"},"west":{"uv":[11.33333,2.66667,11.66667,3.33333],"texture":"#4"},"up":{"uv":[4,11.66667,3.33333,11.33333],"texture":"#4"}}},{"from":[7.235,11.82446,9.7724],"to":[8.765,12.98446,10.3524],"rotation":{"angle":-45,"axis":"x","origin":[7.71,12.98446,9.7724]},"faces":{"north":{"uv":[7.33333,1.33333,8.33333,2],"texture":"#4"},"east":{"uv":[8,10.66667,8.33333,11.33333],"texture":"#4"},"south":{"uv":[6,8,7,8.66667],"texture":"#4"},"west":{"uv":[10.66667,8,11,8.66667],"texture":"#4"},"up":{"uv":[11.66667,6.33333,10.66667,6],"texture":"#4"}}},{"from":[7.235,12.50397,9.7724],"to":[8.765,13.08397,10.3524],"rotation":{"angle":45,"axis":"x","origin":[7.71,11.34397,9.7724]},"faces":{"east":{"uv":[11.33333,10,11.66667,10.33333],"texture":"#4"},"south":{"uv":[6.66667,10.66667,7.66667,11],"texture":"#4"},"west":{"uv":[10.66667,11.33333,11,11.66667],"texture":"#4"},"up":{"uv":[11.66667,7,10.66667,6.66667],"texture":"#4"}}},{"from":[7.235,11.34397,9.7724],"to":[8.765,12.50397,10.3524],"rotation":{"angle":45,"axis":"x","origin":[7.71,11.34397,9.7724]},"faces":{"north":{"uv":[8,6.66667,9,7.33333],"texture":"#4"},"east":{"uv":[10.66667,8.66667,11,9.33333],"texture":"#4"},"south":{"uv":[7.33333,8,8.33333,8.66667],"texture":"#4"},"west":{"uv":[10.66667,9.33333,11,10],"texture":"#4"},"down":{"uv":[11.66667,7.33333,10.66667,7.66667],"texture":"#4"}}},{"from":[7.485,13.01964,4.7623],"to":[8.515,14.17964,5.3423],"rotation":{"angle":-45,"axis":"x","origin":[8,13.59964,5.0523]},"faces":{"north":{"uv":[3.33333,10.66667,4,11.33333],"texture":"#4"},"east":{"uv":[11.33333,4,11.66667,4.66667],"texture":"#4"},"south":{"uv":[10.66667,3.33333,11.33333,4],"texture":"#4"},"west":{"uv":[11.33333,4.66667,11.66667,5.33333],"texture":"#4"},"up":{"uv":[12,5.66667,11.33333,5.33333],"texture":"#4"}}},{"from":[7.485,10.14879,4.7623],"to":[8.515,11.30879,5.3423],"rotation":{"angle":45,"axis":"x","origin":[8,10.72879,5.0523]},"faces":{"north":{"uv":[4,10.66667,4.66667,11.33333],"texture":"#4"},"east":{"uv":[6.66667,11.33333,7,12],"texture":"#4"},"south":{"uv":[10.66667,4,11.33333,4.66667],"texture":"#4"},"west":{"uv":[7.33333,11.33333,7.66667,12],"texture":"#4"},"down":{"uv":[8.66667,11.33333,8,11.66667],"texture":"#4"}}},{"from":[7.75,11.16421,3.85133],"to":[8.25,13.16421,5.85133],"rotation":{"angle":45,"axis":"x","origin":[8,12.16421,4.85133]},"faces":{"north":{"uv":[4.66667,10.66667,5,12],"texture":"#4"},"east":{"uv":[3.33333,4,4.66667,5.33333],"texture":"#4"},"south":{"uv":[10.66667,4.66667,11,6],"texture":"#4"},"west":{"uv":[4.66667,4,6,5.33333],"texture":"#4"},"up":{"uv":[5.66667,12,5.33333,10.66667],"texture":"#4"},"down":{"uv":[6.33333,10.66667,6,12],"texture":"#4"}}},{"from":[7.5,11.16421,8.60133],"to":[8.5,13.16421,10.60133],"rotation":{"angle":45,"axis":"x","origin":[8,12.16421,9.60133]},"faces":{"north":{"uv":[8,4,8.66667,5.33333],"texture":"#4"},"east":{"uv":[0,5.33333,1.33333,6.66667],"texture":"#4"},"south":{"uv":[4.66667,8,5.33333,9.33333],"texture":"#4"},"west":{"uv":[5.33333,0,6.66667,1.33333],"texture":"#4"},"up":{"uv":[6,9.33333,5.33333,8],"texture":"#4"},"down":{"uv":[8.66667,5.33333,8,6.66667],"texture":"#4"}}},{"from":[7.4,9,2],"to":[7.4,16,7],"faces":{"west":{"uv":[0,0,11,15],"texture":"#1"}}},{"from":[8.6,9,2],"to":[8.6,16,7],"rotation":{"angle":0,"axis":"y","origin":[16,0,0]},"faces":{"east":{"uv":[11,0,0,15],"texture":"#1"}}}],"gui_light":"front","display":{"thirdperson_righthand":{"translation":[0,3,0.75]},"thirdperson_lefthand":{"translation":[0,3,0.75]},"firstperson_righthand":{"rotation":[-10,0,0],"translation":[-1.25,4.75,2.5]},"firstperson_lefthand":{"rotation":[-10,0,0],"translation":[-1.25,4.75,2.5]},"ground":{"rotation":[-45,0,0],"translation":[0,8.5,0]},"gui":{"rotation":[-90,45,90],"translation":[1.5,0.5,0],"scale":[1.20898,1.20898,1.20898]},"head":{"scale":[1.5,1.5,1.5],"rotation":[0,90,0]},"fixed":{"rotation":[0,-90,0],"translation":[0,4.5,-1.25],"scale":[3,3,3]}}}