{"credit":"MadebyPolygonMC","texture_size":[8,8],"textures":{"1":"noraset:animations/animations_1","2":"noraset:shovel","particle":"noraset:animations/animations_1"},"elements":[{"from":[7.5,1,7.5],"to":[8.5,2,8.5],"rotation":{"angle":0,"axis":"y","origin":[7.5,0,7.5]},"faces":{"north":{"uv":[5.33333,8.66667,6,9.33333],"texture":"#2"},"east":{"uv":[6,8.66667,6.66667,9.33333],"texture":"#2"},"south":{"uv":[6.66667,8.66667,7.33333,9.33333],"texture":"#2"},"west":{"uv":[7.33333,8.66667,8,9.33333],"texture":"#2"},"up":{"uv":[8.66667,9.33333,8,8.66667],"texture":"#2"},"down":{"uv":[9.33333,8.66667,8.66667,9.33333],"texture":"#2"}}},{"from":[7.4,0.5,7.4],"to":[8.6,1,8.6],"rotation":{"angle":0,"axis":"y","origin":[7.5,-1,7.5]},"faces":{"north":{"uv":[10,10,10.66667,10.33333],"texture":"#2"},"east":{"uv":[0,10.66667,0.66667,11],"texture":"#2"},"south":{"uv":[10.66667,0,11.33333,0.33333],"texture":"#2"},"west":{"uv":[0.66667,10.66667,1.33333,11],"texture":"#2"},"up":{"uv":[0.66667,10,0,9.33333],"texture":"#2"},"down":{"uv":[1.33333,9.33333,0.66667,10],"texture":"#2"}}},{"from":[7.4,7.2,7.4],"to":[8.6,7.7,8.6],"rotation":{"angle":0,"axis":"y","origin":[7.5,-1.3,7.5]},"faces":{"north":{"uv":[10.66667,2,11.33333,2.33333],"texture":"#2"},"east":{"uv":[2.66667,10.66667,3.33333,11],"texture":"#2"},"south":{"uv":[10.66667,2.66667,11.33333,3],"texture":"#2"},"west":{"uv":[3.33333,10.66667,4,11],"texture":"#2"},"up":{"uv":[10.66667,5.33333,10,4.66667],"texture":"#2"},"down":{"uv":[6,10,5.33333,10.66667],"texture":"#2"}}},{"from":[7.4,8.7,7.4],"to":[8.6,9.45,8.6],"rotation":{"angle":0,"axis":"y","origin":[7.5,7.2,7.5]},"faces":{"north":{"uv":[1.33333,9.33333,2,10],"texture":"#2"},"east":{"uv":[2,9.33333,2.66667,10],"texture":"#2"},"south":{"uv":[9.33333,2.66667,10,3.33333],"texture":"#2"},"west":{"uv":[9.33333,3.33333,10,4],"texture":"#2"},"up":{"uv":[10,4.66667,9.33333,4],"texture":"#2"},"down":{"uv":[10,4.66667,9.33333,5.33333],"texture":"#2"}}},{"from":[7.6,11.37421,6.21],"to":[8.4,13.37421,8.21],"rotation":{"angle":-45,"axis":"x","origin":[8,13.16421,8]},"faces":{"north":{"uv":[1.33333,8,2,9.33333],"texture":"#2"},"east":{"uv":[1.33333,5.33333,2.66667,6.66667],"texture":"#2"},"south":{"uv":[8,1.33333,8.66667,2.66667],"texture":"#2"},"west":{"uv":[5.33333,1.33333,6.66667,2.66667],"texture":"#2"},"up":{"uv":[2.66667,9.33333,2,8],"texture":"#2"},"down":{"uv":[8.66667,2.66667,8,4],"texture":"#2"}}},{"from":[7.485,12.79421,9.37],"to":[8.515,13.37421,9.95],"rotation":{"angle":-45,"axis":"x","origin":[8,13.16421,8]},"faces":{"north":{"uv":[10.66667,10,11.33333,10.33333],"texture":"#2"},"east":{"uv":[11.33333,2,11.66667,2.33333],"texture":"#2"},"south":{"uv":[10.66667,10.66667,11.33333,11],"texture":"#2"},"west":{"uv":[2.66667,11.33333,3,11.66667],"texture":"#2"},"up":{"uv":[0.66667,11.66667,0,11.33333],"texture":"#2"}}},{"from":[7.485,12.21421,8.79],"to":[8.515,12.79421,9.95],"rotation":{"angle":-45,"axis":"x","origin":[8,13.16421,8]},"faces":{"east":{"uv":[8.66667,10.66667,9.33333,11],"texture":"#2"},"south":{"uv":[9.33333,10.66667,10,11],"texture":"#2"},"west":{"uv":[10,10.66667,10.66667,11],"texture":"#2"},"up":{"uv":[10.66667,8,10,7.33333],"texture":"#2"},"down":{"uv":[8.66667,10,8,10.66667],"texture":"#2"}}},{"from":[7.485,12.21421,8.21],"to":[8.515,13.37421,8.79],"rotation":{"angle":-45,"axis":"x","origin":[8,13.16421,8]},"faces":{"north":{"uv":[10,6.66667,10.66667,7.33333],"texture":"#2"},"east":{"uv":[7.33333,10.66667,7.66667,11.33333],"texture":"#2"},"south":{"uv":[7.33333,10,8,10.66667],"texture":"#2"},"west":{"uv":[10.66667,7.33333,11,8],"texture":"#2"},"down":{"uv":[8.66667,10.66667,8,11],"texture":"#2"}}},{"from":[7.485,13.37421,8.21],"to":[8.515,13.95421,8.79],"rotation":{"angle":-45,"axis":"x","origin":[8,13.16421,8]},"faces":{"east":{"uv":[11.33333,1.33333,11.66667,1.66667],"texture":"#2"},"south":{"uv":[6.66667,10.66667,7.33333,11],"texture":"#2"},"west":{"uv":[2,11.33333,2.33333,11.66667],"texture":"#2"},"up":{"uv":[11.33333,7,10.66667,6.66667],"texture":"#2"}}},{"from":[7.485,13.37421,7.05],"to":[8.515,13.95421,8.21],"rotation":{"angle":-45,"axis":"x","origin":[8,13.16421,8]},"faces":{"north":{"uv":[10.66667,5.33333,11.33333,5.66667],"texture":"#2"},"east":{"uv":[6,10.66667,6.66667,11],"texture":"#2"},"west":{"uv":[10.66667,6,11.33333,6.33333],"texture":"#2"},"up":{"uv":[10.66667,6.66667,10,6],"texture":"#2"},"down":{"uv":[7.33333,10,6.66667,10.66667],"texture":"#2"}}},{"from":[7.485,13.95421,7.05],"to":[8.515,15.11421,7.63],"rotation":{"angle":-45,"axis":"x","origin":[8,13.16421,8]},"faces":{"north":{"uv":[10,5.33333,10.66667,6],"texture":"#2"},"east":{"uv":[4.66667,10.66667,5,11.33333],"texture":"#2"},"south":{"uv":[6,10,6.66667,10.66667],"texture":"#2"},"west":{"uv":[10.66667,4.66667,11,5.33333],"texture":"#2"},"up":{"uv":[6,11,5.33333,10.66667],"texture":"#2"}}},{"from":[7.485,14.53421,7.63],"to":[8.515,15.11421,8.21],"rotation":{"angle":-45,"axis":"x","origin":[8,13.16421,8]},"faces":{"east":{"uv":[11.33333,0.66667,11.66667,1],"texture":"#2"},"south":{"uv":[10.66667,3.33333,11.33333,3.66667],"texture":"#2"},"west":{"uv":[1.33333,11.33333,1.66667,11.66667],"texture":"#2"},"up":{"uv":[4.66667,11,4,10.66667],"texture":"#2"},"down":{"uv":[11.33333,4,10.66667,4.33333],"texture":"#2"}}},{"from":[7.7475,16.16132,6.99711],"to":[8.2525,18.66132,9.49711],"rotation":{"angle":-45,"axis":"x","origin":[7.9975,17.16421,8]},"faces":{"north":{"uv":[3.33333,8,3.66667,9.66667],"texture":"#2"},"east":{"uv":[0,3.33333,1.66667,5],"texture":"#2"},"south":{"uv":[8.66667,2.66667,9,4.33333],"texture":"#2"},"west":{"uv":[2,3.33333,3.66667,5],"texture":"#2"},"up":{"uv":[4.33333,10.33333,4,8.66667],"texture":"#2"},"down":{"uv":[5,8.66667,4.66667,10.33333],"texture":"#2"}}},{"from":[7.75,13.26368,6.25],"to":[8.25,17.51368,9.75],"rotation":{"angle":0,"axis":"x","origin":[8,15.26368,8]},"faces":{"north":{"uv":[6.66667,1.33333,7,4.33333],"texture":"#2"},"east":{"uv":[0,0,2.33333,3],"texture":"#2"},"south":{"uv":[2.66667,6.66667,3,9.66667],"texture":"#2"},"west":{"uv":[2.66667,0,5,3],"texture":"#2"}}},{"from":[7.47,-0.28,7.47],"to":[8.53,0.78,8.53],"rotation":{"angle":-45,"axis":"x","origin":[8,0.25,8]},"faces":{"north":{"uv":[5.33333,9.33333,6,10],"texture":"#2"},"east":{"uv":[9.33333,5.33333,10,6],"texture":"#2"},"south":{"uv":[6,9.33333,6.66667,10],"texture":"#2"},"west":{"uv":[9.33333,6,10,6.66667],"texture":"#2"},"up":{"uv":[7.33333,10,6.66667,9.33333],"texture":"#2"},"down":{"uv":[10,6.66667,9.33333,7.33333],"texture":"#2"}}},{"from":[7.4,2,7.4],"to":[8.6,3.2,8.6],"rotation":{"angle":0,"axis":"y","origin":[7.5,0.1,7.5]},"faces":{"north":{"uv":[7.33333,9.33333,8,10],"texture":"#2"},"east":{"uv":[9.33333,7.33333,10,8],"texture":"#2"},"south":{"uv":[8,9.33333,8.66667,10],"texture":"#2"},"west":{"uv":[9.33333,8,10,8.66667],"texture":"#2"},"up":{"uv":[9.33333,10,8.66667,9.33333],"texture":"#2"},"down":{"uv":[10,8.66667,9.33333,9.33333],"texture":"#2"}}},{"from":[7.5,3.2,7.5],"to":[8.5,5.2,8.5],"rotation":{"angle":0,"axis":"y","origin":[7.5,0.2,7.5]},"faces":{"north":{"uv":[3.33333,6.66667,4,8],"texture":"#2"},"east":{"uv":[6.66667,6,7.33333,7.33333],"texture":"#2"},"south":{"uv":[7.33333,1.33333,8,2.66667],"texture":"#2"},"west":{"uv":[7.33333,2.66667,8,4],"texture":"#2"},"up":{"uv":[10,10,9.33333,9.33333],"texture":"#2"},"down":{"uv":[0.66667,10,0,10.66667],"texture":"#2"}}},{"from":[7.6,7.7,7.6],"to":[8.4,8.7,8.4],"rotation":{"angle":0,"axis":"y","origin":[7.5,6.7,7.5]},"faces":{"north":{"uv":[10,0,10.66667,0.66667],"texture":"#2"},"east":{"uv":[0.66667,10,1.33333,10.66667],"texture":"#2"},"south":{"uv":[10,0.66667,10.66667,1.33333],"texture":"#2"},"west":{"uv":[1.33333,10,2,10.66667],"texture":"#2"},"up":{"uv":[10.66667,2,10,1.33333],"texture":"#2"},"down":{"uv":[2.66667,10,2,10.66667],"texture":"#2"}}},{"from":[7.6,5.2,7.6],"to":[8.4,7.2,8.4],"rotation":{"angle":0,"axis":"y","origin":[7.5,2.2,7.5]},"faces":{"north":{"uv":[4,7.33333,4.66667,8.66667],"texture":"#2"},"east":{"uv":[4.66667,7.33333,5.33333,8.66667],"texture":"#2"},"south":{"uv":[7.33333,6,8,7.33333],"texture":"#2"},"west":{"uv":[6.66667,7.33333,7.33333,8.66667],"texture":"#2"},"up":{"uv":[10.66667,2.66667,10,2],"texture":"#2"},"down":{"uv":[3.33333,10,2.66667,10.66667],"texture":"#2"}}},{"from":[7.25,9.25,8],"to":[8.75,11.25,10],"rotation":{"angle":-45,"axis":"x","origin":[7.5,9.25,8]},"faces":{"north":{"uv":[2.66667,5.33333,3.66667,6.66667],"texture":"#2"},"east":{"uv":[4,3.33333,5.33333,4.66667],"texture":"#2"},"south":{"uv":[5.33333,2.66667,6.33333,4],"texture":"#2"},"west":{"uv":[4,4.66667,5.33333,6],"texture":"#2"},"up":{"uv":[6.33333,5.33333,5.33333,4],"texture":"#2"},"down":{"uv":[6.33333,5.33333,5.33333,6.66667],"texture":"#2"}}},{"from":[7,9.5,8.25],"to":[9,11,9.75],"rotation":{"angle":-45,"axis":"x","origin":[7.5,9.25,8]},"faces":{"north":{"uv":[4,6,5.33333,7],"texture":"#2"},"east":{"uv":[6.66667,4.66667,7.66667,5.66667],"texture":"#2"},"south":{"uv":[0,6.66667,1.33333,7.66667],"texture":"#2"},"west":{"uv":[5.33333,6.66667,6.33333,7.66667],"texture":"#2"},"up":{"uv":[8,1,6.66667,0],"texture":"#2"},"down":{"uv":[2.66667,6.66667,1.33333,7.66667],"texture":"#2"}}},{"from":[7.35,9.05,7.4],"to":[8.65,10.25,8.6],"rotation":{"angle":-45,"axis":"x","origin":[8,9.65,8]},"faces":{"north":{"uv":[7.33333,4,8.33333,4.66667],"texture":"#2"},"east":{"uv":[10,2.66667,10.66667,3.33333],"texture":"#2"},"south":{"uv":[8,4.66667,9,5.33333],"texture":"#2"},"west":{"uv":[3.33333,10,4,10.66667],"texture":"#2"},"up":{"uv":[6.33333,8.66667,5.33333,8],"texture":"#2"},"down":{"uv":[9,5.33333,8,6],"texture":"#2"}}},{"from":[7.2,9.25,7.6],"to":[8.8,10.05,8.4],"rotation":{"angle":-45,"axis":"x","origin":[8,9.65,8]},"faces":{"north":{"uv":[8,6,9,6.66667],"texture":"#2"},"east":{"uv":[10,3.33333,10.66667,4],"texture":"#2"},"south":{"uv":[8,6.66667,9,7.33333],"texture":"#2"},"west":{"uv":[10,4,10.66667,4.66667],"texture":"#2"},"up":{"uv":[9,8,8,7.33333],"texture":"#2"},"down":{"uv":[9,8,8,8.66667],"texture":"#2"}}},{"from":[7.235,10.32446,9.7724],"to":[8.765,11.48446,10.3524],"rotation":{"angle":-45,"axis":"x","origin":[7.71,11.48446,9.7724]},"faces":{"north":{"uv":[8.66667,0,9.66667,0.66667],"texture":"#2"},"east":{"uv":[10.66667,0.66667,11,1.33333],"texture":"#2"},"south":{"uv":[8.66667,0.66667,9.66667,1.33333],"texture":"#2"},"west":{"uv":[1.33333,10.66667,1.66667,11.33333],"texture":"#2"},"up":{"uv":[11,8.33333,10,8],"texture":"#2"}}},{"from":[7.235,11.00397,9.7724],"to":[8.765,11.58397,10.3524],"rotation":{"angle":45,"axis":"x","origin":[7.71,9.84397,9.7724]},"faces":{"east":{"uv":[11.33333,0,11.66667,0.33333],"texture":"#2"},"south":{"uv":[8.66667,10,9.66667,10.33333],"texture":"#2"},"west":{"uv":[0.66667,11.33333,1,11.66667],"texture":"#2"},"up":{"uv":[11,9,10,8.66667],"texture":"#2"}}},{"from":[7.235,9.84397,9.7724],"to":[8.765,11.00397,10.3524],"rotation":{"angle":45,"axis":"x","origin":[7.71,9.84397,9.7724]},"faces":{"north":{"uv":[8.66667,1.33333,9.66667,2],"texture":"#2"},"east":{"uv":[10.66667,1.33333,11,2],"texture":"#2"},"south":{"uv":[8.66667,2,9.66667,2.66667],"texture":"#2"},"west":{"uv":[2,10.66667,2.33333,11.33333],"texture":"#2"},"down":{"uv":[11,9.33333,10,9.66667],"texture":"#2"}}},{"from":[7.5,9.66421,8.60133],"to":[8.5,11.66421,10.60133],"rotation":{"angle":45,"axis":"x","origin":[8,10.66421,9.60133]},"faces":{"north":{"uv":[7.33333,7.33333,8,8.66667],"texture":"#2"},"east":{"uv":[0,5.33333,1.33333,6.66667],"texture":"#2"},"south":{"uv":[0,8,0.66667,9.33333],"texture":"#2"},"west":{"uv":[5.33333,0,6.66667,1.33333],"texture":"#2"},"up":{"uv":[8.66667,1.33333,8,0],"texture":"#2"},"down":{"uv":[1.33333,8,0.66667,9.33333],"texture":"#2"}}},{"from":[7.5,9.66421,5.39867],"to":[8.5,11.66421,7.39867],"rotation":{"angle":-45,"axis":"x","origin":[8,10.66421,6.39867]},"faces":{"north":{"uv":[0.66667,8,0,9.33333],"texture":"#2"},"east":{"uv":[1.33333,5.33333,0,6.66667],"texture":"#2"},"south":{"uv":[8,7.33333,7.33333,8.66667],"texture":"#2"},"west":{"uv":[6.66667,0,5.33333,1.33333],"texture":"#2"},"up":{"uv":[8.66667,0,8,1.33333],"texture":"#2"},"down":{"uv":[1.33333,9.33333,0.66667,8],"texture":"#2"}}},{"from":[7.235,10.32446,5.6476],"to":[8.765,11.48446,6.2276],"rotation":{"angle":45,"axis":"x","origin":[7.71,11.48446,6.2276]},"faces":{"north":{"uv":[9.66667,0.66667,8.66667,1.33333],"texture":"#2"},"east":{"uv":[11,0.66667,10.66667,1.33333],"texture":"#2"},"south":{"uv":[9.66667,0,8.66667,0.66667],"texture":"#2"},"west":{"uv":[1.66667,10.66667,1.33333,11.33333],"texture":"#2"},"up":{"uv":[11,8,10,8.33333],"texture":"#2"}}},{"from":[7.235,11.00397,5.6476],"to":[8.765,11.58397,6.2276],"rotation":{"angle":-45,"axis":"x","origin":[7.71,9.84397,6.2276]},"faces":{"north":{"uv":[9.66667,10,8.66667,10.33333],"texture":"#2"},"east":{"uv":[11.66667,0,11.33333,0.33333],"texture":"#2"},"west":{"uv":[1,11.33333,0.66667,11.66667],"texture":"#2"},"up":{"uv":[11,8.66667,10,9],"texture":"#2"}}},{"from":[7.235,9.84397,5.6476],"to":[8.765,11.00397,6.2276],"rotation":{"angle":-45,"axis":"x","origin":[7.71,9.84397,6.2276]},"faces":{"north":{"uv":[9.66667,2,8.66667,2.66667],"texture":"#2"},"east":{"uv":[11,1.33333,10.66667,2],"texture":"#2"},"south":{"uv":[9.66667,1.33333,8.66667,2],"texture":"#2"},"west":{"uv":[2.33333,10.66667,2,11.33333],"texture":"#2"},"down":{"uv":[11,9.66667,10,9.33333],"texture":"#2"}}},{"from":[8,9.75,3.5],"to":[8,16.75,8.5],"rotation":{"angle":0,"axis":"y","origin":[0.6,0,0]},"faces":{"east":{"uv":[10,0,0,15],"texture":"#1"},"west":{"uv":[0,0,10,15],"texture":"#1"}}},{"from":[8,9.75,7.5],"to":[8,16.75,12.5],"rotation":{"angle":0,"axis":"y","origin":[0.6,0,16]},"faces":{"east":{"uv":[0,0,10,15],"texture":"#1"},"west":{"uv":[10,0,0,15],"texture":"#1"}}}],"gui_light":"front","display":{"thirdperson_righthand":{"translation":[0,3,0.75]},"thirdperson_lefthand":{"translation":[0,3,0.75]},"firstperson_righthand":{"rotation":[-10,0,0],"translation":[-1.25,4.75,2.5]},"firstperson_lefthand":{"rotation":[-10,0,0],"translation":[-1.25,4.75,2.5]},"ground":{"rotation":[-45,0,0],"translation":[0,8.5,0]},"gui":{"rotation":[-90,45,90],"translation":[1,-1,0],"scale":[1.20898,1.20898,1.20898]},"head":{"scale":[1.5,1.5,1.5],"rotation":[0,90,0]},"fixed":{"rotation":[0,-90,0],"translation":[0,4.5,-1.25],"scale":[3,3,3]}}}