{"credit":"MadebyPolygonMC","textures":{"1":"noraset:animations/animations_7","2":"noraset:staff","particle":"noraset:animations/animations_7"},"elements":[{"from":[7.5,1,7.5],"to":[8.5,2,8.5],"rotation":{"angle":0,"axis":"y","origin":[7.5,0,7.5]},"faces":{"north":{"uv":[2.66667,8.66667,3.33333,9.33333],"texture":"#2"},"east":{"uv":[3.33333,8.66667,4,9.33333],"texture":"#2"},"south":{"uv":[4,8.66667,4.66667,9.33333],"texture":"#2"},"west":{"uv":[4.66667,8.66667,5.33333,9.33333],"texture":"#2"},"up":{"uv":[6,9.33333,5.33333,8.66667],"texture":"#2"},"down":{"uv":[6.66667,8.66667,6,9.33333],"texture":"#2"}}},{"from":[7.4,0.5,7.4],"to":[8.6,1,8.6],"rotation":{"angle":0,"axis":"y","origin":[7.5,-1,7.5]},"faces":{"north":{"uv":[10.66667,3.33333,11.33333,3.66667],"texture":"#2"},"east":{"uv":[4,10.66667,4.66667,11],"texture":"#2"},"south":{"uv":[10.66667,4,11.33333,4.33333],"texture":"#2"},"west":{"uv":[4.66667,10.66667,5.33333,11],"texture":"#2"},"up":{"uv":[7.33333,9.33333,6.66667,8.66667],"texture":"#2"},"down":{"uv":[8,8.66667,7.33333,9.33333],"texture":"#2"}}},{"from":[7.4,7.2,7.4],"to":[8.6,7.7,8.6],"rotation":{"angle":0,"axis":"y","origin":[7.5,-1.3,7.5]},"faces":{"north":{"uv":[10.66667,4.66667,11.33333,5],"texture":"#2"},"east":{"uv":[5.33333,10.66667,6,11],"texture":"#2"},"south":{"uv":[10.66667,5.33333,11.33333,5.66667],"texture":"#2"},"west":{"uv":[6,10.66667,6.66667,11],"texture":"#2"},"up":{"uv":[8.66667,9.33333,8,8.66667],"texture":"#2"},"down":{"uv":[9.33333,8.66667,8.66667,9.33333],"texture":"#2"}}},{"from":[7.4,15.7,7.4],"to":[8.6,16.45,8.6],"rotation":{"angle":0,"axis":"y","origin":[7.5,14.2,7.5]},"faces":{"north":{"uv":[0,9.33333,0.66667,10],"texture":"#2"},"east":{"uv":[0.66667,9.33333,1.33333,10],"texture":"#2"},"south":{"uv":[1.33333,9.33333,2,10],"texture":"#2"},"west":{"uv":[2,9.33333,2.66667,10],"texture":"#2"},"up":{"uv":[10,2.66667,9.33333,2],"texture":"#2"},"down":{"uv":[3.33333,9.33333,2.66667,10],"texture":"#2"}}},{"from":[7.47,-0.28,7.47],"to":[8.53,0.78,8.53],"rotation":{"angle":-45,"axis":"x","origin":[8,0.25,8]},"faces":{"north":{"uv":[9.33333,2.66667,10,3.33333],"texture":"#2"},"east":{"uv":[3.33333,9.33333,4,10],"texture":"#2"},"south":{"uv":[9.33333,3.33333,10,4],"texture":"#2"},"west":{"uv":[4,9.33333,4.66667,10],"texture":"#2"},"up":{"uv":[10,4.66667,9.33333,4],"texture":"#2"},"down":{"uv":[5.33333,9.33333,4.66667,10],"texture":"#2"}}},{"from":[7.4,2,7.4],"to":[8.6,3.2,8.6],"rotation":{"angle":0,"axis":"y","origin":[7.5,0.1,7.5]},"faces":{"north":{"uv":[9.33333,4.66667,10,5.33333],"texture":"#2"},"east":{"uv":[5.33333,9.33333,6,10],"texture":"#2"},"south":{"uv":[9.33333,5.33333,10,6],"texture":"#2"},"west":{"uv":[6,9.33333,6.66667,10],"texture":"#2"},"up":{"uv":[10,6.66667,9.33333,6],"texture":"#2"},"down":{"uv":[7.33333,9.33333,6.66667,10],"texture":"#2"}}},{"from":[7.5,3.2,7.5],"to":[8.5,5.2,8.5],"rotation":{"angle":0,"axis":"y","origin":[7.5,0.2,7.5]},"faces":{"north":{"uv":[1.33333,5.33333,2,6.66667],"texture":"#2"},"east":{"uv":[5.33333,1.33333,6,2.66667],"texture":"#2"},"south":{"uv":[2,5.33333,2.66667,6.66667],"texture":"#2"},"west":{"uv":[2.66667,5.33333,3.33333,6.66667],"texture":"#2"},"up":{"uv":[10,7.33333,9.33333,6.66667],"texture":"#2"},"down":{"uv":[8,9.33333,7.33333,10],"texture":"#2"}}},{"from":[7.5,11.4,7.5],"to":[8.5,13.4,8.5],"rotation":{"angle":0,"axis":"y","origin":[7.5,8.4,7.5]},"faces":{"north":{"uv":[5.33333,2.66667,6,4],"texture":"#2"},"east":{"uv":[3.33333,5.33333,4,6.66667],"texture":"#2"},"south":{"uv":[5.33333,4,6,5.33333],"texture":"#2"},"west":{"uv":[5.33333,5.33333,6,6.66667],"texture":"#2"},"up":{"uv":[10,8,9.33333,7.33333],"texture":"#2"},"down":{"uv":[8.66667,9.33333,8,10],"texture":"#2"}}},{"from":[7.4,10.2,7.4],"to":[8.6,11.4,8.6],"rotation":{"angle":0,"axis":"y","origin":[7.5,8.3,7.5]},"faces":{"north":{"uv":[9.33333,8,10,8.66667],"texture":"#2"},"east":{"uv":[8.66667,9.33333,9.33333,10],"texture":"#2"},"south":{"uv":[9.33333,8.66667,10,9.33333],"texture":"#2"},"west":{"uv":[9.33333,9.33333,10,10],"texture":"#2"},"up":{"uv":[0.66667,10.66667,0,10],"texture":"#2"},"down":{"uv":[10.66667,0,10,0.66667],"texture":"#2"}}},{"from":[7.5,9.2,7.5],"to":[8.5,10.2,8.5],"rotation":{"angle":0,"axis":"y","origin":[7.5,8.2,7.5]},"faces":{"north":{"uv":[0.66667,10,1.33333,10.66667],"texture":"#2"},"east":{"uv":[10,0.66667,10.66667,1.33333],"texture":"#2"},"south":{"uv":[1.33333,10,2,10.66667],"texture":"#2"},"west":{"uv":[10,1.33333,10.66667,2],"texture":"#2"},"up":{"uv":[2.66667,10.66667,2,10],"texture":"#2"},"down":{"uv":[10.66667,2,10,2.66667],"texture":"#2"}}},{"from":[7.4,8.7,7.4],"to":[8.6,9.2,8.6],"rotation":{"angle":0,"axis":"y","origin":[7.5,7.2,7.5]},"faces":{"north":{"uv":[10.66667,6,11.33333,6.33333],"texture":"#2"},"east":{"uv":[6.66667,10.66667,7.33333,11],"texture":"#2"},"south":{"uv":[10.66667,6.66667,11.33333,7],"texture":"#2"},"west":{"uv":[7.33333,10.66667,8,11],"texture":"#2"},"up":{"uv":[3.33333,10.66667,2.66667,10],"texture":"#2"},"down":{"uv":[10.66667,2.66667,10,3.33333],"texture":"#2"}}},{"from":[7.6,7.7,7.6],"to":[8.4,8.7,8.4],"rotation":{"angle":0,"axis":"y","origin":[7.5,6.7,7.5]},"faces":{"north":{"uv":[3.33333,10,4,10.66667],"texture":"#2"},"east":{"uv":[10,3.33333,10.66667,4],"texture":"#2"},"south":{"uv":[4,10,4.66667,10.66667],"texture":"#2"},"west":{"uv":[10,4,10.66667,4.66667],"texture":"#2"},"up":{"uv":[5.33333,10.66667,4.66667,10],"texture":"#2"},"down":{"uv":[10.66667,4.66667,10,5.33333],"texture":"#2"}}},{"from":[7.6,5.2,7.6],"to":[8.4,7.2,8.4],"rotation":{"angle":0,"axis":"y","origin":[7.5,2.2,7.5]},"faces":{"north":{"uv":[6,1.33333,6.66667,2.66667],"texture":"#2"},"east":{"uv":[6,2.66667,6.66667,4],"texture":"#2"},"south":{"uv":[6,4,6.66667,5.33333],"texture":"#2"},"west":{"uv":[6,5.33333,6.66667,6.66667],"texture":"#2"},"up":{"uv":[6,10.66667,5.33333,10],"texture":"#2"},"down":{"uv":[10.66667,5.33333,10,6],"texture":"#2"}}},{"from":[7.6,13.2,7.6],"to":[8.4,15.7,8.4],"rotation":{"angle":0,"axis":"y","origin":[7.5,10.2,7.5]},"faces":{"north":{"uv":[4,2.66667,4.66667,4.33333],"texture":"#2"},"east":{"uv":[4.66667,2.66667,5.33333,4.33333],"texture":"#2"},"south":{"uv":[4,4.66667,4.66667,6.33333],"texture":"#2"},"west":{"uv":[4.66667,4.66667,5.33333,6.33333],"texture":"#2"},"up":{"uv":[6.66667,10.66667,6,10],"texture":"#2"},"down":{"uv":[10.66667,6,10,6.66667],"texture":"#2"}}},{"from":[7.25,16.25,8],"to":[8.75,18.25,10],"rotation":{"angle":-45,"axis":"x","origin":[7.5,16.25,8]},"faces":{"north":{"uv":[1.33333,2.66667,2.33333,4],"texture":"#2"},"east":{"uv":[0,0,1.33333,1.33333],"texture":"#2"},"south":{"uv":[2.66667,1.33333,3.66667,2.66667],"texture":"#2"},"west":{"uv":[0,1.33333,1.33333,2.66667],"texture":"#2"},"up":{"uv":[3.66667,4,2.66667,2.66667],"texture":"#2"},"down":{"uv":[1,4,0,5.33333],"texture":"#2"}}},{"from":[7,16.5,8.25],"to":[9,18,9.75],"rotation":{"angle":-45,"axis":"x","origin":[7.5,16.25,8]},"faces":{"north":{"uv":[4,0,5.33333,1],"texture":"#2"},"east":{"uv":[0,5.33333,1,6.33333],"texture":"#2"},"south":{"uv":[1.33333,4,2.66667,5],"texture":"#2"},"west":{"uv":[5.33333,0,6.33333,1],"texture":"#2"},"up":{"uv":[5.33333,2.33333,4,1.33333],"texture":"#2"},"down":{"uv":[4,4,2.66667,5],"texture":"#2"}}},{"from":[7.35,16.05,7.4],"to":[8.65,17.25,8.6],"rotation":{"angle":-45,"axis":"x","origin":[8,16.65,8]},"faces":{"north":{"uv":[2.66667,8,3.66667,8.66667],"texture":"#2"},"east":{"uv":[6.66667,10,7.33333,10.66667],"texture":"#2"},"south":{"uv":[8,2.66667,9,3.33333],"texture":"#2"},"west":{"uv":[10,6.66667,10.66667,7.33333],"texture":"#2"},"up":{"uv":[9,4,8,3.33333],"texture":"#2"},"down":{"uv":[5,8,4,8.66667],"texture":"#2"}}},{"from":[7.2,16.25,7.6],"to":[8.8,17.05,8.4],"rotation":{"angle":-45,"axis":"x","origin":[8,16.65,8]},"faces":{"north":{"uv":[8,4,9,4.66667],"texture":"#2"},"east":{"uv":[7.33333,10,8,10.66667],"texture":"#2"},"south":{"uv":[8,4.66667,9,5.33333],"texture":"#2"},"west":{"uv":[10,7.33333,10.66667,8],"texture":"#2"},"up":{"uv":[6.33333,8.66667,5.33333,8],"texture":"#2"},"down":{"uv":[9,5.33333,8,6],"texture":"#2"}}},{"from":[7.235,17.32446,9.7724],"to":[8.765,18.48446,10.3524],"rotation":{"angle":-45,"axis":"x","origin":[7.71,18.48446,9.7724]},"faces":{"north":{"uv":[8,6,9,6.66667],"texture":"#2"},"east":{"uv":[10.66667,7.33333,11,8],"texture":"#2"},"south":{"uv":[6.66667,8,7.66667,8.66667],"texture":"#2"},"west":{"uv":[8,10.66667,8.33333,11.33333],"texture":"#2"},"up":{"uv":[1,11,0,10.66667],"texture":"#2"}}},{"from":[7.235,18.00397,9.7724],"to":[8.765,18.58397,10.3524],"rotation":{"angle":45,"axis":"x","origin":[7.71,16.84397,9.7724]},"faces":{"east":{"uv":[10.66667,10,11,10.33333],"texture":"#2"},"south":{"uv":[10.66667,0,11.66667,0.33333],"texture":"#2"},"west":{"uv":[10.66667,10.66667,11,11],"texture":"#2"},"up":{"uv":[11.66667,1,10.66667,0.66667],"texture":"#2"}}},{"from":[7.235,16.84397,9.7724],"to":[8.765,18.00397,10.3524],"rotation":{"angle":45,"axis":"x","origin":[7.71,16.84397,9.7724]},"faces":{"north":{"uv":[8,6.66667,9,7.33333],"texture":"#2"},"east":{"uv":[10.66667,8,11,8.66667],"texture":"#2"},"south":{"uv":[8,7.33333,9,8],"texture":"#2"},"west":{"uv":[8.66667,10.66667,9,11.33333],"texture":"#2"},"down":{"uv":[2.33333,10.66667,1.33333,11],"texture":"#2"}}},{"from":[7.5,16.66421,8.60133],"to":[8.5,18.66421,10.60133],"rotation":{"angle":45,"axis":"x","origin":[8,17.66421,9.60133]},"faces":{"north":{"uv":[0,6.66667,0.66667,8],"texture":"#2"},"east":{"uv":[1.33333,0,2.66667,1.33333],"texture":"#2"},"south":{"uv":[6.66667,0,7.33333,1.33333],"texture":"#2"},"west":{"uv":[1.33333,1.33333,2.66667,2.66667],"texture":"#2"},"up":{"uv":[1.33333,8,0.66667,6.66667],"texture":"#2"},"down":{"uv":[2,6.66667,1.33333,8],"texture":"#2"}}},{"from":[7.5,16.66421,5.39867],"to":[8.5,18.66421,7.39867],"rotation":{"angle":-45,"axis":"x","origin":[8,17.66421,6.39867]},"faces":{"north":{"uv":[6.66667,1.33333,7.33333,2.66667],"texture":"#2"},"east":{"uv":[0,2.66667,1.33333,4],"texture":"#2"},"south":{"uv":[2,6.66667,2.66667,8],"texture":"#2"},"west":{"uv":[2.66667,0,4,1.33333],"texture":"#2"},"up":{"uv":[3.33333,8,2.66667,6.66667],"texture":"#2"},"down":{"uv":[7.33333,2.66667,6.66667,4],"texture":"#2"}}},{"from":[7.235,17.32446,5.6476],"to":[8.765,18.48446,6.2276],"rotation":{"angle":45,"axis":"x","origin":[7.71,18.48446,6.2276]},"faces":{"north":{"uv":[8,8,9,8.66667],"texture":"#2"},"east":{"uv":[10.66667,8.66667,11,9.33333],"texture":"#2"},"south":{"uv":[8.66667,0,9.66667,0.66667],"texture":"#2"},"west":{"uv":[9.33333,10.66667,9.66667,11.33333],"texture":"#2"},"up":{"uv":[11.66667,1.66667,10.66667,1.33333],"texture":"#2"}}},{"from":[7.235,18.00397,5.6476],"to":[8.765,18.58397,6.2276],"rotation":{"angle":-45,"axis":"x","origin":[7.71,16.84397,6.2276]},"faces":{"north":{"uv":[10.66667,2,11.66667,2.33333],"texture":"#2"},"east":{"uv":[0,11.33333,0.33333,11.66667],"texture":"#2"},"west":{"uv":[0.66667,11.33333,1,11.66667],"texture":"#2"},"up":{"uv":[3.66667,11,2.66667,10.66667],"texture":"#2"}}},{"from":[7.235,16.84397,5.6476],"to":[8.765,18.00397,6.2276],"rotation":{"angle":-45,"axis":"x","origin":[7.71,16.84397,6.2276]},"faces":{"north":{"uv":[8.66667,0.66667,9.66667,1.33333],"texture":"#2"},"east":{"uv":[10.66667,9.33333,11,10],"texture":"#2"},"south":{"uv":[8.66667,1.33333,9.66667,2],"texture":"#2"},"west":{"uv":[10,10.66667,10.33333,11.33333],"texture":"#2"},"down":{"uv":[11.66667,2.66667,10.66667,3],"texture":"#2"}}},{"from":[7.75,20,7.5],"to":[8.75,22,8.5],"rotation":{"angle":0,"axis":"y","origin":[7.75,0,7.5]},"faces":{"north":{"uv":[3.33333,6.66667,4,8],"texture":"#2"},"east":{"uv":[4,6.66667,4.66667,8],"texture":"#2"},"south":{"uv":[6.66667,4,7.33333,5.33333],"texture":"#2"},"west":{"uv":[4.66667,6.66667,5.33333,8],"texture":"#2"},"up":{"uv":[8.66667,10.66667,8,10],"texture":"#2"},"down":{"uv":[10.66667,8,10,8.66667],"texture":"#2"}}},{"from":[5.81221,17.13164,7.55],"to":[6.76221,19.13164,8.45],"rotation":{"angle":-22.5,"axis":"z","origin":[8,19.9405,8]},"faces":{"north":{"uv":[7.33333,0,8,1.33333],"texture":"#2"},"east":{"uv":[7.33333,1.33333,8,2.66667],"texture":"#2"},"south":{"uv":[7.33333,2.66667,8,4],"texture":"#2"},"west":{"uv":[7.33333,4,8,5.33333],"texture":"#2"},"up":{"uv":[10,10.66667,9.33333,10],"texture":"#2"},"down":{"uv":[10.66667,9.33333,10,10],"texture":"#2"}}},{"from":[4.98733,20.01189,7.5536],"to":[5.88013,21.79749,8.4464],"rotation":{"angle":22.5,"axis":"z","origin":[8,19.9405,8]},"faces":{"north":{"uv":[7.33333,5.33333,8,6.66667],"texture":"#2"},"east":{"uv":[7.33333,6.66667,8,8],"texture":"#2"},"south":{"uv":[0,8,0.66667,9.33333],"texture":"#2"},"west":{"uv":[8,0,8.66667,1.33333],"texture":"#2"},"up":{"uv":[10.66667,10.66667,10,10],"texture":"#2"}}},{"from":[5.13147,17.8678,7.60717],"to":[5.91714,19.43912,8.39283],"rotation":{"angle":-45,"axis":"z","origin":[8,19.9405,8]},"faces":{"north":{"uv":[0.66667,8,1.33333,9],"texture":"#2"},"east":{"uv":[1.33333,8,2,9],"texture":"#2"},"south":{"uv":[8,1.33333,8.66667,2.33333],"texture":"#2"},"west":{"uv":[2,8,2.66667,9],"texture":"#2"},"up":{"uv":[9.33333,2.66667,8.66667,2],"texture":"#2"}}},{"from":[9.23779,17.13164,7.55],"to":[10.18779,19.13164,8.45],"rotation":{"angle":22.5,"axis":"z","origin":[8,19.9405,8]},"faces":{"north":{"uv":[8,0,7.33333,1.33333],"texture":"#2"},"east":{"uv":[8,4,7.33333,5.33333],"texture":"#2"},"south":{"uv":[8,2.66667,7.33333,4],"texture":"#2"},"west":{"uv":[8,1.33333,7.33333,2.66667],"texture":"#2"},"up":{"uv":[9.33333,10.66667,10,10],"texture":"#2"},"down":{"uv":[10,9.33333,10.66667,10],"texture":"#2"}}},{"from":[10.11987,20.01189,7.5536],"to":[11.01267,21.79749,8.4464],"rotation":{"angle":-22.5,"axis":"z","origin":[8,19.9405,8]},"faces":{"north":{"uv":[8,5.33333,7.33333,6.66667],"texture":"#2"},"east":{"uv":[8.66667,0,8,1.33333],"texture":"#2"},"south":{"uv":[0.66667,8,0,9.33333],"texture":"#2"},"west":{"uv":[8,6.66667,7.33333,8],"texture":"#2"},"up":{"uv":[10,10.66667,10.66667,10],"texture":"#2"}}},{"from":[10.08286,17.8678,7.60717],"to":[10.86853,19.43912,8.39283],"rotation":{"angle":45,"axis":"z","origin":[8,19.9405,8]},"faces":{"north":{"uv":[1.33333,8,0.66667,9],"texture":"#2"},"east":{"uv":[2.66667,8,2,9],"texture":"#2"},"south":{"uv":[8.66667,1.33333,8,2.33333],"texture":"#2"},"west":{"uv":[2,8,1.33333,9],"texture":"#2"},"up":{"uv":[8.66667,2.66667,9.33333,2],"texture":"#2"}}},{"from":[7.55,17.12497,5.77868],"to":[8.45,19.12497,6.72868],"rotation":{"angle":22.5,"axis":"x","origin":[8,19.8529,8]},"faces":{"north":{"uv":[7.33333,4,8,5.33333],"texture":"#2"},"east":{"uv":[7.33333,0,8,1.33333],"texture":"#2"},"south":{"uv":[7.33333,1.33333,8,2.66667],"texture":"#2"},"west":{"uv":[7.33333,2.66667,8,4],"texture":"#2"},"up":{"uv":[10,10.66667,9.33333,10],"rotation":90,"texture":"#2"},"down":{"uv":[10.66667,9.33333,10,10],"rotation":270,"texture":"#2"}}},{"from":[7.5536,20.00522,5.02086],"to":[8.4464,21.79082,5.91366],"rotation":{"angle":-22.5,"axis":"x","origin":[8,19.8529,8]},"faces":{"north":{"uv":[8,0,8.66667,1.33333],"texture":"#2"},"east":{"uv":[7.33333,5.33333,8,6.66667],"texture":"#2"},"south":{"uv":[7.33333,6.66667,8,8],"texture":"#2"},"west":{"uv":[0,8,0.66667,9.33333],"texture":"#2"},"up":{"uv":[10.66667,10.66667,10,10],"rotation":90,"texture":"#2"}}},{"from":[7.60717,17.84214,5.06953],"to":[8.39283,19.41347,5.85519],"rotation":{"angle":45,"axis":"x","origin":[8,19.8529,8]},"faces":{"north":{"uv":[2,8,2.66667,9],"texture":"#2"},"east":{"uv":[0.66667,8,1.33333,9],"texture":"#2"},"south":{"uv":[1.33333,8,2,9],"texture":"#2"},"west":{"uv":[8,1.33333,8.66667,2.33333],"texture":"#2"},"up":{"uv":[9.33333,2.66667,8.66667,2],"rotation":90,"texture":"#2"}}},{"from":[7.60717,17.84214,10.14481],"to":[8.39283,19.41347,10.93047],"rotation":{"angle":-45,"axis":"x","origin":[8,19.8529,8]},"faces":{"north":{"uv":[2,8,1.33333,9],"texture":"#2"},"east":{"uv":[1.33333,8,0.66667,9],"texture":"#2"},"south":{"uv":[2.66667,8,2,9],"texture":"#2"},"west":{"uv":[8.66667,1.33333,8,2.33333],"texture":"#2"},"up":{"uv":[8.66667,2.66667,9.33333,2],"rotation":90,"texture":"#2"}}},{"from":[7.5536,20.00522,10.08634],"to":[8.4464,21.79082,10.97914],"rotation":{"angle":22.5,"axis":"x","origin":[8,19.8529,8]},"faces":{"north":{"uv":[8,6.66667,7.33333,8],"texture":"#2"},"east":{"uv":[8,5.33333,7.33333,6.66667],"texture":"#2"},"south":{"uv":[8.66667,0,8,1.33333],"texture":"#2"},"west":{"uv":[0.66667,8,0,9.33333],"texture":"#2"},"up":{"uv":[10,10.66667,10.66667,10],"rotation":90,"texture":"#2"}}},{"from":[7.55,17.12497,9.27132],"to":[8.45,19.12497,10.22132],"rotation":{"angle":-22.5,"axis":"x","origin":[8,19.8529,8]},"faces":{"north":{"uv":[8,1.33333,7.33333,2.66667],"texture":"#2"},"east":{"uv":[8,0,7.33333,1.33333],"texture":"#2"},"south":{"uv":[8,4,7.33333,5.33333],"texture":"#2"},"west":{"uv":[8,2.66667,7.33333,4],"texture":"#2"},"up":{"uv":[9.33333,10.66667,10,10],"rotation":90,"texture":"#2"},"down":{"uv":[10,9.33333,10.66667,10],"rotation":270,"texture":"#2"}}},{"from":[7.25,21,7],"to":[8.25,23,8],"rotation":{"angle":0,"axis":"y","origin":[7.75,0,7.5]},"faces":{"north":{"uv":[5.33333,6.66667,6,8],"texture":"#2"},"east":{"uv":[6.66667,5.33333,7.33333,6.66667],"texture":"#2"},"south":{"uv":[6,6.66667,6.66667,8],"texture":"#2"},"west":{"uv":[6.66667,6.66667,7.33333,8],"texture":"#2"},"up":{"uv":[9.33333,10.66667,8.66667,10],"texture":"#2"},"down":{"uv":[10.66667,8.66667,10,9.33333],"texture":"#2"}}},{"from":[6.5005,19,6.5],"to":[6.5005,25,9.5],"rotation":{"angle":0,"axis":"y","origin":[-0.2495,0,-0.5]},"faces":{"west":{"uv":[3,0,6,6],"texture":"#1"}}},{"from":[9.4995,19,6.5],"to":[9.4995,25,9.5],"rotation":{"angle":0,"axis":"y","origin":[16.2495,0,-0.5]},"faces":{"east":{"uv":[9,0,12,6],"texture":"#1"}}},{"from":[6.5005,19,9.499],"to":[9.5005,25,9.499],"rotation":{"angle":0,"axis":"y","origin":[8.0005,22,9.499]},"faces":{"south":{"uv":[6,0,9,6],"texture":"#1"}}},{"from":[6.5005,19,6.501],"to":[9.5005,25,6.501],"rotation":{"angle":0,"axis":"y","origin":[8.0005,22,6.501]},"faces":{"north":{"uv":[0,0,3,6],"texture":"#1"}}}],"gui_light":"front","display":{"thirdperson_righthand":{"translation":[0,-2.25,0.75]},"thirdperson_lefthand":{"translation":[0,-2.25,0.75]},"firstperson_righthand":{"rotation":[-10,0,0],"translation":[-1.25,0.5,2.75]},"firstperson_lefthand":{"rotation":[-10,0,0],"translation":[-1.25,0.5,2.75]},"ground":{"rotation":[-45,0,0],"translation":[0,8.5,3.25]},"gui":{"rotation":[-90,45,90],"translation":[2.25,-2.25,0],"scale":[0.92968,0.92968,0.92968]},"head":{"scale":[1.5,1.5,1.5],"rotation":[0,90,0]},"fixed":{"rotation":[0,-90,0],"translation":[0,-7,-1.25],"scale":[3,3,3]}}}