{"credit":"MadebyPolygonMC","texture_size":[24,24],"textures":{"1":"thunderboltset:axe","2":"thunderboltset:animation_4","particle":"thunderboltset:axe"},"elements":[{"from":[7.5,0,7.5],"to":[8.5,1,8.5],"rotation":{"angle":-45,"axis":"x","origin":[8,0.5,8]},"faces":{"north":{"uv":[4,9.33333,4.66667,10],"texture":"#1"},"east":{"uv":[8,12.66667,8.66667,13.33333],"texture":"#1"},"south":{"uv":[9.33333,12.66667,10,13.33333],"texture":"#1"},"west":{"uv":[2,13.33333,2.66667,14],"texture":"#1"},"up":{"uv":[14,2.66667,13.33333,2],"texture":"#1"},"down":{"uv":[3.33333,13.33333,2.66667,14],"texture":"#1"}}},{"from":[7.38,0.74,7.38],"to":[8.62,1.36,8.62],"rotation":{"angle":0,"axis":"x","origin":[8,1.36,8]},"faces":{"north":{"uv":[1.33333,14,2.16667,14.33333],"texture":"#1"},"east":{"uv":[14,2,14.83333,2.33333],"texture":"#1"},"south":{"uv":[2.66667,14,3.5,14.33333],"texture":"#1"},"west":{"uv":[14,2.66667,14.83333,3],"texture":"#1"},"up":{"uv":[5.5,12.83333,4.66667,12],"texture":"#1"},"down":{"uv":[12.83333,6,12,6.83333],"texture":"#1"}}},{"from":[7.5,1.36,7.5],"to":[8.5,3.36,8.5],"rotation":{"angle":0,"axis":"y","origin":[6.88,-5.28,6.88]},"faces":{"north":{"uv":[2.66667,11.33333,3.33333,12.66667],"texture":"#1"},"east":{"uv":[3.33333,11.33333,4,12.66667],"texture":"#1"},"south":{"uv":[6,11.33333,6.66667,12.66667],"texture":"#1"},"west":{"uv":[11.33333,6,12,7.33333],"texture":"#1"},"up":{"uv":[14,3.33333,13.33333,2.66667],"texture":"#1"},"down":{"uv":[4,13.33333,3.33333,14],"texture":"#1"}}},{"from":[7.5,5.36,7.5],"to":[8.5,7.36,8.5],"rotation":{"angle":0,"axis":"y","origin":[6.88,-1.28,6.88]},"faces":{"north":{"uv":[6.66667,11.33333,7.33333,12.66667],"texture":"#1"},"east":{"uv":[7.33333,11.33333,8,12.66667],"texture":"#1"},"south":{"uv":[11.33333,7.33333,12,8.66667],"texture":"#1"},"west":{"uv":[8,11.33333,8.66667,12.66667],"texture":"#1"},"up":{"uv":[14,4,13.33333,3.33333],"texture":"#1"},"down":{"uv":[5.33333,13.33333,4.66667,14],"texture":"#1"}}},{"from":[7.6,3.36,7.6],"to":[8.4,5.36,8.4],"rotation":{"angle":0,"axis":"y","origin":[6.88,-3.28,6.88]},"faces":{"north":{"uv":[9.33333,11.33333,9.83333,12.66667],"texture":"#1"},"east":{"uv":[10,12,10.5,13.33333],"texture":"#1"},"south":{"uv":[12,10,12.5,11.33333],"texture":"#1"},"west":{"uv":[10.66667,12,11.16667,13.33333],"texture":"#1"},"up":{"uv":[14.5,7.16667,14,6.66667],"texture":"#1"},"down":{"uv":[7.83333,14,7.33333,14.5],"texture":"#1"}}},{"from":[7.4,7,7],"to":[8.6,9,9],"rotation":{"angle":-45,"axis":"x","origin":[8,8,8]},"faces":{"north":{"uv":[10,6,10.83333,7.33333],"texture":"#1"},"east":{"uv":[8.66667,6.66667,10,8],"texture":"#1"},"south":{"uv":[7.33333,10,8.16667,11.33333],"texture":"#1"},"west":{"uv":[7.33333,8.66667,8.66667,10],"texture":"#1"},"up":{"uv":[10.83333,8.66667,10,7.33333],"texture":"#1"},"down":{"uv":[9.5,10,8.66667,11.33333],"texture":"#1"}}},{"from":[7.3,7.2,7.2],"to":[8.7,8.8,8.8],"rotation":{"angle":45,"axis":"x","origin":[8,8,8]},"faces":{"north":{"uv":[4.66667,10.66667,5.66667,11.66667],"texture":"#1"},"east":{"uv":[10.66667,8.66667,11.66667,9.66667],"texture":"#1"},"south":{"uv":[10.66667,10,11.66667,11],"texture":"#1"},"west":{"uv":[0,11.33333,1,12.33333],"texture":"#1"},"up":{"uv":[12.33333,1,11.33333,0],"texture":"#1"},"down":{"uv":[2.33333,11.33333,1.33333,12.33333],"texture":"#1"}}},{"from":[7.22,14.49633,6.44],"to":[8.78,15.27633,9.56],"rotation":{"angle":0,"axis":"y","origin":[7.22,8.33433,3.866]},"faces":{"north":{"uv":[2.66667,12.66667,3.66667,13.16667],"texture":"#1"},"east":{"uv":[11.33333,1.33333,13.33333,1.83333],"texture":"#1"},"south":{"uv":[12.66667,10,13.66667,10.5],"texture":"#1"},"west":{"uv":[11.33333,2,13.33333,2.5],"texture":"#1"},"up":{"uv":[8.33333,2,7.33333,0],"texture":"#1"},"down":{"uv":[8.33333,2,7.33333,4],"texture":"#1"}}},{"from":[7.22,15.06363,3.89299],"to":[8.78,15.84363,6.70799],"rotation":{"angle":22.5,"axis":"x","origin":[8,15.45363,5.14799]},"faces":{"north":{"uv":[12.66667,10.66667,13.66667,11.16667],"texture":"#1"},"east":{"uv":[11.33333,4.66667,13.16667,5.16667],"texture":"#1"},"south":{"uv":[12.66667,11.33333,13.66667,11.83333],"texture":"#1"},"west":{"uv":[11.33333,5.33333,13.16667,5.83333],"texture":"#1"},"up":{"uv":[9.66667,4.5,8.66667,2.66667],"texture":"#1"},"down":{"uv":[9.66667,4.66667,8.66667,6.5],"texture":"#1"}}},{"from":[7.22,16.35237,3.71401],"to":[8.78,17.13237,6.11101],"rotation":{"angle":22.5,"axis":"x","origin":[8,15.18237,4.55101]},"faces":{"north":{"uv":[12.66667,12,13.66667,12.5],"texture":"#1"},"east":{"uv":[10.66667,11.33333,12.33333,11.83333],"texture":"#1"},"south":{"uv":[12.66667,12.66667,13.66667,13.16667],"texture":"#1"},"west":{"uv":[12,4,13.66667,4.5],"texture":"#1"},"up":{"uv":[9.66667,9.66667,8.66667,8],"texture":"#1"},"down":{"uv":[1,9.33333,0,11],"texture":"#1"}}},{"from":[7.22,15.66633,6.44],"to":[8.78,16.44633,9.56],"rotation":{"angle":0,"axis":"y","origin":[7.22,8.33433,3.866]},"faces":{"north":{"uv":[0.66667,13.33333,1.66667,13.83333],"texture":"#1"},"east":{"uv":[11.33333,2.66667,13.33333,3.16667],"texture":"#1"},"south":{"uv":[13.33333,1.33333,14.33333,1.83333],"texture":"#1"},"west":{"uv":[11.33333,3.33333,13.33333,3.83333],"texture":"#1"},"up":{"uv":[4.33333,9.33333,3.33333,7.33333],"texture":"#1"},"down":{"uv":[8.33333,4,7.33333,6],"texture":"#1"}}},{"from":[7.376,15.27633,6.596],"to":[8.624,15.66633,9.404],"rotation":{"angle":0,"axis":"y","origin":[7.22,8.33433,3.866]},"faces":{"north":{"uv":[14,3.33333,14.83333,3.66667],"texture":"#1"},"east":{"uv":[12.66667,0,14.5,0.33333],"texture":"#1"},"south":{"uv":[4,14,4.83333,14.33333],"texture":"#1"},"west":{"uv":[0.66667,12.66667,2.5,13],"texture":"#1"},"up":{"uv":[2.16667,11.16667,1.33333,9.33333],"texture":"#1"},"down":{"uv":[3.5,9.33333,2.66667,11.16667],"texture":"#1"}}},{"from":[7.376,15.79877,4.2215],"to":[8.624,16.18877,6.7775],"rotation":{"angle":22.5,"axis":"x","origin":[8,15.99377,5.3735]},"faces":{"north":{"uv":[14,4,14.83333,4.33333],"texture":"#1"},"east":{"uv":[12.66667,0.66667,14.33333,1],"texture":"#1"},"south":{"uv":[14,4.66667,14.83333,5],"texture":"#1"},"west":{"uv":[6,12.66667,7.66667,13],"texture":"#1"},"up":{"uv":[10.83333,1.66667,10,0],"texture":"#1"},"down":{"uv":[10.83333,2,10,3.66667],"texture":"#1"}}},{"from":[7.7325,13.65771,7.01309],"to":[8.2675,14.97771,7.67309],"rotation":{"angle":-22.5,"axis":"x","origin":[7.8375,12.9453,7.6]},"faces":{"north":{"uv":[5.33333,14,5.66667,14.83333],"texture":"#1"},"east":{"uv":[13.33333,7.33333,13.83333,8.16667],"texture":"#1"},"south":{"uv":[14,5.33333,14.33333,6.16667],"texture":"#1"},"west":{"uv":[8,13.33333,8.5,14.16667],"texture":"#1"},"up":{"uv":[11,14.5,10.66667,14],"texture":"#1"},"down":{"uv":[14.33333,10.66667,14,11.16667],"texture":"#1"}}},{"from":[7.7325,11.16121,6.99308],"to":[8.2675,12.28121,7.65308],"rotation":{"angle":22.5,"axis":"x","origin":[7.8375,12.9453,7.6]},"faces":{"north":{"uv":[8.66667,14,9,14.66667],"texture":"#1"},"east":{"uv":[10.66667,13.33333,11.16667,14],"texture":"#1"},"south":{"uv":[14,8.66667,14.33333,9.33333],"texture":"#1"},"west":{"uv":[12.66667,13.33333,13.16667,14],"texture":"#1"},"up":{"uv":[11.66667,14.5,11.33333,14],"texture":"#1"},"down":{"uv":[14.33333,11.33333,14,11.83333],"texture":"#1"}}},{"from":[7.7325,11.16007,6.33882],"to":[8.2675,11.83507,6.99882],"rotation":{"angle":22.5,"axis":"x","origin":[7.8375,12.95915,7.60574]},"faces":{"north":{"uv":[12,14,12.33333,14.5],"texture":"#1"},"east":{"uv":[14,7.33333,14.5,7.83333],"texture":"#1"},"south":{"uv":[14,12,14.33333,12.5],"texture":"#1"},"west":{"uv":[14,8,14.5,8.5],"texture":"#1"},"up":{"uv":[13,14.5,12.66667,14],"texture":"#1"},"down":{"uv":[14.33333,12.66667,14,13.16667],"texture":"#1"}}},{"from":[7.7325,12.31145,6.7349],"to":[8.2675,13.63145,7.3949],"rotation":{"angle":0,"axis":"x","origin":[7.8375,12.9453,7.6]},"faces":{"north":{"uv":[6,14,6.33333,14.83333],"texture":"#1"},"east":{"uv":[13.33333,8.66667,13.83333,9.5],"texture":"#1"},"south":{"uv":[6.66667,14,7,14.83333],"texture":"#1"},"west":{"uv":[9.33333,13.33333,9.83333,14.16667],"texture":"#1"},"up":{"uv":[14.33333,13.83333,14,13.33333],"texture":"#1"},"down":{"uv":[14.33333,14,14,14.5],"texture":"#1"}}},{"from":[7.5,8.9,7.5],"to":[8.5,9.9,8.5],"rotation":{"angle":0,"axis":"y","origin":[7.5,7,7.5]},"faces":{"north":{"uv":[13.33333,4.66667,14,5.33333],"texture":"#1"},"east":{"uv":[5.33333,13.33333,6,14],"texture":"#1"},"south":{"uv":[13.33333,5.33333,14,6],"texture":"#1"},"west":{"uv":[6,13.33333,6.66667,14],"texture":"#1"},"up":{"uv":[0,0,0,0],"texture":"#1"},"down":{"uv":[0,0,0,0],"texture":"#1"}}},{"from":[7.5,13.5,7.5],"to":[8.5,14.5,8.5],"rotation":{"angle":0,"axis":"y","origin":[7.5,7,7.5]},"faces":{"north":{"uv":[13.33333,6,14,6.66667],"texture":"#1"},"east":{"uv":[6.66667,13.33333,7.33333,14],"texture":"#1"},"south":{"uv":[13.33333,6.66667,14,7.33333],"texture":"#1"},"west":{"uv":[7.33333,13.33333,8,14],"texture":"#1"},"up":{"uv":[0,0,0,0],"texture":"#1"},"down":{"uv":[0,0,0,0],"texture":"#1"}}},{"from":[7.4,9.9,7.4],"to":[8.6,13.5,8.6],"rotation":{"angle":0,"axis":"y","origin":[7.5,7,7.5]},"faces":{"north":{"uv":[4.66667,7.33333,5.5,9.66667],"texture":"#1"},"east":{"uv":[6,7.33333,6.83333,9.66667],"texture":"#1"},"south":{"uv":[7.33333,6,8.16667,8.33333],"texture":"#1"},"west":{"uv":[8.66667,0,9.5,2.33333],"texture":"#1"},"up":{"uv":[12.83333,8.16667,12,7.33333],"texture":"#1"},"down":{"uv":[12.83333,8.66667,12,9.5],"texture":"#1"}}},{"from":[7.75,17.25,2],"to":[8.25,18.25,5],"rotation":{"angle":22.5,"axis":"x","origin":[7.75,17.5,1]},"faces":{"north":{"uv":[14,9.33333,14.33333,10],"texture":"#1"},"east":{"uv":[4,10,6,10.66667],"texture":"#1"},"south":{"uv":[14,10,14.33333,10.66667],"texture":"#1"},"west":{"uv":[10,4,12,4.66667],"texture":"#1"},"up":{"uv":[11.66667,14,11.33333,12],"texture":"#1"},"down":{"uv":[12.33333,12,12,14],"texture":"#1"}}},{"from":[7.775,13.26903,1.90433],"to":[8.225,16.89403,6.90433],"rotation":{"angle":0,"axis":"x","origin":[7.75,17.76903,0.90433]},"faces":{"north":{"uv":[8.66667,11.33333,9,13.83333],"texture":"#1"},"east":{"uv":[4,0,7.33333,2.5],"texture":"#1"},"south":{"uv":[0,0,0,0],"texture":"#1"},"west":{"uv":[4,2.66667,7.33333,5.16667],"texture":"#1"},"up":{"uv":[0,0,0,0],"texture":"#1"},"down":{"uv":[10.33333,8.66667,10,12],"texture":"#1"}}},{"from":[7.78,11.18664,2.51746],"to":[8.22,14.18664,7.51746],"rotation":{"angle":-22.5,"axis":"x","origin":[7.98,12.18664,4.51746]},"faces":{"north":{"uv":[0,12.66667,0.33333,14.66667],"texture":"#1"},"east":{"uv":[4,5.33333,7.33333,7.33333],"texture":"#1"},"south":{"uv":[0,0,0,0],"texture":"#1"},"west":{"uv":[0,7.33333,3.33333,9.33333],"texture":"#1"},"up":{"uv":[0,0,0,0],"texture":"#1"},"down":{"uv":[4.33333,10.66667,4,14],"texture":"#1"}}},{"from":[7.78,9.78664,2.51746],"to":[8.22,11.18664,4.26746],"rotation":{"angle":-22.5,"axis":"x","origin":[7.98,12.18664,4.51746]},"faces":{"north":{"uv":[13.33333,13.33333,13.66667,14.33333],"texture":"#1"},"east":{"uv":[10,4.66667,11.16667,5.66667],"texture":"#1"},"south":{"uv":[0.66667,14,1,15],"texture":"#1"},"west":{"uv":[6,10,7.16667,11],"texture":"#1"},"up":{"uv":[0,0,0,0],"texture":"#1"},"down":{"uv":[10.33333,13.33333,10,14.5],"texture":"#1"}}},{"from":[7.22,15.06363,9.29201],"to":[8.78,15.84363,12.10701],"rotation":{"angle":-22.5,"axis":"x","origin":[8,15.45363,10.85201]},"faces":{"north":{"uv":[13.66667,11.33333,12.66667,11.83333],"texture":"#1"},"east":{"uv":[13.16667,4.66667,11.33333,5.16667],"texture":"#1"},"south":{"uv":[13.66667,10.66667,12.66667,11.16667],"texture":"#1"},"west":{"uv":[13.16667,5.33333,11.33333,5.83333],"texture":"#1"},"up":{"uv":[9.66667,2.66667,8.66667,4.5],"texture":"#1"},"down":{"uv":[9.66667,6.5,8.66667,4.66667],"texture":"#1"}}},{"from":[7.22,16.35237,9.88899],"to":[8.78,17.13237,12.28599],"rotation":{"angle":-22.5,"axis":"x","origin":[8,15.18237,11.44899]},"faces":{"north":{"uv":[13.66667,12.66667,12.66667,13.16667],"texture":"#1"},"east":{"uv":[12.33333,11.33333,10.66667,11.83333],"texture":"#1"},"south":{"uv":[13.66667,12,12.66667,12.5],"texture":"#1"},"west":{"uv":[13.66667,4,12,4.5],"texture":"#1"},"up":{"uv":[9.66667,8,8.66667,9.66667],"texture":"#1"},"down":{"uv":[1,11,0,9.33333],"texture":"#1"}}},{"from":[7.376,15.79877,9.2225],"to":[8.624,16.18877,11.7785],"rotation":{"angle":-22.5,"axis":"x","origin":[8,15.99377,10.6265]},"faces":{"north":{"uv":[14.83333,4.66667,14,5],"texture":"#1"},"east":{"uv":[14.33333,0.66667,12.66667,1],"texture":"#1"},"south":{"uv":[14.83333,4,14,4.33333],"texture":"#1"},"west":{"uv":[7.66667,12.66667,6,13],"texture":"#1"},"up":{"uv":[10.83333,0,10,1.66667],"texture":"#1"},"down":{"uv":[10.83333,3.66667,10,2],"texture":"#1"}}},{"from":[7.7325,11.16007,9.00118],"to":[8.2675,11.83507,9.66118],"rotation":{"angle":-22.5,"axis":"x","origin":[7.8375,12.95915,8.39426]},"faces":{"north":{"uv":[14.33333,12,14,12.5],"texture":"#1"},"east":{"uv":[14.5,7.33333,14,7.83333],"texture":"#1"},"south":{"uv":[12.33333,14,12,14.5],"texture":"#1"},"west":{"uv":[14.5,8,14,8.5],"texture":"#1"},"up":{"uv":[13,14,12.66667,14.5],"texture":"#1"},"down":{"uv":[14.33333,13.16667,14,12.66667],"texture":"#1"}}},{"from":[7.75,17.25,11],"to":[8.25,18.25,14],"rotation":{"angle":-22.5,"axis":"x","origin":[7.75,17.5,15]},"faces":{"north":{"uv":[14.33333,10,14,10.66667],"texture":"#1"},"east":{"uv":[6,10,4,10.66667],"texture":"#1"},"south":{"uv":[14.33333,9.33333,14,10],"texture":"#1"},"west":{"uv":[12,4,10,4.66667],"texture":"#1"},"up":{"uv":[11.66667,12,11.33333,14],"texture":"#1"},"down":{"uv":[12.33333,14,12,12],"texture":"#1"}}},{"from":[7.775,13.26903,9.09567],"to":[8.225,16.89403,14.09567],"rotation":{"angle":0,"axis":"x","origin":[7.75,17.76903,15.09567]},"faces":{"north":{"uv":[0,0,0,0],"texture":"#1"},"east":{"uv":[7.33333,0,4,2.5],"texture":"#1"},"south":{"uv":[9,11.33333,8.66667,13.83333],"texture":"#1"},"west":{"uv":[7.33333,2.66667,4,5.16667],"texture":"#1"},"up":{"uv":[0,0,0,0],"texture":"#1"},"down":{"uv":[10.33333,12,10,8.66667],"texture":"#1"}}},{"from":[7.78,11.18664,8.48254],"to":[8.22,14.18664,13.48254],"rotation":{"angle":22.5,"axis":"x","origin":[7.98,12.18664,11.48254]},"faces":{"north":{"uv":[0,0,0,0],"texture":"#1"},"east":{"uv":[7.33333,5.33333,4,7.33333],"texture":"#1"},"south":{"uv":[0.33333,12.66667,0,14.66667],"texture":"#1"},"west":{"uv":[3.33333,7.33333,0,9.33333],"texture":"#1"},"up":{"uv":[0,0,0,0],"texture":"#1"},"down":{"uv":[4.33333,14,4,10.66667],"texture":"#1"}}},{"from":[7.78,9.78664,11.73254],"to":[8.22,11.18664,13.48254],"rotation":{"angle":22.5,"axis":"x","origin":[7.98,12.18664,11.48254]},"faces":{"north":{"uv":[1,14,0.66667,15],"texture":"#1"},"east":{"uv":[11.16667,4.66667,10,5.66667],"texture":"#1"},"south":{"uv":[13.66667,13.33333,13.33333,14.33333],"texture":"#1"},"west":{"uv":[7.16667,10,6,11],"texture":"#1"},"up":{"uv":[0,0,0,0],"texture":"#1"},"down":{"uv":[10.33333,14.5,10,13.33333],"texture":"#1"}}},{"from":[7.7325,11.16121,8.34692],"to":[8.2675,12.28121,9.00692],"rotation":{"angle":-22.5,"axis":"x","origin":[7.8375,12.9453,8.4]},"faces":{"north":{"uv":[14.33333,8.66667,14,9.33333],"texture":"#1"},"east":{"uv":[11.16667,13.33333,10.66667,14],"texture":"#1"},"south":{"uv":[9,14,8.66667,14.66667],"texture":"#1"},"west":{"uv":[13.16667,13.33333,12.66667,14],"texture":"#1"},"up":{"uv":[11.66667,14,11.33333,14.5],"texture":"#1"},"down":{"uv":[14.33333,11.83333,14,11.33333],"texture":"#1"}}},{"from":[7.7325,12.31145,8.6051],"to":[8.2675,13.63145,9.2651],"rotation":{"angle":0,"axis":"x","origin":[7.8375,12.9453,8.4]},"faces":{"north":{"uv":[7,14,6.66667,14.83333],"texture":"#1"},"east":{"uv":[13.83333,8.66667,13.33333,9.5],"texture":"#1"},"south":{"uv":[6.33333,14,6,14.83333],"texture":"#1"},"west":{"uv":[9.83333,13.33333,9.33333,14.16667],"texture":"#1"},"up":{"uv":[14.33333,13.33333,14,13.83333],"texture":"#1"},"down":{"uv":[14.33333,14.5,14,14],"texture":"#1"}}},{"from":[7.7325,13.65771,8.32691],"to":[8.2675,14.97771,8.98691],"rotation":{"angle":22.5,"axis":"x","origin":[7.8375,12.9453,8.4]},"faces":{"north":{"uv":[14.33333,5.33333,14,6.16667],"texture":"#1"},"east":{"uv":[13.83333,7.33333,13.33333,8.16667],"texture":"#1"},"south":{"uv":[5.66667,14,5.33333,14.83333],"texture":"#1"},"west":{"uv":[8.5,13.33333,8,14.16667],"texture":"#1"},"up":{"uv":[11,14,10.66667,14.5],"texture":"#1"},"down":{"uv":[14.33333,11.16667,14,10.66667],"texture":"#1"}}},{"from":[8,8,0],"to":[8,19,6],"rotation":{"angle":0,"axis":"y","origin":[8,0,0]},"faces":{"north":{"uv":[0,0,0,7.33333],"texture":"#1"},"east":{"uv":[4,0,0,7.33333],"texture":"#1"},"south":{"uv":[0,0,0,7.33333],"texture":"#1"},"west":{"uv":[0,0,4,7.33333],"texture":"#1"},"up":{"uv":[0,4,0,0],"texture":"#1"},"down":{"uv":[0,0,0,4],"texture":"#1"}}},{"from":[8,8,10],"to":[8,19,16],"rotation":{"angle":0,"axis":"y","origin":[8,0,16]},"faces":{"north":{"uv":[0,0,0,7.33333],"texture":"#1"},"east":{"uv":[0,0,4,7.33333],"texture":"#1"},"south":{"uv":[0,0,0,7.33333],"texture":"#1"},"west":{"uv":[4,0,0,7.33333],"texture":"#1"},"up":{"uv":[0,0,0,4],"texture":"#1"},"down":{"uv":[0,4,0,0],"texture":"#1"}}},{"from":[7.1,8.31779,0.89374],"to":[7.1,19.31779,4.89374],"rotation":{"angle":-22.5,"axis":"x","origin":[7.1,13.81779,2.89374]},"faces":{"north":{"uv":[0,0,0,14.66667],"rotation":180,"texture":"#2"},"south":{"uv":[0,14.66667,0,0],"texture":"#2"},"west":{"uv":[0,0,14.66667,5.33333],"rotation":90,"texture":"#2"},"up":{"uv":[0,0,0,5.33333],"rotation":180,"texture":"#2"},"down":{"uv":[0,0,0,5.33333],"texture":"#2"}}},{"from":[7.1,8.31779,11.10626],"to":[7.1,19.31779,15.10626],"rotation":{"angle":22.5,"axis":"x","origin":[7.1,13.81779,13.10626]},"faces":{"north":{"uv":[0,14.66667,0,0],"texture":"#2"},"south":{"uv":[0,0,0,14.66667],"rotation":180,"texture":"#2"},"west":{"uv":[0,5.33333,14.66667,0],"rotation":90,"texture":"#2"},"up":{"uv":[0,5.33333,0,0],"rotation":180,"texture":"#2"},"down":{"uv":[0,5.33333,0,0],"texture":"#2"}}},{"from":[8.9,8.31779,11.10626],"to":[8.9,19.31779,15.10626],"rotation":{"angle":22.5,"axis":"x","origin":[8.9,13.81779,13.10626]},"faces":{"north":{"uv":[0,14.66667,0,0],"texture":"#2"},"east":{"uv":[0,0,14.66667,5.33333],"rotation":90,"texture":"#2"},"south":{"uv":[0,0,0,14.66667],"rotation":180,"texture":"#2"},"up":{"uv":[0,5.33333,0,0],"rotation":180,"texture":"#2"},"down":{"uv":[0,5.33333,0,0],"texture":"#2"}}},{"from":[8.9,8.31779,0.89374],"to":[8.9,19.31779,4.89374],"rotation":{"angle":-22.5,"axis":"x","origin":[8.9,13.81779,2.89374]},"faces":{"north":{"uv":[0,0,0,14.66667],"rotation":180,"texture":"#2"},"east":{"uv":[0,5.33333,14.66667,0],"rotation":90,"texture":"#2"},"south":{"uv":[0,14.66667,0,0],"texture":"#2"},"up":{"uv":[0,0,0,5.33333],"rotation":180,"texture":"#2"},"down":{"uv":[0,0,0,5.33333],"texture":"#2"}}}],"gui_light":"front","display":{"thirdperson_righthand":{"translation":[0,1.5,1.25]},"thirdperson_lefthand":{"translation":[0,1.5,1.25]},"firstperson_righthand":{"rotation":[-10,0,0],"translation":[-0.25,3,1.5]},"firstperson_lefthand":{"rotation":[-10,0,0],"translation":[-0.25,3,1.5]},"ground":{"translation":[0,10.25,0]},"gui":{"rotation":[90,-135,90],"translation":[-3.5,-3.5,0],"scale":[0.94726,0.94726,0.94726]},"head":{"rotation":[0,90,0],"scale":[1.5,1.5,1.5]},"fixed":{"rotation":[0,-90,0],"translation":[0,-2.25,-1.5],"scale":[2,2,2]}}}