{"credit":"MadebyPolygonMC","textures":{"0":"thunderboltset:crossbow","1":"thunderboltset:animation_3","particle":"thunderboltset:crossbow"},"elements":[{"from":[7.5,8.69386,7.50716],"to":[8.5,9.69386,9.50716],"rotation":{"angle":0,"axis":"y","origin":[7.5,4.69386,7.50716]},"faces":{"north":{"uv":[9,3,10,4],"texture":"#0"},"east":{"uv":[8,5,10,6],"texture":"#0"},"south":{"uv":[9,7,10,8],"texture":"#0"},"west":{"uv":[9,2,11,3],"texture":"#0"},"up":{"uv":[5,12,4,10],"texture":"#0"},"down":{"uv":[6,10,5,12],"texture":"#0"}}},{"from":[7.5,8.19386,4.50716],"to":[8.5,9.69386,7.50716],"rotation":{"angle":0,"axis":"y","origin":[7.5,4.69386,7.50716]},"faces":{"north":{"uv":[10,5,11,6.5],"texture":"#0"},"east":{"uv":[2,4,5,5.5],"texture":"#0"},"south":{"uv":[10,7,11,8.5],"texture":"#0"},"west":{"uv":[5,4,8,5.5],"texture":"#0"},"up":{"uv":[5,10,4,7],"texture":"#0"},"down":{"uv":[6,7,5,10],"texture":"#0"}}},{"from":[7.65,8.34386,4.25716],"to":[8.35,9.94386,5.25716],"rotation":{"angle":0,"axis":"y","origin":[7.5,4.69386,7.50716]},"faces":{"north":{"uv":[10,11,10.75,12.5],"texture":"#0"},"east":{"uv":[8,10,9,11.5],"texture":"#0"},"south":{"uv":[11,10,11.75,11.5],"texture":"#0"},"west":{"uv":[9,10,10,11.5],"texture":"#0"},"up":{"uv":[4.75,13,4,12],"texture":"#0"},"down":{"uv":[12.75,4,12,5],"texture":"#0"}}},{"from":[7.26716,8.36812,4.28216],"to":[7.71716,9.61812,5.28216],"rotation":{"angle":45,"axis":"z","origin":[7.36716,8.86812,4.75716]},"faces":{"north":{"uv":[9,12,9.5,13.25],"texture":"#0"},"east":{"uv":[2,11,3,12.25],"texture":"#0"},"south":{"uv":[12,9,12.5,10.25],"texture":"#0"},"west":{"uv":[11,2,12,3.25],"texture":"#0"}}},{"from":[6.76612,9.32774,4.28216],"to":[7.21612,10.57774,5.28216],"rotation":{"angle":0,"axis":"z","origin":[6.99112,9.95274,4.78216]},"faces":{"north":{"uv":[11,12,11.5,13.25],"texture":"#0"},"east":{"uv":[3,11,4,12.25],"texture":"#0"},"south":{"uv":[12,11,12.5,12.25],"texture":"#0"},"west":{"uv":[11,4,12,5.25],"texture":"#0"},"up":{"uv":[4.5,14,4,13],"texture":"#0"}}},{"from":[3.73136,9.37774,4.86107],"to":[4.13136,10.52774,5.86107],"rotation":{"angle":-45,"axis":"y","origin":[3.75636,9.95274,5.36107]},"faces":{"north":{"uv":[0,0,0,0],"texture":"#0"},"east":{"uv":[6,11,7,12.25],"texture":"#0"},"south":{"uv":[0,13,0.5,14.25],"texture":"#0"},"west":{"uv":[11,6,12,7.25],"texture":"#0"},"up":{"uv":[13.5,5,13,4],"texture":"#0"},"down":{"uv":[3.25,15,4.25,15.5],"rotation":90,"texture":"#0"}}},{"from":[4.06374,9.37774,4.7966],"to":[5.06374,10.52774,5.1966],"rotation":{"angle":22.5,"axis":"y","origin":[4.56374,9.95274,4.8216]},"faces":{"north":{"uv":[7,11,8,12.25],"texture":"#0"},"east":{"uv":[0,0,0,0],"texture":"#0"},"south":{"uv":[11,8,12,9.25],"texture":"#0"},"west":{"uv":[0,0,0,0],"texture":"#0"},"up":{"uv":[14,5.5,13,5],"texture":"#0"},"down":{"uv":[2,15,3,15.5],"texture":"#0"}}},{"from":[8.78388,9.32774,4.28216],"to":[9.23388,10.57774,5.28216],"rotation":{"angle":0,"axis":"z","origin":[9.00888,9.95274,4.78216]},"faces":{"north":{"uv":[11.5,12,11,13.25],"texture":"#0"},"east":{"uv":[12,4,11,5.25],"texture":"#0"},"south":{"uv":[12.5,11,12,12.25],"texture":"#0"},"west":{"uv":[4,11,3,12.25],"texture":"#0"},"up":{"uv":[4,14,4.5,13],"texture":"#0"}}},{"from":[10.93626,9.37774,4.7966],"to":[11.93626,10.52774,5.1966],"rotation":{"angle":-22.5,"axis":"y","origin":[11.43626,9.95274,4.8216]},"faces":{"north":{"uv":[8,11,7,12.25],"texture":"#0"},"east":{"uv":[0,0,0,0],"texture":"#0"},"south":{"uv":[12,8,11,9.25],"texture":"#0"},"west":{"uv":[0,0,0,0],"texture":"#0"},"up":{"uv":[13,5.5,14,5],"texture":"#0"},"down":{"uv":[3,15,2,15.5],"texture":"#0"}}},{"from":[11.86864,9.37774,4.86107],"to":[12.26864,10.52774,5.86107],"rotation":{"angle":45,"axis":"y","origin":[12.24364,9.95274,5.36107]},"faces":{"north":{"uv":[0,0,0,0],"texture":"#0"},"east":{"uv":[12,6,11,7.25],"texture":"#0"},"south":{"uv":[0.5,13,0,14.25],"texture":"#0"},"west":{"uv":[7,11,6,12.25],"texture":"#0"},"up":{"uv":[13,5,13.5,4],"texture":"#0"},"down":{"uv":[3.25,15.5,4.25,15],"rotation":90,"texture":"#0"}}},{"from":[8.28284,8.36812,4.28216],"to":[8.73284,9.61812,5.28216],"rotation":{"angle":-45,"axis":"z","origin":[8.63284,8.86812,4.75716]},"faces":{"north":{"uv":[9.5,12,9,13.25],"texture":"#0"},"east":{"uv":[12,2,11,3.25],"texture":"#0"},"south":{"uv":[12.5,9,12,10.25],"texture":"#0"},"west":{"uv":[3,11,2,12.25],"texture":"#0"}}},{"from":[5.01612,9.37774,4.60716],"to":[6.76612,10.52774,5.00716],"rotation":{"angle":0,"axis":"y","origin":[6.26612,9.95274,4.63216]},"faces":{"north":{"uv":[8,8,9.75,9.25],"texture":"#0"},"east":{"uv":[0,0,0,0],"texture":"#0"},"south":{"uv":[9,0,10.75,1.25],"texture":"#0"},"west":{"uv":[0,0,0,0],"texture":"#0"},"up":{"uv":[13.75,3.5,12,3],"texture":"#0"},"down":{"uv":[0,15,1.75,15.5],"texture":"#0"}}},{"from":[9.23388,9.37774,4.60716],"to":[10.98388,10.52774,5.00716],"rotation":{"angle":0,"axis":"y","origin":[9.73388,9.95274,4.63216]},"faces":{"north":{"uv":[9.75,8,8,9.25],"texture":"#0"},"east":{"uv":[0,0,0,0],"texture":"#0"},"south":{"uv":[10.75,0,9,1.25],"texture":"#0"},"west":{"uv":[0,0,0,0],"texture":"#0"},"up":{"uv":[12,3.5,13.75,3],"texture":"#0"},"down":{"uv":[1.75,15,0,15.5],"texture":"#0"}}},{"from":[7.505,8.34924,9.2397],"to":[8.495,9.34924,13.2397],"rotation":{"angle":22.5,"axis":"x","origin":[8.005,8.84924,10.2397]},"faces":{"north":{"uv":[10,3,11,4],"texture":"#0"},"east":{"uv":[2,6,6,7],"texture":"#0"},"south":{"uv":[12,0,13,1],"texture":"#0"},"west":{"uv":[6,6,10,7],"texture":"#0"},"up":{"uv":[3,11,2,7],"texture":"#0"},"down":{"uv":[4,7,3,11],"texture":"#0"}}},{"from":[7.505,7.34924,10.2397],"to":[8.495,8.34924,13.2397],"rotation":{"angle":22.5,"axis":"x","origin":[8.005,8.84924,10.2397]},"faces":{"north":{"uv":[12,1,13,2],"texture":"#0"},"east":{"uv":[6,7,9,8],"texture":"#0"},"south":{"uv":[12,2,13,3],"texture":"#0"},"west":{"uv":[8,4,11,5],"texture":"#0"},"up":{"uv":[7,11,6,8],"texture":"#0"},"down":{"uv":[8,8,7,11],"texture":"#0"}}},{"from":[7.75,7.19386,9.10716],"to":[8.25,8.69386,10.10716],"rotation":{"angle":0,"axis":"y","origin":[7.75,4.69386,0.50716]},"faces":{"north":{"uv":[5,12,5.5,13.5],"texture":"#0"},"east":{"uv":[10,9,11,10.5],"texture":"#0"},"south":{"uv":[12,5,12.5,6.5],"texture":"#0"},"west":{"uv":[0,11,1,12.5],"texture":"#0"},"up":{"uv":[6.5,14,6,13],"texture":"#0"},"down":{"uv":[13.5,6,13,7],"texture":"#0"}}},{"from":[7.75,5.94229,8.85821],"to":[8.25,7.44229,9.85821],"rotation":{"angle":22.5,"axis":"x","origin":[8,6.69229,9.35821]},"faces":{"north":{"uv":[12,7,12.5,8.5],"texture":"#0"},"east":{"uv":[11,0,12,1.5],"texture":"#0"},"south":{"uv":[8,12,8.5,13.5],"texture":"#0"},"west":{"uv":[1,11,2,12.5],"texture":"#0"},"up":{"uv":[7.5,14,7,13],"texture":"#0"},"down":{"uv":[13.5,7,13,8],"texture":"#0"}}},{"from":[7.7,5.78035,8.59187],"to":[8.3,6.23035,9.74187],"rotation":{"angle":0,"axis":"x","origin":[8,6.23035,9.16687]},"faces":{"north":{"uv":[14,3,14.5,3.5],"texture":"#0"},"east":{"uv":[13,0,14.25,0.5],"texture":"#0"},"south":{"uv":[4,14,4.5,14.5],"texture":"#0"},"west":{"uv":[1,13,2.25,13.5],"texture":"#0"},"up":{"uv":[13.5,2.25,13,1],"texture":"#0"},"down":{"uv":[3.5,13,3,14.25],"texture":"#0"}}},{"from":[7.8,7.84386,8.10716],"to":[8.2,8.04386,9.10716],"rotation":{"angle":0,"axis":"y","origin":[7.5,4.69386,7.50716]},"faces":{"north":{"uv":[8,14,8.5,14.25],"texture":"#0"},"east":{"uv":[14,4,15,4.25],"texture":"#0"},"south":{"uv":[14,8,14.5,8.25],"texture":"#0"},"west":{"uv":[5,14,6,14.25],"texture":"#0"},"up":{"uv":[13.5,9,13,8],"texture":"#0"},"down":{"uv":[13.5,9,13,10],"texture":"#0"}}},{"from":[7.8,8.09135,7.85967],"to":[8.2,8.74135,8.05967],"rotation":{"angle":0,"axis":"x","origin":[8,8.19135,7.95967]},"faces":{"north":{"uv":[13,12,13.5,12.75],"texture":"#0"},"east":{"uv":[7,14,7.25,14.75],"texture":"#0"},"south":{"uv":[13,13,13.5,13.75],"texture":"#0"},"west":{"uv":[14,7,14.25,7.75],"texture":"#0"},"up":{"uv":[9.5,14.25,9,14],"texture":"#0"},"down":{"uv":[14.5,9,14,9.25],"texture":"#0"}}},{"from":[7.8,8.16812,7.97432],"to":[8.2,8.36812,8.32432],"rotation":{"angle":45,"axis":"x","origin":[8,8.26812,7.82432]},"faces":{"north":{"uv":[10,14,10.5,14.25],"texture":"#0"},"east":{"uv":[12,14,12.25,14.25],"texture":"#0"},"south":{"uv":[14,10,14.5,10.25],"texture":"#0"},"west":{"uv":[14,12,14.25,12.25],"texture":"#0"},"up":{"uv":[11.5,14.25,11,14],"texture":"#0"},"down":{"uv":[14.5,11,14,11.25],"texture":"#0"}}},{"from":[7.75,9.74386,8.70716],"to":[8.25,10.74386,9.20716],"rotation":{"angle":45,"axis":"x","origin":[7.5,9.74386,8.20716]},"faces":{"north":{"uv":[10,13,10.5,14],"texture":"#0"},"east":{"uv":[13,10,13.5,11],"texture":"#0"},"south":{"uv":[13,11,13.5,12],"texture":"#0"},"west":{"uv":[12,13,12.5,14],"texture":"#0"},"up":{"uv":[14.5,5.5,14,5],"texture":"#0"},"down":{"uv":[6.5,14,6,14.5],"texture":"#0"}}},{"from":[7.775,9.61013,8.94906],"to":[8.225,10.36013,9.44906],"rotation":{"angle":-22.5,"axis":"x","origin":[8,10.11013,9.19906]},"faces":{"north":{"uv":[1,14,1.5,14.75],"texture":"#0"},"east":{"uv":[14,1,14.5,1.75],"texture":"#0"},"south":{"uv":[2,14,2.5,14.75],"texture":"#0"},"west":{"uv":[14,2,14.5,2.75],"texture":"#0"},"up":{"uv":[14.5,6.5,14,6],"texture":"#0"}}},{"from":[3.68,9.94386,5.75216],"to":[12.32,9.94386,9.11216],"rotation":{"angle":0,"axis":"y","origin":[4.16,12.58386,7.50416]},"faces":{"north":{"uv":[0,0,9,0],"texture":"#0"},"east":{"uv":[0,0,3.5,0],"texture":"#0"},"south":{"uv":[0,0,9,0],"texture":"#0"},"west":{"uv":[0,0,3.5,0],"texture":"#0"},"up":{"uv":[9,3.5,0,0],"texture":"#0"},"down":{"uv":[9,0,0,3.5],"texture":"#0"}}},{"from":[6.5,9.75,-0.5],"to":[9.5,9.75,8.5],"rotation":{"angle":45,"axis":"z","origin":[8,9.75,4]},"faces":{"north":{"uv":[0,0,0,3],"rotation":270,"texture":"#1"},"east":{"uv":[0,0,0,9],"rotation":90,"texture":"#1"},"south":{"uv":[0,0,0,3],"rotation":90,"texture":"#1"},"west":{"uv":[0,0,0,9],"rotation":90,"texture":"#1"},"up":{"uv":[0.33333,0,6.33333,16],"texture":"#1"},"down":{"uv":[0.33333,0,6.33333,16],"rotation":180,"texture":"#1"}}},{"from":[6.5,9.75,-0.5],"to":[9.5,9.75,8.5],"rotation":{"angle":-45,"axis":"z","origin":[8,9.75,4]},"faces":{"north":{"uv":[0,0,0,3],"rotation":270,"texture":"#1"},"east":{"uv":[0,0,0,9],"rotation":90,"texture":"#1"},"south":{"uv":[0,0,0,3],"rotation":90,"texture":"#1"},"west":{"uv":[0,0,0,9],"rotation":90,"texture":"#1"},"up":{"uv":[0.33333,0,6.33333,16],"texture":"#1"},"down":{"uv":[0.33333,0,6.33333,16],"rotation":180,"texture":"#1"}}}],"gui_light":"front","display":{"thirdperson_righthand":{"translation":[0,-0.75,-0.75],"scale":[1.26953,1.26953,1.26953]},"thirdperson_lefthand":{"translation":[0,-0.75,-0.75],"scale":[1.26953,1.26953,1.26953]},"firstperson_righthand":{"rotation":[1.02,0,0.16],"translation":[-1.75,1.75,2],"scale":[1.63867,1.63867,1.63867]},"firstperson_lefthand":{"rotation":[1.02,0,0.16],"translation":[-1.75,1.75,2],"scale":[1.63867,1.63867,1.63867]},"ground":{"translation":[0,1.5,0],"scale":[1.42773,1.42773,1.42773]},"gui":{"rotation":[47,43,0],"translation":[1,-1.25,0],"scale":[1.75195,1.75195,1.75195]},"head":{"rotation":[-40,180,0],"translation":[0,0,1.25],"scale":[1.5,1.5,1.5]},"fixed":{"rotation":[-90,0,0],"translation":[0,-0.75,-3],"scale":[3.5332,3.5332,3.5332]}}}