{"credit":"MadebyPolygonMC","texture_size":[24,24],"textures":{"0":"thunderboltset:helmet","2":"thunderboltset:animation_4","particle":"thunderboltset:helmet"},"elements":[{"from":[5.5,5.75,9.5],"to":[10.5,10.75,10],"rotation":{"angle":0,"axis":"y","origin":[8,8.25,9.5]},"faces":{"north":{"uv":[4,2.66667,7.33333,6],"texture":"#0"},"south":{"uv":[4,6,7.33333,9.33333],"texture":"#0"},"down":{"uv":[13.33333,5.33333,10,5.66667],"texture":"#0"}}},{"from":[9.7,9.65,3.5],"to":[11.7,11.15,4],"rotation":{"angle":22.5,"axis":"z","origin":[10.2,10.4,3.75]},"faces":{"north":{"uv":[10,1.33333,11.33333,2.33333],"texture":"#0"},"east":{"uv":[11.33333,3.33333,11.66667,4.33333],"texture":"#0"},"south":{"uv":[5.33333,10,6.66667,11],"texture":"#0"},"up":{"uv":[2.66667,11,1.33333,10.66667],"texture":"#0"},"down":{"uv":[4,10.66667,2.66667,11],"texture":"#0"}}},{"from":[9.2,10.65,3.75],"to":[13.2,12.15,3.75],"rotation":{"angle":22.5,"axis":"z","origin":[10.2,10.4,3.75]},"faces":{"north":{"uv":[0,8,2.66667,9],"texture":"#0"},"east":{"uv":[0,0,0,1],"texture":"#0"},"south":{"uv":[2.66667,8,0,9],"texture":"#0"},"west":{"uv":[0,0,0,1],"texture":"#0"},"up":{"uv":[2.66667,0,0,0],"texture":"#0"},"down":{"uv":[2.66667,0,0,0],"texture":"#0"}}},{"from":[2.8,10.65,3.75],"to":[6.8,12.15,3.75],"rotation":{"angle":-22.5,"axis":"z","origin":[5.8,10.4,3.75]},"faces":{"north":{"uv":[2.66667,8,0,9],"texture":"#0"},"east":{"uv":[0,0,0,1],"texture":"#0"},"south":{"uv":[0,8,2.66667,9],"texture":"#0"},"west":{"uv":[0,0,0,1],"texture":"#0"},"up":{"uv":[0,0,2.66667,0],"texture":"#0"},"down":{"uv":[0,0,2.66667,0],"texture":"#0"}}},{"from":[8.58478,9.22926,3.5],"to":[9.58478,11.22926,4],"rotation":{"angle":22.5,"axis":"z","origin":[9.08478,10.47926,3.75]},"faces":{"north":{"uv":[10,6,10.66667,7.33333],"texture":"#0"},"east":{"uv":[10.66667,6,11,7.33333],"texture":"#0"},"south":{"uv":[7.33333,10,8,11.33333],"texture":"#0"},"west":{"uv":[9.33333,10.66667,9.66667,12],"texture":"#0"},"up":{"uv":[12,5,11.33333,4.66667],"texture":"#0"},"down":{"uv":[6,11.33333,5.33333,11.66667],"texture":"#0"}}},{"from":[6.41522,9.22926,3.5],"to":[7.41522,11.22926,4],"rotation":{"angle":-22.5,"axis":"z","origin":[6.91522,10.47926,3.75]},"faces":{"north":{"uv":[10.66667,6,10,7.33333],"texture":"#0"},"east":{"uv":[9.66667,10.66667,9.33333,12],"texture":"#0"},"south":{"uv":[8,10,7.33333,11.33333],"texture":"#0"},"west":{"uv":[11,6,10.66667,7.33333],"texture":"#0"},"up":{"uv":[11.33333,5,12,4.66667],"texture":"#0"},"down":{"uv":[5.33333,11.33333,6,11.66667],"texture":"#0"}}},{"from":[4.3,9.65,3.5],"to":[6.3,11.15,4],"rotation":{"angle":-22.5,"axis":"z","origin":[5.8,10.4,3.75]},"faces":{"north":{"uv":[11.33333,1.33333,10,2.33333],"texture":"#0"},"south":{"uv":[6.66667,10,5.33333,11],"texture":"#0"},"west":{"uv":[11.66667,3.33333,11.33333,4.33333],"texture":"#0"},"up":{"uv":[1.33333,11,2.66667,10.66667],"texture":"#0"},"down":{"uv":[2.66667,10.66667,4,11],"texture":"#0"}}},{"from":[10.5,5.75,4],"to":[11,7.75,10],"rotation":{"angle":0,"axis":"y","origin":[10.5,8.25,7]},"faces":{"north":{"uv":[0,10.66667,0.33333,12],"texture":"#0"},"east":{"uv":[7.33333,2.66667,11.33333,4],"texture":"#0"},"south":{"uv":[0.66667,10.66667,1,12],"texture":"#0"},"west":{"uv":[7.33333,4,11.33333,5.33333],"texture":"#0"},"up":{"uv":[4.33333,13.33333,4,9.33333],"texture":"#0"},"down":{"uv":[5,9.33333,4.66667,13.33333],"texture":"#0"}}},{"from":[9.5,5.75,4],"to":[10.5,6.75,4.5],"rotation":{"angle":0,"axis":"y","origin":[10,6.75,4.25]},"faces":{"north":{"uv":[1.33333,11.33333,2,12],"texture":"#0"},"south":{"uv":[11.33333,1.33333,12,2],"texture":"#0"},"west":{"uv":[11.33333,6.66667,11.66667,7.33333],"texture":"#0"},"up":{"uv":[8,11.66667,7.33333,11.33333],"texture":"#0"},"down":{"uv":[12,7.33333,11.33333,7.66667],"texture":"#0"}}},{"from":[5.5,5.75,4],"to":[6.5,6.75,4.5],"rotation":{"angle":0,"axis":"y","origin":[6,6.75,4.25]},"faces":{"north":{"uv":[2,11.33333,1.33333,12],"texture":"#0"},"east":{"uv":[11.66667,6.66667,11.33333,7.33333],"texture":"#0"},"south":{"uv":[12,1.33333,11.33333,2],"texture":"#0"},"up":{"uv":[7.33333,11.66667,8,11.33333],"texture":"#0"},"down":{"uv":[11.33333,7.33333,12,7.66667],"texture":"#0"}}},{"from":[10.5,7.75,6],"to":[11,9.75,10],"rotation":{"angle":0,"axis":"y","origin":[10.5,8.25,7]},"faces":{"north":{"uv":[10,10.66667,10.33333,12],"texture":"#0"},"east":{"uv":[7.33333,5.33333,10,6.66667],"texture":"#0"},"south":{"uv":[10.66667,10,11,11.33333],"texture":"#0"},"west":{"uv":[7.33333,6.66667,10,8],"texture":"#0"}}},{"from":[10.5,9.75,4],"to":[11,10.75,10],"rotation":{"angle":0,"axis":"y","origin":[10.5,8.25,7]},"faces":{"north":{"uv":[6,11.33333,6.33333,12],"texture":"#0"},"east":{"uv":[7.33333,8,11.33333,8.66667],"texture":"#0"},"south":{"uv":[11.33333,6,11.66667,6.66667],"texture":"#0"},"west":{"uv":[7.33333,8.66667,11.33333,9.33333],"texture":"#0"},"down":{"uv":[7,10,6.66667,14],"texture":"#0"}}},{"from":[5,10.75,4],"to":[11,11.25,10],"rotation":{"angle":0,"axis":"y","origin":[8,11.25,7]},"faces":{"north":{"uv":[5.33333,9.33333,9.33333,9.66667],"texture":"#0"},"east":{"uv":[9.33333,9.33333,13.33333,9.66667],"texture":"#0"},"south":{"uv":[10,0,14,0.33333],"texture":"#0"},"west":{"uv":[13.33333,9.33333,9.33333,9.66667],"texture":"#0"},"up":{"uv":[4,4,0,0],"texture":"#0"},"down":{"uv":[4,4,0,8],"texture":"#0"}}},{"from":[7,9.8,3.1],"to":[9,11.8,4.1],"rotation":{"angle":-45,"axis":"z","origin":[8,10.8,3.6]},"faces":{"north":{"uv":[2.66667,8,4,9.33333],"texture":"#0"},"east":{"uv":[8,10,8.66667,11.33333],"texture":"#0"},"south":{"uv":[0,9.33333,1.33333,10.66667],"texture":"#0"},"west":{"uv":[8.66667,10,9.33333,11.33333],"texture":"#0"},"up":{"uv":[11.33333,8,10,7.33333],"texture":"#0"},"down":{"uv":[10.66667,10,9.33333,10.66667],"texture":"#0"}}},{"from":[11,7.725,7.05],"to":[11.5,9.725,9.05],"rotation":{"angle":-22.5,"axis":"x","origin":[11.5,8.75,8]},"faces":{"north":{"uv":[2,11.33333,2.33333,12.66667],"texture":"#0"},"east":{"uv":[1.33333,9.33333,2.66667,10.66667],"texture":"#0"},"south":{"uv":[11.33333,2,11.66667,3.33333],"texture":"#0"},"west":{"uv":[2.66667,9.33333,4,10.66667],"texture":"#0"},"up":{"uv":[3,12.66667,2.66667,11.33333],"texture":"#0"},"down":{"uv":[3.66667,11.33333,3.33333,12.66667],"texture":"#0"}}},{"from":[5,5.75,4],"to":[5.5,7.75,10],"rotation":{"angle":0,"axis":"y","origin":[5.5,8.25,7]},"faces":{"north":{"uv":[0.33333,10.66667,0,12],"texture":"#0"},"east":{"uv":[11.33333,4,7.33333,5.33333],"texture":"#0"},"south":{"uv":[1,10.66667,0.66667,12],"texture":"#0"},"west":{"uv":[11.33333,2.66667,7.33333,4],"texture":"#0"},"up":{"uv":[4,13.33333,4.33333,9.33333],"texture":"#0"},"down":{"uv":[4.66667,9.33333,5,13.33333],"texture":"#0"}}},{"from":[5,7.75,6],"to":[5.5,9.75,10],"rotation":{"angle":0,"axis":"y","origin":[5.5,8.25,7]},"faces":{"north":{"uv":[10.33333,10.66667,10,12],"texture":"#0"},"east":{"uv":[10,6.66667,7.33333,8],"texture":"#0"},"south":{"uv":[11,10,10.66667,11.33333],"texture":"#0"},"west":{"uv":[10,5.33333,7.33333,6.66667],"texture":"#0"}}},{"from":[5,9.75,4],"to":[5.5,10.75,10],"rotation":{"angle":0,"axis":"y","origin":[5.5,8.25,7]},"faces":{"north":{"uv":[6.33333,11.33333,6,12],"texture":"#0"},"east":{"uv":[11.33333,8.66667,7.33333,9.33333],"texture":"#0"},"south":{"uv":[11.66667,6,11.33333,6.66667],"texture":"#0"},"west":{"uv":[11.33333,8,7.33333,8.66667],"texture":"#0"},"down":{"uv":[6.66667,10,7,14],"texture":"#0"}}},{"from":[4.5,7.725,7.05],"to":[5,9.725,9.05],"rotation":{"angle":-22.5,"axis":"x","origin":[4.5,8.75,8]},"faces":{"north":{"uv":[2.33333,11.33333,2,12.66667],"texture":"#0"},"east":{"uv":[4,9.33333,2.66667,10.66667],"texture":"#0"},"south":{"uv":[11.66667,2,11.33333,3.33333],"texture":"#0"},"west":{"uv":[2.66667,9.33333,1.33333,10.66667],"texture":"#0"},"up":{"uv":[2.66667,12.66667,3,11.33333],"texture":"#0"},"down":{"uv":[3.33333,11.33333,3.66667,12.66667],"texture":"#0"}}},{"from":[11.275,6.65,2.975],"to":[11.275,10.65,11.975],"rotation":{"angle":-22.5,"axis":"x","origin":[11.275,8.75,8]},"faces":{"north":{"uv":[0,0,0,2.66667],"texture":"#0"},"east":{"uv":[4,0,10,2.66667],"texture":"#0"},"south":{"uv":[0,0,0,2.66667],"texture":"#0"},"west":{"uv":[10,0,4,2.66667],"texture":"#0"},"up":{"uv":[0,6,0,0],"texture":"#0"},"down":{"uv":[0,0,0,6],"texture":"#0"}}},{"from":[4.725,6.65,2.975],"to":[4.725,10.65,11.975],"rotation":{"angle":-22.5,"axis":"x","origin":[4.725,8.75,8]},"faces":{"north":{"uv":[0,0,0,2.66667],"texture":"#0"},"east":{"uv":[4,0,10,2.66667],"texture":"#0"},"south":{"uv":[0,0,0,2.66667],"texture":"#0"},"west":{"uv":[10,0,4,2.66667],"texture":"#0"},"up":{"uv":[0,6,0,0],"texture":"#0"},"down":{"uv":[0,0,0,6],"texture":"#0"}}},{"from":[4.5,7.725,7.05],"to":[5,9.725,9.05],"rotation":{"angle":-22.5,"axis":"x","origin":[4.5,8.75,8]},"faces":{"north":{"uv":[2.33333,11.33333,2,12.66667],"texture":"#0"},"east":{"uv":[4,9.33333,2.66667,10.66667],"texture":"#0"},"south":{"uv":[11.66667,2,11.33333,3.33333],"texture":"#0"},"west":{"uv":[2.66667,9.33333,1.33333,10.66667],"texture":"#0"},"up":{"uv":[2.66667,12.66667,3,11.33333],"texture":"#0"},"down":{"uv":[3.33333,11.33333,3.66667,12.66667],"texture":"#0"}}},{"from":[4.4,8.1,6.1],"to":[4.4,11.1,13.1],"rotation":{"angle":-22.5,"axis":"x","origin":[4.4,9.6,9.6]},"faces":{"north":{"uv":[0,0,0,4],"texture":"#2"},"south":{"uv":[0,0,0,4],"texture":"#2"},"west":{"uv":[0,5.33333,9.33333,9.33333],"texture":"#2"},"up":{"uv":[0,9.33333,0,0],"texture":"#2"},"down":{"uv":[0,0,0,9.33333],"texture":"#2"}}},{"from":[11.6,8.1,6.1],"to":[11.6,11.1,13.1],"rotation":{"angle":-22.5,"axis":"x","origin":[11.6,9.6,9.6]},"faces":{"north":{"uv":[0,0,0,4],"texture":"#2"},"east":{"uv":[9.33333,5.33333,0,9.33333],"texture":"#2"},"south":{"uv":[0,0,0,4],"texture":"#2"},"up":{"uv":[0,9.33333,0,0],"texture":"#2"},"down":{"uv":[0,0,0,9.33333],"texture":"#2"}}}],"gui_light":"front","display":{"thirdperson_righthand":{"rotation":[53,0,0],"translation":[0,1.5,0.25],"scale":[0.85156,0.85156,0.85156]},"thirdperson_lefthand":{"rotation":[53,0,0],"translation":[0,1.5,0.25],"scale":[0.85156,0.85156,0.85156]},"firstperson_righthand":{"rotation":[-15,180,0],"translation":[-2.25,2.25,0]},"firstperson_lefthand":{"rotation":[-15,180,0],"translation":[-2.25,2.25,0]},"ground":{"rotation":[35,0,0],"translation":[0,2.5,0]},"gui":{"rotation":[0,180,0],"translation":[0,-2.75,0],"scale":[1.91406,1.91406,1.91406]},"head":{"translation":[0,-1,2.5],"scale":[2.61719,2.61719,2.61719]},"fixed":{"rotation":[-90,0,0],"translation":[0,3.5,-9],"scale":[3.70898,3.70898,3.70898]}}}