{"credit":"MadebyPolygonMC","texture_size":[20,20],"textures":{"1":"thunderboltset:animation_3","2":"thunderboltset:shovel","particle":"thunderboltset:animation_3"},"elements":[{"from":[7.5,0,7.5],"to":[8.5,1,8.5],"rotation":{"angle":-45,"axis":"x","origin":[8,0.5,8]},"faces":{"north":{"uv":[11.2,7.2,12,8],"texture":"#2"},"east":{"uv":[11.2,8.8,12,9.6],"texture":"#2"},"south":{"uv":[11.2,9.6,12,10.4],"texture":"#2"},"west":{"uv":[11.2,10.4,12,11.2],"texture":"#2"},"up":{"uv":[12,12,11.2,11.2],"texture":"#2"},"down":{"uv":[1.6,12,0.8,12.8],"texture":"#2"}}},{"from":[7.38,0.74,7.38],"to":[8.62,1.36,8.62],"rotation":{"angle":0,"axis":"x","origin":[8,1.36,8]},"faces":{"north":{"uv":[12.8,4,13.8,4.4],"texture":"#2"},"east":{"uv":[12.8,4.8,13.8,5.2],"texture":"#2"},"south":{"uv":[5.6,12.8,6.6,13.2],"texture":"#2"},"west":{"uv":[12.8,5.6,13.8,6],"texture":"#2"},"up":{"uv":[10.6,9.8,9.6,8.8],"texture":"#2"},"down":{"uv":[3.4,10.4,2.4,11.4],"texture":"#2"}}},{"from":[7.5,1.36,7.5],"to":[8.5,3.36,8.5],"rotation":{"angle":0,"axis":"y","origin":[6.88,-5.28,6.88]},"faces":{"north":{"uv":[5.6,3.2,6.4,4.8],"texture":"#2"},"east":{"uv":[4.8,8.8,5.6,10.4],"texture":"#2"},"south":{"uv":[5.6,8.8,6.4,10.4],"texture":"#2"},"west":{"uv":[8,8.8,8.8,10.4],"texture":"#2"},"up":{"uv":[2.4,12.8,1.6,12],"texture":"#2"},"down":{"uv":[3.2,12,2.4,12.8],"texture":"#2"}}},{"from":[7.5,5.36,7.5],"to":[8.5,7.36,8.5],"rotation":{"angle":0,"axis":"y","origin":[6.88,-1.28,6.88]},"faces":{"north":{"uv":[8.8,8.8,9.6,10.4],"texture":"#2"},"east":{"uv":[0,9.6,0.8,11.2],"texture":"#2"},"south":{"uv":[0.8,9.6,1.6,11.2],"texture":"#2"},"west":{"uv":[1.6,9.6,2.4,11.2],"texture":"#2"},"up":{"uv":[4,12.8,3.2,12],"texture":"#2"},"down":{"uv":[4.8,12,4,12.8],"texture":"#2"}}},{"from":[7.6,3.36,7.6],"to":[8.4,5.36,8.4],"rotation":{"angle":0,"axis":"y","origin":[6.88,-3.28,6.88]},"faces":{"north":{"uv":[5.6,10.4,6.2,12],"texture":"#2"},"east":{"uv":[9.6,10.4,10.2,12],"texture":"#2"},"south":{"uv":[10.4,10.4,11,12],"texture":"#2"},"west":{"uv":[0,11.2,0.6,12.8],"texture":"#2"},"up":{"uv":[13.4,13.4,12.8,12.8],"texture":"#2"},"down":{"uv":[14.2,0,13.6,0.6],"texture":"#2"}}},{"from":[7.4,7,7],"to":[8.6,9,9],"rotation":{"angle":-45,"axis":"x","origin":[8,8,8]},"faces":{"north":{"uv":[0,7.2,1,8.8],"texture":"#2"},"east":{"uv":[5.6,0,7.2,1.6],"texture":"#2"},"south":{"uv":[7.2,0,8.2,1.6],"texture":"#2"},"west":{"uv":[5.6,1.6,7.2,3.2],"texture":"#2"},"up":{"uv":[2.6,8.8,1.6,7.2],"texture":"#2"},"down":{"uv":[8.2,1.6,7.2,3.2],"texture":"#2"}}},{"from":[7.3,7.2,7.2],"to":[8.7,8.8,8.8],"rotation":{"angle":45,"axis":"x","origin":[8,8,8]},"faces":{"north":{"uv":[3.2,7.2,4.4,8.4],"texture":"#2"},"east":{"uv":[4.8,7.2,6,8.4],"texture":"#2"},"south":{"uv":[8,3.2,9.2,4.4],"texture":"#2"},"west":{"uv":[8,4.8,9.2,6],"texture":"#2"},"up":{"uv":[7.6,9.2,6.4,8],"texture":"#2"},"down":{"uv":[9.2,6.4,8,7.6],"texture":"#2"}}},{"from":[7.22,12.49633,6.44],"to":[8.78,13.27633,9.56],"rotation":{"angle":0,"axis":"y","origin":[7.22,6.33433,3.866]},"faces":{"north":{"uv":[0.8,11.2,2,11.8],"texture":"#2"},"east":{"uv":[8,8,10.4,8.6],"texture":"#2"},"south":{"uv":[11.2,2.4,12.4,3],"texture":"#2"},"west":{"uv":[0,8.8,2.4,9.4],"texture":"#2"},"up":{"uv":[5.2,2.4,4,0],"texture":"#2"},"down":{"uv":[5.2,2.4,4,4.8],"texture":"#2"}}},{"from":[7.22,13.06363,3.89299],"to":[8.78,13.84363,6.70799],"rotation":{"angle":22.5,"axis":"x","origin":[8,13.45363,5.14799]},"faces":{"north":{"uv":[11.2,3.2,12.4,3.8],"texture":"#2"},"east":{"uv":[8.8,1.6,11,2.2],"texture":"#2"},"south":{"uv":[11.2,4,12.4,4.6],"texture":"#2"},"west":{"uv":[2.4,8.8,4.6,9.4],"texture":"#2"},"up":{"uv":[4.4,7,3.2,4.8],"texture":"#2"},"down":{"uv":[6,4.8,4.8,7],"texture":"#2"}}},{"from":[7.22,14.35237,3.71401],"to":[8.78,15.13237,6.11101],"rotation":{"angle":22.5,"axis":"x","origin":[8,13.18237,4.55101]},"faces":{"north":{"uv":[11.2,4.8,12.4,5.4],"texture":"#2"},"east":{"uv":[8.8,2.4,10.8,3],"texture":"#2"},"south":{"uv":[11.2,5.6,12.4,6.2],"texture":"#2"},"west":{"uv":[2.4,9.6,4.4,10.2],"texture":"#2"},"up":{"uv":[7.6,5.2,6.4,3.2],"texture":"#2"},"down":{"uv":[7.6,5.6,6.4,7.6],"texture":"#2"}}},{"from":[7.22,13.66633,6.44],"to":[8.78,14.44633,9.56],"rotation":{"angle":0,"axis":"y","origin":[7.22,6.33433,3.866]},"faces":{"north":{"uv":[6.4,11.2,7.6,11.8],"texture":"#2"},"east":{"uv":[8.8,0,11.2,0.6],"texture":"#2"},"south":{"uv":[11.2,6.4,12.4,7],"texture":"#2"},"west":{"uv":[8.8,0.8,11.2,1.4],"texture":"#2"},"up":{"uv":[1.2,7.2,0,4.8],"texture":"#2"},"down":{"uv":[2.8,4.8,1.6,7.2],"texture":"#2"}}},{"from":[7.376,13.27633,6.596],"to":[8.624,13.66633,9.404],"rotation":{"angle":0,"axis":"y","origin":[7.22,6.33433,3.866]},"faces":{"north":{"uv":[0,0,0,0],"texture":"#2"},"east":{"uv":[10.4,8,12.6,8.4],"texture":"#2"},"south":{"uv":[0,0,0,0],"texture":"#2"},"west":{"uv":[11.2,0,13.4,0.4],"texture":"#2"},"up":{"uv":[0,0,0,0],"texture":"#2"},"down":{"uv":[0,0,0,0],"texture":"#2"}}},{"from":[7.376,13.79877,4.2215],"to":[8.624,14.18877,6.7775],"rotation":{"angle":22.5,"axis":"x","origin":[8,13.99377,5.3735]},"faces":{"north":{"uv":[4,12.8,5,13.2],"texture":"#2"},"east":{"uv":[11.2,0.8,13.2,1.2],"texture":"#2"},"south":{"uv":[0,0,0,0],"texture":"#2"},"west":{"uv":[11.2,1.6,13.2,2],"texture":"#2"},"up":{"uv":[0,0,0,0],"texture":"#2"},"down":{"uv":[0,0,0,0],"texture":"#2"}}},{"from":[7.5,8.9,7.5],"to":[8.5,9.9,8.5],"rotation":{"angle":0,"axis":"y","origin":[7.5,7,7.5]},"faces":{"north":{"uv":[4.8,12,5.6,12.8],"texture":"#2"},"east":{"uv":[5.6,12,6.4,12.8],"texture":"#2"},"south":{"uv":[6.4,12,7.2,12.8],"texture":"#2"},"west":{"uv":[7.2,12,8,12.8],"texture":"#2"},"up":{"uv":[0,0,0,0],"texture":"#2"},"down":{"uv":[0,0,0,0],"texture":"#2"}}},{"from":[7.5,11.5,7.5],"to":[8.5,12.5,8.5],"rotation":{"angle":0,"axis":"y","origin":[7.5,5,7.5]},"faces":{"north":{"uv":[12,7.2,12.8,8],"texture":"#2"},"east":{"uv":[8,12,8.8,12.8],"texture":"#2"},"south":{"uv":[8.8,12,9.6,12.8],"texture":"#2"},"west":{"uv":[12,8.8,12.8,9.6],"texture":"#2"},"up":{"uv":[0,0,0,0],"texture":"#2"},"down":{"uv":[0,0,0,0],"texture":"#2"}}},{"from":[7.4,9.9,7.4],"to":[8.6,11.5,8.6],"rotation":{"angle":0,"axis":"y","origin":[7.5,7,7.5]},"faces":{"north":{"uv":[9.6,3.2,10.6,4.4],"texture":"#2"},"east":{"uv":[9.6,4.8,10.6,6],"texture":"#2"},"south":{"uv":[6.4,9.6,7.4,10.8],"texture":"#2"},"west":{"uv":[9.6,6.4,10.6,7.6],"texture":"#2"},"up":{"uv":[5,11.4,4,10.4],"texture":"#2"},"down":{"uv":[9,10.4,8,11.4],"texture":"#2"}}},{"from":[7.7325,14.12229,7.01309],"to":[8.2675,15.24229,7.67309],"rotation":{"angle":22.5,"axis":"x","origin":[7.8375,16.1547,7.6]},"faces":{"north":{"uv":[12.8,11.2,13.2,12.2],"texture":"#2"},"east":{"uv":[0.8,12.8,1.4,13.8],"texture":"#2"},"south":{"uv":[12,12.8,12.4,13.8],"texture":"#2"},"west":{"uv":[1.6,12.8,2.2,13.8],"texture":"#2"},"up":{"uv":[1.2,15,0.8,14.4],"texture":"#2"},"down":{"uv":[14.8,0.8,14.4,1.4],"texture":"#2"}}},{"from":[7.7325,15.28377,6.65836],"to":[8.2675,16.40377,7.31836],"rotation":{"angle":0,"axis":"x","origin":[7.8375,15.96992,7.52346]},"faces":{"north":{"uv":[8.8,12.8,9.2,13.8],"texture":"#2"},"east":{"uv":[12,11.2,12.6,12.2],"texture":"#2"},"south":{"uv":[12.8,9.6,13.2,10.6],"texture":"#2"},"west":{"uv":[0,12.8,0.6,13.8],"texture":"#2"},"up":{"uv":[0.4,15,0,14.4],"texture":"#2"},"down":{"uv":[14.8,0,14.4,0.6],"texture":"#2"}}},{"from":[7.7325,16.44923,6.99308],"to":[8.2675,17.36923,7.65308],"rotation":{"angle":-22.5,"axis":"x","origin":[7.8375,15.58514,7.6]},"faces":{"north":{"uv":[4,13.6,4.4,14.4],"texture":"#2"},"east":{"uv":[3.2,12.8,3.8,13.6],"texture":"#2"},"south":{"uv":[4.8,13.6,5.2,14.4],"texture":"#2"},"west":{"uv":[12.8,3.2,13.4,4],"texture":"#2"},"up":{"uv":[14,13.4,13.6,12.8],"texture":"#2"},"down":{"uv":[14,13.6,13.6,14.2],"texture":"#2"}}},{"from":[7.7325,16.69537,6.33882],"to":[8.2675,17.37037,6.99882],"rotation":{"angle":-22.5,"axis":"x","origin":[7.8375,15.57129,7.60574]},"faces":{"north":{"uv":[11.2,13.6,11.6,14.2],"texture":"#2"},"east":{"uv":[2.4,13.6,3,14.2],"texture":"#2"},"south":{"uv":[13.6,11.2,14,11.8],"texture":"#2"},"west":{"uv":[13.6,2.4,14.2,3],"texture":"#2"},"up":{"uv":[14,12.6,13.6,12],"texture":"#2"},"down":{"uv":[13.2,13.6,12.8,14.2],"texture":"#2"}}},{"from":[7.22,14.35237,9.88899],"to":[8.78,15.13237,12.28599],"rotation":{"angle":-22.5,"axis":"x","origin":[8,13.18237,11.44899]},"faces":{"north":{"uv":[12.4,5.6,11.2,6.2],"texture":"#2"},"east":{"uv":[10.8,2.4,8.8,3],"texture":"#2"},"south":{"uv":[12.4,4.8,11.2,5.4],"texture":"#2"},"west":{"uv":[4.4,9.6,2.4,10.2],"texture":"#2"},"up":{"uv":[7.6,3.2,6.4,5.2],"texture":"#2"},"down":{"uv":[7.6,7.6,6.4,5.6],"texture":"#2"}}},{"from":[7.22,13.06363,9.29201],"to":[8.78,13.84363,12.10701],"rotation":{"angle":-22.5,"axis":"x","origin":[8,13.45363,10.85201]},"faces":{"north":{"uv":[12.4,4,11.2,4.6],"texture":"#2"},"east":{"uv":[11,1.6,8.8,2.2],"texture":"#2"},"south":{"uv":[12.4,3.2,11.2,3.8],"texture":"#2"},"west":{"uv":[4.6,8.8,2.4,9.4],"texture":"#2"},"up":{"uv":[4.4,4.8,3.2,7],"texture":"#2"},"down":{"uv":[6,7,4.8,4.8],"texture":"#2"}}},{"from":[7.376,13.79877,9.2225],"to":[8.624,14.18877,11.7785],"rotation":{"angle":-22.5,"axis":"x","origin":[8,13.99377,10.6265]},"faces":{"north":{"uv":[0,0,0,0],"texture":"#2"},"east":{"uv":[13.2,0.8,11.2,1.2],"texture":"#2"},"south":{"uv":[5,12.8,4,13.2],"texture":"#2"},"west":{"uv":[13.2,1.6,11.2,2],"texture":"#2"},"up":{"uv":[0,0,0,0],"texture":"#2"},"down":{"uv":[0,0,0,0],"texture":"#2"}}},{"from":[7.7325,14.12229,8.32691],"to":[8.2675,15.24229,8.98691],"rotation":{"angle":-22.5,"axis":"x","origin":[7.8375,16.1547,8.4]},"faces":{"north":{"uv":[12.4,12.8,12,13.8],"texture":"#2"},"east":{"uv":[1.4,12.8,0.8,13.8],"texture":"#2"},"south":{"uv":[13.2,11.2,12.8,12.2],"texture":"#2"},"west":{"uv":[2.2,12.8,1.6,13.8],"texture":"#2"},"up":{"uv":[1.2,14.4,0.8,15],"texture":"#2"},"down":{"uv":[14.8,1.4,14.4,0.8],"texture":"#2"}}},{"from":[7.7325,15.28377,8.68164],"to":[8.2675,16.40377,9.34164],"rotation":{"angle":0,"axis":"x","origin":[7.8375,15.96992,8.47654]},"faces":{"north":{"uv":[13.2,9.6,12.8,10.6],"texture":"#2"},"east":{"uv":[12.6,11.2,12,12.2],"texture":"#2"},"south":{"uv":[9.2,12.8,8.8,13.8],"texture":"#2"},"west":{"uv":[0.6,12.8,0,13.8],"texture":"#2"},"up":{"uv":[0.4,14.4,0,15],"texture":"#2"},"down":{"uv":[14.8,0.6,14.4,0],"texture":"#2"}}},{"from":[7.7325,16.44923,8.34692],"to":[8.2675,17.36923,9.00692],"rotation":{"angle":22.5,"axis":"x","origin":[7.8375,15.58514,8.4]},"faces":{"north":{"uv":[5.2,13.6,4.8,14.4],"texture":"#2"},"east":{"uv":[3.8,12.8,3.2,13.6],"texture":"#2"},"south":{"uv":[4.4,13.6,4,14.4],"texture":"#2"},"west":{"uv":[13.4,3.2,12.8,4],"texture":"#2"},"up":{"uv":[14,12.8,13.6,13.4],"texture":"#2"},"down":{"uv":[14,14.2,13.6,13.6],"texture":"#2"}}},{"from":[7.7325,16.69537,9.00118],"to":[8.2675,17.37037,9.66118],"rotation":{"angle":22.5,"axis":"x","origin":[7.8375,15.57129,8.39426]},"faces":{"north":{"uv":[14,11.2,13.6,11.8],"texture":"#2"},"east":{"uv":[3,13.6,2.4,14.2],"texture":"#2"},"south":{"uv":[11.6,13.6,11.2,14.2],"texture":"#2"},"west":{"uv":[14.2,2.4,13.6,3],"texture":"#2"},"up":{"uv":[14,12,13.6,12.6],"texture":"#2"},"down":{"uv":[13.2,14.2,12.8,13.6],"texture":"#2"}}},{"from":[8,14,5.85],"to":[8,20,10.15],"rotation":{"angle":0,"axis":"y","origin":[8,5,6.85]},"faces":{"north":{"uv":[0,0,0,4.8],"texture":"#2"},"east":{"uv":[3.4,0,0,4.8],"texture":"#2"},"south":{"uv":[0,0,0,4.8],"texture":"#2"},"west":{"uv":[0,0,3.4,4.8],"texture":"#2"},"up":{"uv":[0,3.4,0,0],"texture":"#2"},"down":{"uv":[0,0,0,3.4],"texture":"#2"}}},{"from":[7.6,13.5,5.5],"to":[7.6,22.5,10.5],"rotation":{"angle":0,"axis":"y","origin":[7.6,13.5,5.5]},"faces":{"north":{"uv":[0,0,0,12],"texture":"#1"},"south":{"uv":[0,0,0,12],"texture":"#1"},"west":{"uv":[0,0,6.66667,12],"texture":"#1"},"up":{"uv":[0,6.66667,0,0],"texture":"#1"},"down":{"uv":[0,0,0,6.66667],"texture":"#1"}}},{"from":[8.4,13.5,5.5],"to":[8.4,22.5,10.5],"rotation":{"angle":0,"axis":"y","origin":[8.4,13.5,5.5]},"faces":{"north":{"uv":[0,0,0,12],"texture":"#1"},"east":{"uv":[6.66667,0,0,12],"texture":"#1"},"south":{"uv":[0,0,0,12],"texture":"#1"},"up":{"uv":[0,6.66667,0,0],"texture":"#1"},"down":{"uv":[0,0,0,6.66667],"texture":"#1"}}}],"gui_light":"front","display":{"thirdperson_righthand":{"translation":[0,1.5,1.25]},"thirdperson_lefthand":{"translation":[0,1.5,1.25]},"firstperson_righthand":{"rotation":[-15,0,0],"translation":[-2.25,2.75,2.75]},"firstperson_lefthand":{"rotation":[-15,0,0],"translation":[-2.25,2.75,2.75]},"ground":{"translation":[0,10.25,0]},"gui":{"rotation":[90,-135,90],"translation":[-1.75,-1.75,0],"scale":[1.00586,1.00586,1.00586]},"head":{"rotation":[0,90,0],"scale":[1.5,1.5,1.5]},"fixed":{"rotation":[0,-90,0],"translation":[0,-4.5,-1.5],"scale":[2,2,2]}}}