{"credit":"MadebyPolygonMC","texture_size":[32,32],"textures":{"0":"thunderboltset:wings","particle":"thunderboltset:wings"},"elements":[{"from":[9,6,7.3],"to":[11,8,8.7],"rotation":{"angle":-45,"axis":"z","origin":[9,6,7.5]},"faces":{"north":{"uv":[7.625,9.5,8.625,10.5],"texture":"#0"},"east":{"uv":[12.375,0.5,13.125,1.5],"texture":"#0"},"south":{"uv":[7.625,9.5,8.625,10.5],"rotation":270,"texture":"#0"},"west":{"uv":[12.375,1.5,13.125,2.5],"texture":"#0"},"up":{"uv":[13.375,3.25,12.375,2.5],"texture":"#0"},"down":{"uv":[13.375,3.5,12.375,4.25],"texture":"#0"}}},{"from":[9.07157,13.67157,7.3],"to":[11.07157,15.67157,8.7],"rotation":{"angle":-45,"axis":"z","origin":[9.07157,9.67157,7.5]},"faces":{"north":{"uv":[7.625,9.5,8.625,10.5],"texture":"#0"},"east":{"uv":[12.375,0.5,13.125,1.5],"texture":"#0"},"south":{"uv":[7.625,9.5,8.625,10.5],"rotation":270,"texture":"#0"},"west":{"uv":[12.375,1.5,13.125,2.5],"texture":"#0"},"up":{"uv":[13.375,3.25,12.375,2.5],"texture":"#0"},"down":{"uv":[13.375,3.5,12.375,4.25],"texture":"#0"}}},{"from":[9.73331,6.9259,7.604],"to":[10.65331,7.7179,8.396],"rotation":{"angle":-22.5,"axis":"z","origin":[10.39331,7.1239,8]},"faces":{"north":{"uv":[11.5,4.5,12,4.875],"texture":"#0"},"south":{"uv":[11.5,5.5,12,5.875],"texture":"#0"},"west":{"uv":[8.5,11.5,8.875,11.875],"texture":"#0"},"up":{"uv":[6.5,11.875,6,11.5],"texture":"#0"},"down":{"uv":[12,6,11.5,6.375],"texture":"#0"}}},{"from":[9.35861,7.23728,7.67],"to":[10.01861,7.89728,8.33],"rotation":{"angle":0,"axis":"z","origin":[9.32561,7.53428,8]},"faces":{"north":{"uv":[11.5,8.5,11.875,8.875],"texture":"#0"},"south":{"uv":[9,11.5,9.375,11.875],"texture":"#0"},"west":{"uv":[11.5,9,11.875,9.375],"texture":"#0"},"up":{"uv":[9.875,11.875,9.5,11.5],"texture":"#0"},"down":{"uv":[11.875,9.5,11.5,9.875],"texture":"#0"}}},{"from":[8.84711,7.30328,7.736],"to":[9.50711,7.83128,8.264],"rotation":{"angle":22.5,"axis":"z","origin":[9.32561,7.53428,8]},"faces":{"north":{"uv":[12,6.5,12.375,6.75],"texture":"#0"},"south":{"uv":[7,12,7.375,12.25],"texture":"#0"},"west":{"uv":[9,12,9.25,12.25],"texture":"#0"},"up":{"uv":[12.375,7.25,12,7],"texture":"#0"},"down":{"uv":[7.875,12,7.5,12.25],"texture":"#0"}}},{"from":[8.50871,6.87553,7.802],"to":[8.90471,7.53553,8.198],"rotation":{"angle":-45,"axis":"z","origin":[8.72321,7.20553,8]},"faces":{"north":{"uv":[12,7.5,12.25,7.875],"texture":"#0"},"east":{"uv":[8,12,8.25,12.375],"texture":"#0"},"south":{"uv":[12,8,12.25,8.375],"texture":"#0"},"west":{"uv":[8.5,12,8.75,12.375],"texture":"#0"},"down":{"uv":[12.25,9,12,9.25],"texture":"#0"}}},{"from":[11.65528,12.71259,7.4],"to":[12.85528,13.71259,8.6],"rotation":{"angle":22.5,"axis":"z","origin":[11.86531,13.99224,8]},"faces":{"north":{"uv":[9.5,10.5,10.125,11],"texture":"#0"},"east":{"uv":[10.5,10.5,11.125,11],"texture":"#0"},"south":{"uv":[10.125,10.5,9.5,11],"texture":"#0"},"west":{"uv":[11,0.5,11.625,1],"texture":"#0"},"up":{"uv":[7.625,11.125,7,10.5],"texture":"#0"}}},{"from":[13.37947,12.7367,7.6],"to":[16.37947,13.9367,8.4],"rotation":{"angle":22.5,"axis":"z","origin":[13.97947,13.9367,8]},"faces":{"north":{"uv":[9.375,9.625,10.875,10.25],"texture":"#0"},"east":{"uv":[6.5,12.375,6.875,13],"texture":"#0"},"south":{"uv":[10.875,9.625,9.375,10.25],"texture":"#0"},"west":{"uv":[7,12.375,7.375,13],"texture":"#0"},"up":{"uv":[9.25,11,7.75,10.625],"texture":"#0"},"down":{"uv":[12,4,10.5,4.375],"texture":"#0"}}},{"from":[16.16221,14.94984,7.7],"to":[18.16221,15.94984,8.3],"rotation":{"angle":45,"axis":"z","origin":[17.81221,14.87484,8]},"faces":{"north":{"uv":[10.5,4.5,11.5,5],"texture":"#0"},"east":{"uv":[11.5,10,11.75,10.5],"texture":"#0"},"south":{"uv":[11.5,4.5,10.5,5],"texture":"#0"},"up":{"uv":[8,12.625,7,12.375],"texture":"#0"},"down":{"uv":[12,5,11,5.25],"texture":"#0"}}},{"from":[17.01702,15.1733,7.8],"to":[17.81702,17.1733,8.2],"rotation":{"angle":-22.5,"axis":"z","origin":[17.94202,14.8233,8]},"faces":{"north":{"uv":[10.5,8.5,10.875,9.5],"texture":"#0"},"east":{"uv":[11,5.5,11.25,6.5],"texture":"#0"},"south":{"uv":[10.875,8.5,10.5,9.5],"texture":"#0"},"west":{"uv":[11,8,11.25,9],"texture":"#0"},"up":{"uv":[12.375,8.75,12,8.5],"texture":"#0"}}},{"from":[11.51425,13.75745,7.5],"to":[12.51425,14.75745,8.5],"rotation":{"angle":-45,"axis":"z","origin":[11.86531,13.99224,8]},"faces":{"north":{"uv":[11,6.5,11.5,7],"texture":"#0"},"south":{"uv":[11.5,6.5,11,7],"texture":"#0"},"west":{"uv":[9.5,11,10,11.5],"texture":"#0"},"up":{"uv":[11.5,10,11,9.5],"texture":"#0"},"down":{"uv":[10.5,11,10,11.5],"texture":"#0"}}},{"from":[10.85213,13.99455,7.6],"to":[11.85213,14.79455,8.4],"rotation":{"angle":-22.5,"axis":"z","origin":[11.86531,13.99224,8]},"faces":{"north":{"uv":[6.5,11.5,7,11.875],"texture":"#0"},"south":{"uv":[7,11.5,6.5,11.875],"texture":"#0"},"west":{"uv":[10,11.5,10.375,11.875],"texture":"#0"},"up":{"uv":[7.5,11.875,7,11.5],"texture":"#0"},"down":{"uv":[12,7,11.5,7.375],"texture":"#0"}}},{"from":[10.23629,14.4462,7.7],"to":[11.23629,15.0462,8.3],"rotation":{"angle":0,"axis":"z","origin":[11.86531,13.99224,8]},"faces":{"north":{"uv":[10.5,11.5,11,11.75],"texture":"#0"},"south":{"uv":[11.5,10.5,12,10.75],"texture":"#0"},"west":{"uv":[9.5,12,9.75,12.25],"texture":"#0"},"up":{"uv":[11.5,11.75,11,11.5],"texture":"#0"},"down":{"uv":[12,11,11.5,11.25],"texture":"#0"}}},{"from":[11.16972,6.01259,7.4],"to":[12.36972,8.01259,8.6],"rotation":{"angle":-22.5,"axis":"z","origin":[12.34198,8.21673,8]},"faces":{"north":{"uv":[7,9.5,7.625,10.5],"texture":"#0"},"east":{"uv":[12.5,6.5,13.125,7.5],"texture":"#0"},"south":{"uv":[7.625,9.5,7,10.5],"texture":"#0"},"west":{"uv":[12.5,6.5,13.125,7.5],"texture":"#0"},"up":{"uv":[11.5,7.875,10.875,7.25],"texture":"#0"}}},{"from":[13.01402,10.10106,7.4],"to":[14.21402,12.10106,8.6],"rotation":{"angle":-22.5,"axis":"z","origin":[13.04176,12.89692,8]},"faces":{"north":{"uv":[7.625,9.5,7,10.5],"rotation":180,"texture":"#0"},"east":{"uv":[12.5,6.5,13.125,7.5],"rotation":180,"texture":"#0"},"south":{"uv":[7,9.5,7.625,10.5],"rotation":180,"texture":"#0"},"west":{"uv":[12.5,6.5,13.125,7.5],"rotation":180,"texture":"#0"},"down":{"uv":[11.5,7.875,10.875,7.25],"rotation":180,"texture":"#0"}}},{"from":[11.26972,8.01259,7.5],"to":[12.26972,10.01259,8.5],"rotation":{"angle":-22.5,"axis":"z","origin":[12.34198,8.21673,8]},"faces":{"north":{"uv":[10.5,5,11,6],"texture":"#0"},"east":{"uv":[6.5,10.5,6,11.5],"texture":"#0"},"south":{"uv":[11,5,10.5,6],"texture":"#0"},"west":{"uv":[6,10.5,6.5,11.5],"texture":"#0"}}},{"from":[11.37501,5.9782,7.75],"to":[12.37501,6.9782,8.25],"rotation":{"angle":-45,"axis":"z","origin":[12.74372,6.47964,8]},"faces":{"north":{"uv":[11.5,2,12,2.5],"texture":"#0"},"east":{"uv":[12,3.5,12.25,4],"texture":"#0"},"south":{"uv":[11.5,2.5,12,3],"texture":"#0"},"west":{"uv":[12,4,12.25,4.5],"texture":"#0"},"up":{"uv":[12.5,4.75,12,4.5],"texture":"#0"},"down":{"uv":[12.5,5,12,5.25],"texture":"#0"}}},{"from":[12.37501,6.0782,7.85],"to":[13.37501,6.8782,8.15],"rotation":{"angle":-45,"axis":"z","origin":[12.74372,6.47964,8]},"faces":{"north":{"uv":[8,11.5,8.5,11.875],"texture":"#0"},"south":{"uv":[11.5,8,12,8.375],"texture":"#0"},"up":{"uv":[12.5,10.125,12,10],"texture":"#0"},"down":{"uv":[11,12,10.5,12.125],"texture":"#0"}}},{"from":[12.85902,5.36638,7.75],"to":[13.85902,6.36638,8.25],"rotation":{"angle":0,"axis":"z","origin":[12.74372,6.47964,8]},"faces":{"north":{"uv":[11.5,3,12,3.5],"texture":"#0"},"east":{"uv":[12,5.5,12.25,6],"texture":"#0"},"south":{"uv":[11.5,3,12,3.5],"rotation":270,"texture":"#0"},"west":{"uv":[6,12,6.25,12.5],"texture":"#0"},"up":{"uv":[12.5,6.25,12,6],"texture":"#0"},"down":{"uv":[7,12,6.5,12.25],"texture":"#0"}}},{"from":[14.7877,11.13805,7.85],"to":[15.7877,11.93805,8.15],"rotation":{"angle":-22.5,"axis":"z","origin":[15.15641,11.53949,8]},"faces":{"north":{"uv":[8,11.5,8.5,11.875],"texture":"#0"},"south":{"uv":[11.5,8,12,8.375],"texture":"#0"},"up":{"uv":[12.5,10.125,12,10],"texture":"#0"},"down":{"uv":[11,12,10.5,12.125],"texture":"#0"}}},{"from":[13.7877,11.03805,7.75],"to":[14.7877,12.03805,8.25],"rotation":{"angle":-22.5,"axis":"z","origin":[15.15641,11.53949,8]},"faces":{"north":{"uv":[11.5,2,12,2.5],"texture":"#0"},"east":{"uv":[12,3.5,12.25,4],"texture":"#0"},"south":{"uv":[11.5,2.5,12,3],"texture":"#0"},"west":{"uv":[12,4,12.25,4.5],"texture":"#0"},"up":{"uv":[12.5,4.75,12,4.5],"texture":"#0"},"down":{"uv":[12.5,5,12,5.25],"texture":"#0"}}},{"from":[15.27171,10.42623,7.75],"to":[16.27171,11.42623,8.25],"rotation":{"angle":22.5,"axis":"z","origin":[15.15641,11.53949,8]},"faces":{"north":{"uv":[11.5,3,12,3.5],"texture":"#0"},"east":{"uv":[12,5.5,12.25,6],"texture":"#0"},"south":{"uv":[11.5,3,12,3.5],"rotation":270,"texture":"#0"},"west":{"uv":[6,12,6.25,12.5],"texture":"#0"},"up":{"uv":[12.5,6.25,12,6],"texture":"#0"},"down":{"uv":[7,12,6.5,12.25],"texture":"#0"}}},{"from":[12.4,5.3,8],"to":[31.4,22.3,8],"rotation":{"angle":0,"axis":"y","origin":[15,7,8]},"faces":{"north":{"uv":[0,0,9.5,8.5],"texture":"#0"},"east":{"uv":[0,0,0,8.5],"texture":"#0"},"south":{"uv":[9.5,0,0,8.5],"texture":"#0"},"west":{"uv":[0,0,0,8.5],"texture":"#0"},"up":{"uv":[9.5,0,0,0],"texture":"#0"},"down":{"uv":[9.5,0,0,0],"texture":"#0"}}},{"from":[8.9,-5,7.9],"to":[18.9,8,7.9],"rotation":{"angle":0,"axis":"y","origin":[11.9,-7,7.9]},"faces":{"north":{"uv":[0,8.5,5,15],"texture":"#0"},"east":{"uv":[0,0,0,6.5],"texture":"#0"},"south":{"uv":[5,8.5,0,15],"texture":"#0"},"west":{"uv":[0,0,0,6.5],"texture":"#0"},"up":{"uv":[5,0,0,0],"texture":"#0"},"down":{"uv":[5,0,0,0],"texture":"#0"}}},{"from":[5,6,7.3],"to":[7,8,8.7],"rotation":{"angle":45,"axis":"z","origin":[7,6,7.5]},"faces":{"north":{"uv":[8.625,9.5,7.625,10.5],"texture":"#0"},"east":{"uv":[13.125,1.5,12.375,2.5],"texture":"#0"},"south":{"uv":[7.625,10.5,8.625,9.5],"rotation":270,"texture":"#0"},"west":{"uv":[13.125,0.5,12.375,1.5],"texture":"#0"},"up":{"uv":[12.375,3.25,13.375,2.5],"texture":"#0"},"down":{"uv":[12.375,3.5,13.375,4.25],"texture":"#0"}}},{"from":[4.92843,13.67157,7.3],"to":[6.92843,15.67157,8.7],"rotation":{"angle":45,"axis":"z","origin":[6.92843,9.67157,7.5]},"faces":{"north":{"uv":[8.625,9.5,7.625,10.5],"texture":"#0"},"east":{"uv":[13.125,1.5,12.375,2.5],"texture":"#0"},"south":{"uv":[7.625,10.5,8.625,9.5],"rotation":270,"texture":"#0"},"west":{"uv":[13.125,0.5,12.375,1.5],"texture":"#0"},"up":{"uv":[12.375,3.25,13.375,2.5],"texture":"#0"},"down":{"uv":[12.375,3.5,13.375,4.25],"texture":"#0"}}},{"from":[5.34669,6.9259,7.604],"to":[6.26669,7.7179,8.396],"rotation":{"angle":22.5,"axis":"z","origin":[5.60669,7.1239,8]},"faces":{"north":{"uv":[12,4.5,11.5,4.875],"texture":"#0"},"east":{"uv":[8.875,11.5,8.5,11.875],"texture":"#0"},"south":{"uv":[12,5.5,11.5,5.875],"texture":"#0"},"up":{"uv":[6,11.875,6.5,11.5],"texture":"#0"},"down":{"uv":[11.5,6,12,6.375],"texture":"#0"}}},{"from":[5.98139,7.23728,7.67],"to":[6.64139,7.89728,8.33],"rotation":{"angle":0,"axis":"z","origin":[6.67439,7.53428,8]},"faces":{"north":{"uv":[11.875,8.5,11.5,8.875],"texture":"#0"},"east":{"uv":[11.875,9,11.5,9.375],"texture":"#0"},"south":{"uv":[9.375,11.5,9,11.875],"texture":"#0"},"up":{"uv":[9.5,11.875,9.875,11.5],"texture":"#0"},"down":{"uv":[11.5,9.5,11.875,9.875],"texture":"#0"}}},{"from":[6.49289,7.30328,7.736],"to":[7.15289,7.83128,8.264],"rotation":{"angle":-22.5,"axis":"z","origin":[6.67439,7.53428,8]},"faces":{"north":{"uv":[12.375,6.5,12,6.75],"texture":"#0"},"east":{"uv":[9.25,12,9,12.25],"texture":"#0"},"south":{"uv":[7.375,12,7,12.25],"texture":"#0"},"up":{"uv":[12,7.25,12.375,7],"texture":"#0"},"down":{"uv":[7.5,12,7.875,12.25],"texture":"#0"}}},{"from":[7.09529,6.87553,7.802],"to":[7.49129,7.53553,8.198],"rotation":{"angle":45,"axis":"z","origin":[7.27679,7.20553,8]},"faces":{"north":{"uv":[12.25,7.5,12,7.875],"texture":"#0"},"east":{"uv":[8.75,12,8.5,12.375],"texture":"#0"},"south":{"uv":[12.25,8,12,8.375],"texture":"#0"},"west":{"uv":[8.25,12,8,12.375],"texture":"#0"},"down":{"uv":[12,9,12.25,9.25],"texture":"#0"}}},{"from":[3.14472,12.71259,7.4],"to":[4.34472,13.71259,8.6],"rotation":{"angle":-22.5,"axis":"z","origin":[4.13469,13.99224,8]},"faces":{"north":{"uv":[10.125,10.5,9.5,11],"texture":"#0"},"east":{"uv":[11.625,0.5,11,1],"texture":"#0"},"south":{"uv":[9.5,10.5,10.125,11],"texture":"#0"},"west":{"uv":[11.125,10.5,10.5,11],"texture":"#0"},"up":{"uv":[7,11.125,7.625,10.5],"texture":"#0"}}},{"from":[-0.37947,12.7367,7.6],"to":[2.62053,13.9367,8.4],"rotation":{"angle":-22.5,"axis":"z","origin":[2.02053,13.9367,8]},"faces":{"north":{"uv":[10.875,9.625,9.375,10.25],"texture":"#0"},"east":{"uv":[7.375,12.375,7,13],"texture":"#0"},"south":{"uv":[9.375,9.625,10.875,10.25],"texture":"#0"},"west":{"uv":[6.875,12.375,6.5,13],"texture":"#0"},"up":{"uv":[7.75,11,9.25,10.625],"texture":"#0"},"down":{"uv":[10.5,4,12,4.375],"texture":"#0"}}},{"from":[-2.16221,14.94984,7.7],"to":[-0.16221,15.94984,8.3],"rotation":{"angle":-45,"axis":"z","origin":[-1.81221,14.87484,8]},"faces":{"north":{"uv":[11.5,4.5,10.5,5],"texture":"#0"},"south":{"uv":[10.5,4.5,11.5,5],"texture":"#0"},"west":{"uv":[11.75,10,11.5,10.5],"texture":"#0"},"up":{"uv":[7,12.625,8,12.375],"texture":"#0"},"down":{"uv":[11,5,12,5.25],"texture":"#0"}}},{"from":[-1.81702,15.1733,7.8],"to":[-1.01702,17.1733,8.2],"rotation":{"angle":22.5,"axis":"z","origin":[-1.94202,14.8233,8]},"faces":{"north":{"uv":[10.875,8.5,10.5,9.5],"texture":"#0"},"east":{"uv":[11.25,8,11,9],"texture":"#0"},"south":{"uv":[10.5,8.5,10.875,9.5],"texture":"#0"},"west":{"uv":[11.25,5.5,11,6.5],"texture":"#0"},"up":{"uv":[12,8.75,12.375,8.5],"texture":"#0"}}},{"from":[3.48575,13.75745,7.5],"to":[4.48575,14.75745,8.5],"rotation":{"angle":45,"axis":"z","origin":[4.13469,13.99224,8]},"faces":{"north":{"uv":[11.5,6.5,11,7],"texture":"#0"},"east":{"uv":[10,11,9.5,11.5],"texture":"#0"},"south":{"uv":[11,6.5,11.5,7],"texture":"#0"},"up":{"uv":[11,10,11.5,9.5],"texture":"#0"},"down":{"uv":[10,11,10.5,11.5],"texture":"#0"}}},{"from":[4.14787,13.99455,7.6],"to":[5.14787,14.79455,8.4],"rotation":{"angle":22.5,"axis":"z","origin":[4.13469,13.99224,8]},"faces":{"north":{"uv":[7,11.5,6.5,11.875],"texture":"#0"},"east":{"uv":[10.375,11.5,10,11.875],"texture":"#0"},"south":{"uv":[6.5,11.5,7,11.875],"texture":"#0"},"up":{"uv":[7,11.875,7.5,11.5],"texture":"#0"},"down":{"uv":[11.5,7,12,7.375],"texture":"#0"}}},{"from":[4.76371,14.4462,7.7],"to":[5.76371,15.0462,8.3],"rotation":{"angle":0,"axis":"z","origin":[4.13469,13.99224,8]},"faces":{"north":{"uv":[11,11.5,10.5,11.75],"texture":"#0"},"east":{"uv":[9.75,12,9.5,12.25],"texture":"#0"},"south":{"uv":[12,10.5,11.5,10.75],"texture":"#0"},"up":{"uv":[11,11.75,11.5,11.5],"texture":"#0"},"down":{"uv":[11.5,11,12,11.25],"texture":"#0"}}},{"from":[3.63028,6.01259,7.4],"to":[4.83028,8.01259,8.6],"rotation":{"angle":22.5,"axis":"z","origin":[3.65802,8.21673,8]},"faces":{"north":{"uv":[7.625,9.5,7,10.5],"texture":"#0"},"east":{"uv":[13.125,6.5,12.5,7.5],"texture":"#0"},"south":{"uv":[7,9.5,7.625,10.5],"texture":"#0"},"west":{"uv":[13.125,6.5,12.5,7.5],"texture":"#0"},"up":{"uv":[10.875,7.875,11.5,7.25],"texture":"#0"}}},{"from":[1.78598,10.10106,7.4],"to":[2.98598,12.10106,8.6],"rotation":{"angle":22.5,"axis":"z","origin":[2.95824,12.89692,8]},"faces":{"north":{"uv":[7,9.5,7.625,10.5],"rotation":180,"texture":"#0"},"east":{"uv":[13.125,6.5,12.5,7.5],"rotation":180,"texture":"#0"},"south":{"uv":[7.625,9.5,7,10.5],"rotation":180,"texture":"#0"},"west":{"uv":[13.125,6.5,12.5,7.5],"rotation":180,"texture":"#0"},"down":{"uv":[10.875,7.875,11.5,7.25],"rotation":180,"texture":"#0"}}},{"from":[3.73028,8.01259,7.5],"to":[4.73028,10.01259,8.5],"rotation":{"angle":22.5,"axis":"z","origin":[3.65802,8.21673,8]},"faces":{"north":{"uv":[11,5,10.5,6],"texture":"#0"},"east":{"uv":[6.5,10.5,6,11.5],"texture":"#0"},"south":{"uv":[10.5,5,11,6],"texture":"#0"},"west":{"uv":[6,10.5,6.5,11.5],"texture":"#0"}}},{"from":[3.62499,5.9782,7.75],"to":[4.62499,6.9782,8.25],"rotation":{"angle":45,"axis":"z","origin":[3.25628,6.47964,8]},"faces":{"north":{"uv":[12,2,11.5,2.5],"texture":"#0"},"east":{"uv":[12.25,4,12,4.5],"texture":"#0"},"south":{"uv":[12,2.5,11.5,3],"texture":"#0"},"west":{"uv":[12.25,3.5,12,4],"texture":"#0"},"up":{"uv":[12,4.75,12.5,4.5],"texture":"#0"},"down":{"uv":[12,5,12.5,5.25],"texture":"#0"}}},{"from":[2.62499,6.0782,7.85],"to":[3.62499,6.8782,8.15],"rotation":{"angle":45,"axis":"z","origin":[3.25628,6.47964,8]},"faces":{"north":{"uv":[8.5,11.5,8,11.875],"texture":"#0"},"south":{"uv":[12,8,11.5,8.375],"texture":"#0"},"up":{"uv":[12,10.125,12.5,10],"texture":"#0"},"down":{"uv":[10.5,12,11,12.125],"texture":"#0"}}},{"from":[2.14098,5.36638,7.75],"to":[3.14098,6.36638,8.25],"rotation":{"angle":0,"axis":"z","origin":[3.25628,6.47964,8]},"faces":{"north":{"uv":[12,3,11.5,3.5],"texture":"#0"},"east":{"uv":[6.25,12,6,12.5],"texture":"#0"},"south":{"uv":[11.5,3.5,12,3],"rotation":270,"texture":"#0"},"west":{"uv":[12.25,5.5,12,6],"texture":"#0"},"up":{"uv":[12,6.25,12.5,6],"texture":"#0"},"down":{"uv":[6.5,12,7,12.25],"texture":"#0"}}},{"from":[0.2123,11.13805,7.85],"to":[1.2123,11.93805,8.15],"rotation":{"angle":22.5,"axis":"z","origin":[0.84359,11.53949,8]},"faces":{"north":{"uv":[8.5,11.5,8,11.875],"texture":"#0"},"south":{"uv":[12,8,11.5,8.375],"texture":"#0"},"up":{"uv":[12,10.125,12.5,10],"texture":"#0"},"down":{"uv":[10.5,12,11,12.125],"texture":"#0"}}},{"from":[1.2123,11.03805,7.75],"to":[2.2123,12.03805,8.25],"rotation":{"angle":22.5,"axis":"z","origin":[0.84359,11.53949,8]},"faces":{"north":{"uv":[12,2,11.5,2.5],"texture":"#0"},"east":{"uv":[12.25,4,12,4.5],"texture":"#0"},"south":{"uv":[12,2.5,11.5,3],"texture":"#0"},"west":{"uv":[12.25,3.5,12,4],"texture":"#0"},"up":{"uv":[12,4.75,12.5,4.5],"texture":"#0"},"down":{"uv":[12,5,12.5,5.25],"texture":"#0"}}},{"from":[-0.27171,10.42623,7.75],"to":[0.72829,11.42623,8.25],"rotation":{"angle":-22.5,"axis":"z","origin":[0.84359,11.53949,8]},"faces":{"north":{"uv":[12,3,11.5,3.5],"texture":"#0"},"east":{"uv":[6.25,12,6,12.5],"texture":"#0"},"south":{"uv":[11.5,3.5,12,3],"rotation":270,"texture":"#0"},"west":{"uv":[12.25,5.5,12,6],"texture":"#0"},"up":{"uv":[12,6.25,12.5,6],"texture":"#0"},"down":{"uv":[6.5,12,7,12.25],"texture":"#0"}}},{"from":[-15.4,5.3,8],"to":[3.6,22.3,8],"rotation":{"angle":0,"axis":"y","origin":[1,7,8]},"faces":{"north":{"uv":[9.5,0,0,8.5],"texture":"#0"},"east":{"uv":[0,0,0,8.5],"texture":"#0"},"south":{"uv":[0,0,9.5,8.5],"texture":"#0"},"west":{"uv":[0,0,0,8.5],"texture":"#0"},"up":{"uv":[0,0,9.5,0],"texture":"#0"},"down":{"uv":[0,0,9.5,0],"texture":"#0"}}},{"from":[-2.9,-5,7.9],"to":[7.1,8,7.9],"rotation":{"angle":0,"axis":"y","origin":[4.1,-7,7.9]},"faces":{"north":{"uv":[5,8.5,0,15],"texture":"#0"},"east":{"uv":[0,0,0,6.5],"texture":"#0"},"south":{"uv":[0,8.5,5,15],"texture":"#0"},"west":{"uv":[0,0,0,6.5],"texture":"#0"},"up":{"uv":[0,0,5,0],"texture":"#0"},"down":{"uv":[0,0,5,0],"texture":"#0"}}}],"gui_light":"front","display":{"thirdperson_righthand":{"rotation":[51,0,0],"translation":[0,0.25,0],"scale":[0.27539,0.27539,0.27539]},"thirdperson_lefthand":{"rotation":[67.75,0,0],"translation":[-5.6,-6.5,11.75],"scale":[1.04297,1.04297,1.04297]},"firstperson_righthand":{"translation":[0,0.5,0],"scale":[0.42383,0.42383,0.42383]},"firstperson_lefthand":{"scale":[0,0,0]},"ground":{"rotation":[45,0,0],"translation":[0,5.75,0],"scale":[0.57813,0.57813,0.57813]},"gui":{"translation":[0,0.25,0],"scale":[0.42383,0.42383,0.42383]},"head":{"translation":[0,-46.25,7.25],"scale":[2.03906,2.03906,2.03906]},"fixed":{"translation":[0,-1.5,-1.5],"scale":[1.47461,1.47461,1.47461]}}}