{"credit":"Made by PolygonMC","texture_size":[24,24],"textures":{"1":"littledragonset:little_dragon","3":"littledragonset:animations/animations_flame_03","4":"littledragonset:animations/animations_flame_02","6":"littledragonset:backpack","particle":"littledragonset:animations/animations_flame_03"},"elements":[{"from":[6.5,-13.5,7],"to":[9.5,-11,9],"rotation":{"angle":0,"axis":"y","origin":[6.5,-13.5,4]},"faces":{"north":{"uv":[0,0,4,3.33333],"texture":"#6","tintindex":0},"east":{"uv":[4,5.33333,6.66667,8.66667],"texture":"#6","tintindex":0},"south":{"uv":[0,3.33333,4,6.66667],"texture":"#6","tintindex":0},"west":{"uv":[0,6.66667,2.66667,10],"texture":"#6","tintindex":0},"up":{"uv":[8,2.66667,4,0],"texture":"#6","tintindex":0},"down":{"uv":[8,2.66667,4,5.33333],"texture":"#6","tintindex":0}}},{"from":[6.5,-11,7],"to":[9.5,-9.5,8.5],"rotation":{"angle":0,"axis":"y","origin":[6.5,-13.5,4]},"faces":{"north":{"uv":[6.66667,5.33333,10.66667,7.33333],"texture":"#6","tintindex":0},"east":{"uv":[4,10.66667,6,12.66667],"texture":"#6","tintindex":0},"south":{"uv":[6.66667,7.33333,10.66667,9.33333],"texture":"#6","tintindex":0},"west":{"uv":[10.66667,4,12.66667,6],"texture":"#6","tintindex":0},"up":{"uv":[12,2,8,0],"texture":"#6","tintindex":0}}},{"from":[6.75,-10.75,7.25],"to":[9.25,-9.375,8.625],"rotation":{"angle":0,"axis":"y","origin":[6.5,-13.5,4]},"faces":{"north":{"uv":[8,2,11.33333,4],"texture":"#6","tintindex":0},"east":{"uv":[0,10,2,12],"texture":"#6","tintindex":0},"south":{"uv":[2.66667,8.66667,6,10.66667],"texture":"#6","tintindex":0},"west":{"uv":[2,10.66667,4,12.66667],"texture":"#6","tintindex":0},"up":{"uv":[9.33333,11.33333,6,9.33333],"texture":"#6","tintindex":0},"down":{"uv":[12.66667,9.33333,9.33333,11.33333],"texture":"#6","tintindex":0}}},{"from":[6,-12.5,7.5],"to":[6.5,-11.5,8.5],"rotation":{"angle":0,"axis":"y","origin":[6,-13,8]},"faces":{"north":{"uv":[8,4,8.66667,5.33333],"texture":"#6","tintindex":0},"south":{"uv":[8.66667,4,9.33333,5.33333],"texture":"#6","tintindex":0},"west":{"uv":[2.66667,6.66667,4,8],"texture":"#6","tintindex":0},"up":{"uv":[10,5.33333,9.33333,4],"texture":"#6","tintindex":0},"down":{"uv":[10.66667,4,10,5.33333],"texture":"#6","tintindex":0}}},{"from":[9.5,-12.5,7.5],"to":[10,-11.5,8.5],"rotation":{"angle":0,"axis":"y","origin":[10,-13,8]},"faces":{"north":{"uv":[8.66667,4,8,5.33333],"texture":"#6","tintindex":0},"east":{"uv":[4,6.66667,2.66667,8],"texture":"#6","tintindex":0},"south":{"uv":[9.33333,4,8.66667,5.33333],"texture":"#6","tintindex":0},"up":{"uv":[9.33333,5.33333,10,4],"texture":"#6","tintindex":0},"down":{"uv":[10,4,10.66667,5.33333],"texture":"#6","tintindex":0}}},{"from":[7.75,-10.75,8.5],"to":[8.25,-10.25,8.75],"rotation":{"angle":45,"axis":"z","origin":[8,-10.5,8.625]},"faces":{"east":{"uv":[11.33333,7.33333,11.66667,8],"texture":"#6","tintindex":0},"south":{"uv":[2.66667,8,3.33333,8.66667],"texture":"#6","tintindex":0},"west":{"uv":[8,11.33333,8.33333,12],"texture":"#6","tintindex":0},"up":{"uv":[12,8.33333,11.33333,8],"texture":"#6","tintindex":0},"down":{"uv":[9.33333,11.33333,8.66667,11.66667],"texture":"#6","tintindex":0}}},{"from":[6.75,-9.0005,5.5],"to":[7.25,-9.0005,7],"rotation":{"angle":0,"axis":"x","origin":[7,-9.0005,6.5]},"faces":{"up":{"uv":[11.33333,8,10.66667,6],"texture":"#6","tintindex":0},"down":{"uv":[11.33333,6,10.66667,8],"texture":"#6","tintindex":0}}},{"from":[6.75,-12.5005,5.5],"to":[7.25,-12.5005,7],"rotation":{"angle":0,"axis":"x","origin":[7,-12.5005,6.5]},"faces":{"up":{"uv":[11.33333,8,10.66667,6],"texture":"#6","tintindex":0},"down":{"uv":[11.33333,6,10.66667,8],"texture":"#6","tintindex":0}}},{"from":[6.75,-12.5,5.5],"to":[7.25,-9,5.5],"rotation":{"angle":0,"axis":"y","origin":[7.25,-10,5.5]},"faces":{"north":{"uv":[6,11.33333,6.66667,16],"texture":"#6","tintindex":0},"south":{"uv":[6.66667,11.33333,6,16],"texture":"#6","tintindex":0}}},{"from":[6.75,-9.5,7],"to":[7.25,-9,7],"rotation":{"angle":0,"axis":"y","origin":[7.25,-9.5,7]},"faces":{"north":{"uv":[4,8,3.33333,8.66667],"texture":"#6","tintindex":0},"south":{"uv":[3.33333,8,4,8.66667],"texture":"#6","tintindex":0}}},{"from":[8.75,-9.5,7],"to":[9.25,-9,7],"rotation":{"angle":0,"axis":"y","origin":[8.75,-9.5,7]},"faces":{"north":{"uv":[3.33333,8,4,8.66667],"texture":"#6","tintindex":0},"south":{"uv":[4,8,3.33333,8.66667],"texture":"#6","tintindex":0}}},{"from":[8.75,-9.0005,5.5],"to":[9.25,-9.0005,7],"rotation":{"angle":0,"axis":"x","origin":[9,-9.0005,6.5]},"faces":{"up":{"uv":[10.66667,8,11.33333,6],"texture":"#6","tintindex":0},"down":{"uv":[10.66667,6,11.33333,8],"texture":"#6","tintindex":0}}},{"from":[8.75,-12.5,5.5],"to":[9.25,-9,5.5],"rotation":{"angle":0,"axis":"y","origin":[8.75,-10,5.5]},"faces":{"north":{"uv":[6.66667,11.33333,6,16],"texture":"#6","tintindex":0},"south":{"uv":[6,11.33333,6.66667,16],"texture":"#6","tintindex":0}}},{"from":[8.75,-12.5005,5.5],"to":[9.25,-12.5005,7],"rotation":{"angle":0,"axis":"x","origin":[9,-12.5005,6.5]},"faces":{"up":{"uv":[10.66667,8,11.33333,6],"texture":"#6","tintindex":0},"down":{"uv":[10.66667,6,11.33333,8],"texture":"#6","tintindex":0}}},{"from":[8.56772,-9.40228,7.89642],"to":[9.08072,-8.94628,8.35242],"rotation":{"angle":45,"axis":"z","origin":[9.23182,-8.96497,8.12441]},"faces":{"north":{"uv":[10.66667,8.66667,11.33333,9.33333],"texture":"#6","tintindex":0},"east":{"uv":[6,8.66667,6.66667,9.33333],"texture":"#6","tintindex":0},"south":{"uv":[2,10,2.66667,10.66667],"texture":"#6","tintindex":0},"west":{"uv":[10.66667,8,11.33333,8.66667],"texture":"#6","tintindex":0},"up":{"uv":[12,2.66667,11.33333,2],"rotation":90,"texture":"#6","tintindex":0},"down":{"uv":[12,2.66667,11.33333,3.33333],"rotation":270,"texture":"#6","tintindex":0}}},{"from":[9.16819,-9.27876,7.92834],"to":[9.56035,-8.83758,8.3205],"rotation":{"angle":-22.5,"axis":"z","origin":[9.23182,-8.96497,8.12441]},"faces":{"north":{"uv":[6.66667,11.33333,7.33333,12],"rotation":90,"texture":"#6","tintindex":0},"east":{"uv":[8,11.33333,7.33333,12],"rotation":180,"texture":"#6","tintindex":0},"south":{"uv":[11.33333,6,12,6.66667],"rotation":270,"texture":"#6","tintindex":0},"west":{"uv":[12,7.33333,11.33333,6.66667],"texture":"#6","tintindex":0},"up":{"uv":[11.33333,3.33333,12,4],"rotation":270,"texture":"#6","tintindex":0}}},{"from":[9.23364,-8.98487,7.95579],"to":[9.57089,-8.60545,8.29304],"rotation":{"angle":0,"axis":"z","origin":[9.23182,-8.96497,8.12441]},"faces":{"north":{"uv":[9.33333,11.33333,10,11.66667],"rotation":90,"texture":"#6","tintindex":0},"east":{"uv":[11,11.33333,10.66667,12],"rotation":180,"texture":"#6","tintindex":0},"south":{"uv":[11.33333,8.66667,12,9],"rotation":270,"texture":"#6","tintindex":0},"west":{"uv":[10.33333,12,10,11.33333],"texture":"#6","tintindex":0},"up":{"uv":[11.33333,11.33333,11.66667,11.66667],"rotation":270,"texture":"#6","tintindex":0}}},{"from":[9.38495,-8.77687,7.98108],"to":[9.67161,-8.45437,8.26775],"rotation":{"angle":22.5,"axis":"z","origin":[9.23182,-8.96497,8.12441]},"faces":{"north":{"uv":[12,0.66667,12.33333,1],"texture":"#6","tintindex":0},"east":{"uv":[0,12,0.33333,12.33333],"texture":"#6","tintindex":0},"south":{"uv":[12,0,12.33333,0.33333],"texture":"#6","tintindex":0},"west":{"uv":[0.66667,12,1,12.33333],"texture":"#6","tintindex":0},"up":{"uv":[1.66667,12.33333,1.33333,12],"rotation":90,"texture":"#6","tintindex":0}}},{"from":[6.91928,-9.40228,7.89642],"to":[7.43228,-8.94628,8.35242],"rotation":{"angle":-45,"axis":"z","origin":[6.76819,-8.96497,8.12441]},"faces":{"north":{"uv":[11.33333,8.66667,10.66667,9.33333],"texture":"#6","tintindex":0},"east":{"uv":[11.33333,8,10.66667,8.66667],"texture":"#6","tintindex":0},"south":{"uv":[2.66667,10,2,10.66667],"texture":"#6","tintindex":0},"west":{"uv":[6.66667,8.66667,6,9.33333],"texture":"#6","tintindex":0},"up":{"uv":[12,2,11.33333,2.66667],"rotation":90,"texture":"#6","tintindex":0},"down":{"uv":[12,3.33333,11.33333,2.66667],"rotation":270,"texture":"#6","tintindex":0}}},{"from":[6.43966,-9.27876,7.92834],"to":[6.83182,-8.83758,8.3205],"rotation":{"angle":22.5,"axis":"z","origin":[6.76819,-8.96497,8.12441]},"faces":{"north":{"uv":[6.66667,12,7.33333,11.33333],"rotation":90,"texture":"#6","tintindex":0},"east":{"uv":[11.33333,7.33333,12,6.66667],"texture":"#6","tintindex":0},"south":{"uv":[11.33333,6.66667,12,6],"rotation":270,"texture":"#6","tintindex":0},"west":{"uv":[7.33333,11.33333,8,12],"rotation":180,"texture":"#6","tintindex":0},"up":{"uv":[11.33333,4,12,3.33333],"rotation":270,"texture":"#6","tintindex":0}}},{"from":[6.42911,-8.98487,7.95579],"to":[6.76637,-8.60545,8.29304],"rotation":{"angle":0,"axis":"z","origin":[6.76819,-8.96497,8.12441]},"faces":{"north":{"uv":[9.33333,11.66667,10,11.33333],"rotation":90,"texture":"#6","tintindex":0},"east":{"uv":[10,12,10.33333,11.33333],"texture":"#6","tintindex":0},"south":{"uv":[11.33333,9,12,8.66667],"rotation":270,"texture":"#6","tintindex":0},"west":{"uv":[10.66667,11.33333,11,12],"rotation":180,"texture":"#6","tintindex":0},"up":{"uv":[11.33333,11.66667,11.66667,11.33333],"rotation":270,"texture":"#6","tintindex":0}}},{"from":[6.32839,-8.77687,7.98108],"to":[6.61506,-8.45437,8.26775],"rotation":{"angle":-22.5,"axis":"z","origin":[6.76819,-8.96497,8.12441]},"faces":{"north":{"uv":[12.33333,0.66667,12,1],"texture":"#6","tintindex":0},"east":{"uv":[1,12,0.66667,12.33333],"texture":"#6","tintindex":0},"south":{"uv":[12.33333,0,12,0.33333],"texture":"#6","tintindex":0},"west":{"uv":[0.33333,12,0,12.33333],"texture":"#6","tintindex":0},"up":{"uv":[1.66667,12,1.33333,12.33333],"rotation":90,"texture":"#6","tintindex":0}}},{"from":[6.06055,-10.75,8.62164],"to":[6.56055,-10,8.87164],"rotation":{"angle":45,"axis":"x","origin":[8.31055,-10.4375,8.30914]},"faces":{"north":{"uv":[0,9.66667,0.66667,8.66667],"texture":"#1","tintindex":0},"east":{"uv":[2.66667,10.33333,3.66667,10],"rotation":270,"texture":"#1","tintindex":0},"south":{"uv":[8.66667,0,9.33333,1],"rotation":180,"texture":"#1","tintindex":0},"west":{"uv":[10,3.66667,11,3.33333],"rotation":90,"texture":"#1","tintindex":0},"up":{"uv":[4,10.33333,4.66667,10],"rotation":180,"texture":"#1","tintindex":0},"down":{"uv":[10,4.33333,10.66667,4],"texture":"#1","tintindex":0}}},{"from":[6.06055,-10.75,8.12164],"to":[6.56055,-10.25,8.62164],"rotation":{"angle":45,"axis":"x","origin":[8.31055,-10.4375,8.30914]},"faces":{"east":{"uv":[9.33333,0.66667,10,0],"rotation":270,"texture":"#1","tintindex":0},"west":{"uv":[9.33333,1.33333,10,0.66667],"rotation":90,"texture":"#1","tintindex":0},"up":{"uv":[4.66667,4.66667,5.33333,4],"rotation":180,"texture":"#1","tintindex":0},"down":{"uv":[0.66667,10,1.33333,9.33333],"texture":"#1","tintindex":0}}},{"from":[6.06055,-10.75,7.62164],"to":[6.56055,-10,8.12164],"rotation":{"angle":45,"axis":"x","origin":[8.31055,-10.4375,8.30914]},"faces":{"north":{"uv":[2,9.66667,2.66667,8.66667],"texture":"#1","tintindex":0},"east":{"uv":[0.66667,9.33333,1.66667,8.66667],"rotation":270,"texture":"#1","tintindex":0},"south":{"uv":[8.66667,2,9.33333,3],"rotation":180,"texture":"#1","tintindex":0},"west":{"uv":[8.66667,2,9.66667,1.33333],"rotation":90,"texture":"#1","tintindex":0},"up":{"uv":[1.33333,10,2,9.33333],"rotation":180,"texture":"#1","tintindex":0},"down":{"uv":[9.33333,2.66667,10,2],"texture":"#1","tintindex":0}}},{"from":[7.625,-9.79593,7.84272],"to":[8.375,-9.04593,8.59272],"rotation":{"angle":45,"axis":"x","origin":[8,-9.47093,8.18022]},"faces":{"north":{"uv":[0,8.33333,1,7.33333],"texture":"#1","tintindex":0},"east":{"uv":[5.33333,7.66667,6.33333,6.66667],"rotation":270,"texture":"#1","tintindex":0},"south":{"uv":[7.33333,0,8.33333,1],"rotation":180,"texture":"#1","tintindex":0},"west":{"uv":[6.66667,7.66667,7.66667,6.66667],"rotation":90,"texture":"#1","tintindex":0},"up":{"uv":[6.66667,5,7.66667,4],"rotation":180,"texture":"#1","tintindex":0},"down":{"uv":[6.66667,6.33333,7.66667,5.33333],"texture":"#1","tintindex":0}}},{"from":[7.5,-9.29395,8.12234],"to":[8.5,-8.29395,9.12234],"rotation":{"angle":22.5,"axis":"x","origin":[8,-8.5602,8.52938]},"faces":{"north":{"uv":[5.33333,4.66667,4,6],"texture":"#1","tintindex":0},"east":{"uv":[6,2.66667,4.66667,4],"texture":"#1","tintindex":0},"south":{"uv":[4,4.66667,2.66667,6],"texture":"#1","tintindex":0},"west":{"uv":[6.66667,4,5.33333,5.33333],"texture":"#1","tintindex":0},"up":{"uv":[6.66667,5.33333,5.33333,6.66667],"texture":"#1","tintindex":0},"down":{"uv":[1.33333,7.33333,0,6],"texture":"#1","tintindex":0}}},{"from":[7.5,-9.29395,9.12234],"to":[8.5,-8.79395,9.62234],"rotation":{"angle":22.5,"axis":"x","origin":[8,-8.5602,8.52938]},"faces":{"east":{"uv":[4.66667,9.33333,4,10],"texture":"#1","tintindex":0},"south":{"uv":[4.66667,2,3.33333,2.66667],"texture":"#1","tintindex":0},"west":{"uv":[5.33333,9.33333,4.66667,10],"texture":"#1","tintindex":0},"up":{"uv":[8,8,6.66667,8.66667],"texture":"#1","tintindex":0},"down":{"uv":[9.33333,7.33333,8,6.66667],"texture":"#1","tintindex":0}}},{"from":[7.625,-9.16895,9.12234],"to":[8.375,-8.66895,9.74734],"rotation":{"angle":22.5,"axis":"x","origin":[8,-8.5602,8.52938]},"faces":{"east":{"uv":[9.66667,3.33333,8.66667,4],"texture":"#1","tintindex":0},"south":{"uv":[3.66667,8.66667,2.66667,9.33333],"texture":"#1","tintindex":0},"west":{"uv":[5,8.66667,4,9.33333],"texture":"#1","tintindex":0},"up":{"uv":[2.33333,7.33333,1.33333,8.33333],"texture":"#1","tintindex":0},"down":{"uv":[8.33333,2.33333,7.33333,1.33333],"texture":"#1","tintindex":0}}},{"from":[7.625,-13.93354,8.04049],"to":[8.375,-12.93354,8.79049],"rotation":{"angle":-22.5,"axis":"x","origin":[8,-14.45506,8.92025]},"faces":{"north":{"uv":[6,4,7,2.66667],"texture":"#1","tintindex":0},"east":{"uv":[6,2.33333,7.33333,1.33333],"rotation":270,"texture":"#1","tintindex":0},"south":{"uv":[4,6,5,7.33333],"rotation":180,"texture":"#1","tintindex":0},"west":{"uv":[2.66667,7,4,6],"rotation":90,"texture":"#1","tintindex":0},"up":{"uv":[2.66667,8.33333,3.66667,7.33333],"rotation":180,"texture":"#1","tintindex":0},"down":{"uv":[7.33333,3.66667,8.33333,2.66667],"texture":"#1","tintindex":0}}},{"from":[7.68875,-14.45051,8.33718],"to":[8.31125,-13.62051,8.95968],"rotation":{"angle":-45,"axis":"x","origin":[8,-14.45506,8.92025]},"faces":{"north":{"uv":[8.66667,6.33333,9.33333,5.33333],"texture":"#1","tintindex":0},"east":{"uv":[8.66667,4.66667,9.66667,4],"rotation":270,"texture":"#1","tintindex":0},"south":{"uv":[6.66667,8.66667,7.33333,9.66667],"rotation":180,"texture":"#1","tintindex":0},"west":{"uv":[8.66667,5.33333,9.66667,4.66667],"rotation":90,"texture":"#1","tintindex":0},"up":{"uv":[5.33333,10,6,9.33333],"rotation":180,"texture":"#1","tintindex":0},"down":{"uv":[9.33333,6,10,5.33333],"texture":"#1","tintindex":0}}},{"from":[7.74166,-14.95217,8.66054],"to":[8.25833,-14.4355,9.34944],"rotation":{"angle":22.5,"axis":"x","origin":[8,-14.45506,8.92025]},"faces":{"north":{"uv":[10,6.66667,9.33333,6],"rotation":180,"texture":"#1","tintindex":0},"east":{"uv":[9.33333,7.33333,8.66667,8.33333],"rotation":270,"texture":"#1","tintindex":0},"south":{"uv":[6.66667,9.33333,6,10],"texture":"#1","tintindex":0},"west":{"uv":[9.33333,8.66667,8.66667,9.66667],"rotation":90,"texture":"#1","tintindex":0},"up":{"uv":[8.66667,8.66667,8,9.66667],"rotation":180,"texture":"#1","tintindex":0},"down":{"uv":[8,8.66667,7.33333,9.66667],"texture":"#1","tintindex":0}}},{"from":[7.25173,-9.22469,7.80026],"to":[7.25173,-8.47469,8.55026],"rotation":{"angle":22.5,"axis":"y","origin":[7.25173,-8.84969,7.85026]},"faces":{"east":{"uv":[4,7.33333,5,8.33333],"texture":"#1","tintindex":0},"west":{"uv":[5,7.33333,4,8.33333],"texture":"#1","tintindex":0}}},{"from":[8.74827,-9.22469,7.80026],"to":[8.74827,-8.47469,8.55026],"rotation":{"angle":-22.5,"axis":"y","origin":[8.74827,-8.84969,7.85026]},"faces":{"east":{"uv":[4,7.33333,5,8.33333],"texture":"#1","tintindex":0},"west":{"uv":[5,7.33333,4,8.33333],"texture":"#1","tintindex":0}}},{"from":[7.45,-8.87055,7.8256],"to":[7.95,-8.37055,8.3256],"rotation":{"angle":45,"axis":"x","origin":[8,-8.5602,8.52938]},"faces":{"north":{"uv":[10,8,9.33333,8.66667],"texture":"#1","tintindex":0},"east":{"uv":[10,7.33333,9.33333,8],"texture":"#1","tintindex":0},"south":{"uv":[10,6.66667,9.33333,7.33333],"texture":"#1","tintindex":0},"west":{"uv":[10,8.66667,9.33333,9.33333],"texture":"#1","tintindex":0},"up":{"uv":[10,9.33333,9.33333,10],"texture":"#1","tintindex":0},"down":{"uv":[0.66667,10.66667,0,10],"texture":"#1","tintindex":0}}},{"from":[7.5025,-8.03876,8.00083],"to":[7.8975,-7.64376,8.39583],"rotation":{"angle":-22.5,"axis":"x","origin":[8,-8.5602,8.52938]},"faces":{"north":{"uv":[10.66667,2,10,1.33333],"rotation":180,"texture":"#1","tintindex":0},"east":{"uv":[10.66667,0,10,0.66667],"rotation":270,"texture":"#1","tintindex":0},"south":{"uv":[2,10,1.33333,10.66667],"texture":"#1","tintindex":0},"west":{"uv":[10.66667,0.66667,10,1.33333],"rotation":90,"texture":"#1","tintindex":0},"up":{"uv":[1.33333,10,0.66667,10.66667],"rotation":180,"texture":"#1","tintindex":0}}},{"from":[7.55188,-7.9149,7.72984],"to":[7.84813,-7.61865,8.02609],"rotation":{"angle":0,"axis":"x","origin":[8,-8.5602,8.52938]},"faces":{"north":{"uv":[7.66667,10,7.33333,10.33333],"texture":"#1","tintindex":0},"east":{"uv":[10.33333,6.66667,10,7],"texture":"#1","tintindex":0},"south":{"uv":[7,10,6.66667,10.33333],"texture":"#1","tintindex":0},"west":{"uv":[10.33333,7.33333,10,7.66667],"texture":"#1","tintindex":0},"up":{"uv":[8.33333,10,8,10.33333],"texture":"#1","tintindex":0}}},{"from":[7.4,-8.31193,8.57511],"to":[7.9,-8.06193,9.07511],"rotation":{"angle":45,"axis":"x","origin":[8,-8.5602,8.52938]},"faces":{"north":{"uv":[13.33333,0,12.66667,0.33333],"texture":"#1","tintindex":0},"east":{"uv":[10.66667,5.33333,10,5.66667],"texture":"#1","tintindex":0},"south":{"uv":[12.66667,0,12,0.33333],"texture":"#1","tintindex":0},"west":{"uv":[10.66667,6,10,6.33333],"texture":"#1","tintindex":0},"up":{"uv":[11.66667,0,11,0.66667],"texture":"#1","tintindex":0},"down":{"uv":[10.66667,2.66667,10,2],"texture":"#1","tintindex":0}}},{"from":[5.57631,-11.5,7.19186],"to":[6.57631,-10,7.19186],"rotation":{"angle":-22.5,"axis":"y","origin":[5.57631,-9.75,7.19186]},"faces":{"north":{"uv":[3.33333,2,4.66667,0],"texture":"#1","tintindex":0},"south":{"uv":[3.33333,0,4.66667,2],"rotation":180,"texture":"#1","tintindex":0}}},{"from":[4.07631,-11.5,7.19186],"to":[5.57631,-10,7.19186],"rotation":{"angle":22.5,"axis":"y","origin":[5.57631,-9.75,7.19186]},"faces":{"north":{"uv":[2.66667,4.66667,4.66667,2.66667],"texture":"#1","tintindex":0},"south":{"uv":[2.66667,2.66667,4.66667,4.66667],"rotation":180,"texture":"#1","tintindex":0}}},{"from":[9.42369,-11.5,7.19186],"to":[10.42369,-10,7.19186],"rotation":{"angle":22.5,"axis":"y","origin":[10.42369,-9.75,7.19186]},"faces":{"north":{"uv":[4.66667,2,3.33333,0],"texture":"#1","tintindex":0},"south":{"uv":[4.66667,0,3.33333,2],"rotation":180,"texture":"#1","tintindex":0}}},{"from":[10.42369,-11.5,7.19186],"to":[11.92369,-10,7.19186],"rotation":{"angle":-22.5,"axis":"y","origin":[10.42369,-9.75,7.19186]},"faces":{"north":{"uv":[4.66667,4.66667,2.66667,2.66667],"texture":"#1","tintindex":0},"south":{"uv":[4.66667,2.66667,2.66667,4.66667],"rotation":180,"texture":"#1","tintindex":0}}},{"from":[6.225,-13.25,8.5],"to":[6.725,-12.25,9.25],"rotation":{"angle":-22.5,"axis":"x","origin":[6.475,-13.0625,8.9375]},"faces":{"north":{"uv":[5.33333,9.33333,6,8],"rotation":180,"texture":"#1","tintindex":0},"east":{"uv":[7,0,6,1.33333],"texture":"#1","tintindex":0},"south":{"uv":[8,5.33333,8.66667,4],"rotation":180,"texture":"#1","tintindex":0},"west":{"uv":[2.33333,6,1.33333,7.33333],"texture":"#1","tintindex":0},"up":{"uv":[8,8.33333,8.66667,7.33333],"rotation":180,"texture":"#1","tintindex":0}}},{"from":[6.225,-13.5,8.5],"to":[6.725,-13.25,9.5],"rotation":{"angle":-22.5,"axis":"x","origin":[6.475,-13.0625,8.9375]},"faces":{"north":{"uv":[10,5,10.66667,4.66667],"rotation":180,"texture":"#1","tintindex":0},"east":{"uv":[4,9.33333,2.66667,9.66667],"texture":"#1","tintindex":0},"south":{"uv":[4.66667,10.33333,5.33333,10],"rotation":180,"texture":"#1","tintindex":0},"west":{"uv":[10.66667,2.66667,9.33333,3],"texture":"#1","tintindex":0},"up":{"uv":[8,6.66667,8.66667,5.33333],"rotation":180,"texture":"#1","tintindex":0},"down":{"uv":[6,8,6.66667,9.33333],"rotation":180,"texture":"#1","tintindex":0}}},{"from":[9.43945,-10.75,7.62164],"to":[9.93945,-10,8.12164],"rotation":{"angle":45,"axis":"x","origin":[7.68945,-10.4375,8.30914]},"faces":{"north":{"uv":[2.66667,9.66667,2,8.66667],"texture":"#1","tintindex":0},"east":{"uv":[8.66667,1.33333,9.66667,2],"rotation":90,"texture":"#1","tintindex":0},"south":{"uv":[9.33333,2,8.66667,3],"rotation":180,"texture":"#1","tintindex":0},"west":{"uv":[0.66667,8.66667,1.66667,9.33333],"rotation":270,"texture":"#1","tintindex":0},"up":{"uv":[2,10,1.33333,9.33333],"rotation":180,"texture":"#1","tintindex":0},"down":{"uv":[10,2.66667,9.33333,2],"texture":"#1","tintindex":0}}},{"from":[9.43945,-10.75,8.12164],"to":[9.93945,-10.25,8.62164],"rotation":{"angle":45,"axis":"x","origin":[7.68945,-10.4375,8.30914]},"faces":{"east":{"uv":[9.33333,0.66667,10,1.33333],"rotation":90,"texture":"#1","tintindex":0},"west":{"uv":[9.33333,0,10,0.66667],"rotation":270,"texture":"#1","tintindex":0},"up":{"uv":[5.33333,4.66667,4.66667,4],"rotation":180,"texture":"#1","tintindex":0},"down":{"uv":[1.33333,10,0.66667,9.33333],"texture":"#1","tintindex":0}}},{"from":[9.43945,-10.75,8.62164],"to":[9.93945,-10,8.87164],"rotation":{"angle":45,"axis":"x","origin":[7.68945,-10.4375,8.30914]},"faces":{"north":{"uv":[0.66667,9.66667,0,8.66667],"texture":"#1","tintindex":0},"east":{"uv":[10,3.33333,11,3.66667],"rotation":90,"texture":"#1","tintindex":0},"south":{"uv":[9.33333,0,8.66667,1],"rotation":180,"texture":"#1","tintindex":0},"west":{"uv":[2.66667,10,3.66667,10.33333],"rotation":270,"texture":"#1","tintindex":0},"up":{"uv":[4.66667,10.33333,4,10],"rotation":180,"texture":"#1","tintindex":0},"down":{"uv":[10.66667,4.33333,10,4],"texture":"#1","tintindex":0}}},{"from":[9.275,-13.25,8.5],"to":[9.775,-12.25,9.25],"rotation":{"angle":-22.5,"axis":"x","origin":[9.525,-13.0625,8.9375]},"faces":{"north":{"uv":[6,9.33333,5.33333,8],"rotation":180,"texture":"#1","tintindex":0},"east":{"uv":[1.33333,6,2.33333,7.33333],"texture":"#1","tintindex":0},"south":{"uv":[8.66667,5.33333,8,4],"rotation":180,"texture":"#1","tintindex":0},"west":{"uv":[6,0,7,1.33333],"texture":"#1","tintindex":0},"up":{"uv":[8.66667,8.33333,8,7.33333],"rotation":180,"texture":"#1","tintindex":0}}},{"from":[9.275,-13.5,8.5],"to":[9.775,-13.25,9.5],"rotation":{"angle":-22.5,"axis":"x","origin":[9.525,-13.0625,8.9375]},"faces":{"north":{"uv":[10.66667,5,10,4.66667],"rotation":180,"texture":"#1","tintindex":0},"east":{"uv":[9.33333,2.66667,10.66667,3],"texture":"#1","tintindex":0},"south":{"uv":[5.33333,10.33333,4.66667,10],"rotation":180,"texture":"#1","tintindex":0},"west":{"uv":[2.66667,9.33333,4,9.66667],"texture":"#1","tintindex":0},"up":{"uv":[8.66667,6.66667,8,5.33333],"rotation":180,"texture":"#1","tintindex":0},"down":{"uv":[6.66667,8,6,9.33333],"rotation":180,"texture":"#1","tintindex":0}}},{"from":[8.1025,-8.03876,8.00083],"to":[8.4975,-7.64376,8.39583],"rotation":{"angle":-22.5,"axis":"x","origin":[8,-8.5602,8.52938]},"faces":{"north":{"uv":[10,2,10.66667,1.33333],"rotation":180,"texture":"#1","tintindex":0},"east":{"uv":[10,0.66667,10.66667,1.33333],"rotation":270,"texture":"#1","tintindex":0},"south":{"uv":[1.33333,10,2,10.66667],"texture":"#1","tintindex":0},"west":{"uv":[10,0,10.66667,0.66667],"rotation":90,"texture":"#1","tintindex":0},"up":{"uv":[0.66667,10,1.33333,10.66667],"rotation":180,"texture":"#1","tintindex":0}}},{"from":[8.15188,-7.9149,7.72984],"to":[8.44813,-7.61865,8.02609],"rotation":{"angle":0,"axis":"x","origin":[8,-8.5602,8.52938]},"faces":{"north":{"uv":[7.33333,10,7.66667,10.33333],"texture":"#1","tintindex":0},"east":{"uv":[10,7.33333,10.33333,7.66667],"texture":"#1","tintindex":0},"south":{"uv":[6.66667,10,7,10.33333],"texture":"#1","tintindex":0},"west":{"uv":[10,6.66667,10.33333,7],"texture":"#1","tintindex":0},"up":{"uv":[8,10,8.33333,10.33333],"texture":"#1","tintindex":0}}},{"from":[8.05,-8.87055,7.8256],"to":[8.55,-8.37055,8.3256],"rotation":{"angle":45,"axis":"x","origin":[8,-8.5602,8.52938]},"faces":{"north":{"uv":[9.33333,8,10,8.66667],"texture":"#1","tintindex":0},"east":{"uv":[9.33333,8.66667,10,9.33333],"texture":"#1","tintindex":0},"south":{"uv":[9.33333,6.66667,10,7.33333],"texture":"#1","tintindex":0},"west":{"uv":[9.33333,7.33333,10,8],"texture":"#1","tintindex":0},"up":{"uv":[9.33333,9.33333,10,10],"texture":"#1","tintindex":0},"down":{"uv":[0,10.66667,0.66667,10],"texture":"#1","tintindex":0}}},{"from":[8.1,-8.31193,8.57511],"to":[8.6,-8.06193,9.07511],"rotation":{"angle":45,"axis":"x","origin":[8,-8.5602,8.52938]},"faces":{"north":{"uv":[12.66667,0,13.33333,0.33333],"texture":"#1","tintindex":0},"east":{"uv":[10,6,10.66667,6.33333],"texture":"#1","tintindex":0},"south":{"uv":[12,0,12.66667,0.33333],"texture":"#1","tintindex":0},"west":{"uv":[10,5.33333,10.66667,5.66667],"texture":"#1","tintindex":0},"up":{"uv":[11,0,11.66667,0.66667],"texture":"#1","tintindex":0},"down":{"uv":[10,2.66667,10.66667,2],"texture":"#1","tintindex":0}}},{"from":[7.9925,-15.57046,8.99948],"to":[8.0075,-14.07046,10.99948],"rotation":{"angle":22.5,"axis":"x","origin":[8,-14.45506,8.92025]},"faces":{"east":{"uv":[0,0,6,8],"rotation":90,"texture":"#4","tintindex":0},"west":{"uv":[6,0,0,8],"rotation":270,"texture":"#4","tintindex":0}}},{"from":[9.15,-13,7.25],"to":[10.775,-7.5,7.265],"rotation":{"angle":22.5,"axis":"y","origin":[10.15,-13,7.25]},"faces":{"north":{"uv":[0,0,3.5,11],"texture":"#3","tintindex":0},"south":{"uv":[3.5,0,0,11],"texture":"#3","tintindex":0}}},{"from":[5.225,-13,7.25],"to":[6.85,-7.5,7.265],"rotation":{"angle":-22.5,"axis":"y","origin":[5.85,-13,7.25]},"faces":{"north":{"uv":[3.5,0,0,11],"texture":"#3","tintindex":0},"south":{"uv":[0,0,3.5,11],"texture":"#3","tintindex":0}}}],"gui_light":"front","display":{"thirdperson_righthand":{"rotation":[-122,0,-180],"translation":[0,-0.75,-1.75]},"thirdperson_lefthand":{"rotation":[66.75,0,0],"translation":[-5.5,-5.75,12.5],"scale":[1.32422,1.32422,1.32422]},"firstperson_righthand":{"rotation":[-26.25,0,0],"translation":[-1.5,7.75,0]},"firstperson_lefthand":{"rotation":[-26.25,0,0],"translation":[-1.5,7.75,0],"scale":[0,0,0]},"ground":{"rotation":[-40,0,0],"translation":[0,7.5,-1.5]},"gui":{"rotation":[30,-45,0],"translation":[-0.5,38.5,0],"scale":[2.28,2.28,2.28]},"head":{"translation":[0,-36.25,6.75],"scale":[4,4,4]},"fixed":{"rotation":[-90,180,0],"translation":[0,0.25,-27],"scale":[3.31641,3.31641,3.31641]}}}