{
    "credit": "Made with Blockbench",
    "textures": {
        "2": "killburn_set:animations/animation_6",
        "3": "killburn_set:emissive_texture/01",
        "6": "killburn_set:fishing_rod",
        "particle": "killburn_set:animations/animation_6"
    },
    "elements": [
        {
            "from": [
                7.25,
                0.25,
                6.75
            ],
            "to": [
                8.75,
                1.75,
                8.25
            ],
            "rotation": {
                "angle": 45,
                "axis": "x",
                "origin": [
                    7.5,
                    0.5,
                    8
                ]
            },
            "faces": {
                "north": {
                    "uv": [
                        6,
                        9.33333,
                        7,
                        10.33333
                    ],
                    "texture": "#6"
                },
                "east": {
                    "uv": [
                        9.33333,
                        6.66667,
                        10.33333,
                        7.66667
                    ],
                    "texture": "#6"
                },
                "south": {
                    "uv": [
                        7.33333,
                        9.33333,
                        8.33333,
                        10.33333
                    ],
                    "texture": "#6"
                },
                "west": {
                    "uv": [
                        9.33333,
                        8,
                        10.33333,
                        9
                    ],
                    "texture": "#6"
                },
                "up": {
                    "uv": [
                        9.66667,
                        10.33333,
                        8.66667,
                        9.33333
                    ],
                    "texture": "#6"
                },
                "down": {
                    "uv": [
                        11,
                        0,
                        10,
                        1
                    ],
                    "texture": "#6"
                }
            }
        },
        {
            "from": [
                6.75,
                6.75,
                5.75
            ],
            "to": [
                9.25,
                9.25,
                8.25
            ],
            "rotation": {
                "angle": 45,
                "axis": "x",
                "origin": [
                    7.5,
                    7,
                    8
                ]
            },
            "faces": {
                "north": {
                    "uv": [
                        1.33333,
                        0,
                        3,
                        1.66667
                    ],
                    "texture": "#6"
                },
                "east": {
                    "uv": [
                        1.33333,
                        2,
                        3,
                        3.66667
                    ],
                    "texture": "#6"
                },
                "south": {
                    "uv": [
                        3.33333,
                        0,
                        5,
                        1.66667
                    ],
                    "texture": "#6"
                },
                "west": {
                    "uv": [
                        3.33333,
                        2,
                        5,
                        3.66667
                    ],
                    "texture": "#6"
                },
                "up": {
                    "uv": [
                        3,
                        5.66667,
                        1.33333,
                        4
                    ],
                    "texture": "#6"
                },
                "down": {
                    "uv": [
                        5,
                        4,
                        3.33333,
                        5.66667
                    ],
                    "texture": "#6"
                }
            }
        },
        {
            "from": [
                6.5,
                7.1,
                6.1
            ],
            "to": [
                9.5,
                8.9,
                7.9
            ],
            "rotation": {
                "angle": 45,
                "axis": "x",
                "origin": [
                    7.5,
                    7,
                    8
                ]
            },
            "faces": {
                "north": {
                    "uv": [
                        5.33333,
                        4,
                        7.33333,
                        5.33333
                    ],
                    "texture": "#6"
                },
                "east": {
                    "uv": [
                        0,
                        8,
                        1.33333,
                        9.33333
                    ],
                    "texture": "#6"
                },
                "south": {
                    "uv": [
                        5.33333,
                        5.33333,
                        7.33333,
                        6.66667
                    ],
                    "texture": "#6"
                },
                "west": {
                    "uv": [
                        8,
                        2.66667,
                        9.33333,
                        4
                    ],
                    "texture": "#6"
                },
                "up": {
                    "uv": [
                        3.33333,
                        7.33333,
                        1.33333,
                        6
                    ],
                    "texture": "#6"
                },
                "down": {
                    "uv": [
                        5.33333,
                        6,
                        3.33333,
                        7.33333
                    ],
                    "texture": "#6"
                }
            }
        },
        {
            "from": [
                7.25,
                1.95711,
                7.25
            ],
            "to": [
                8.75,
                2.45711,
                8.75
            ],
            "rotation": {
                "angle": -45,
                "axis": "y",
                "origin": [
                    8,
                    1.83211,
                    8
                ]
            },
            "faces": {
                "north": {
                    "uv": [
                        6.66667,
                        12,
                        7.66667,
                        12.33333
                    ],
                    "texture": "#6"
                },
                "east": {
                    "uv": [
                        12,
                        6.66667,
                        13,
                        7
                    ],
                    "texture": "#6"
                },
                "south": {
                    "uv": [
                        12,
                        7.33333,
                        13,
                        7.66667
                    ],
                    "texture": "#6"
                },
                "west": {
                    "uv": [
                        8,
                        12,
                        9,
                        12.33333
                    ],
                    "texture": "#6"
                },
                "up": {
                    "uv": [
                        2.33333,
                        11,
                        1.33333,
                        10
                    ],
                    "texture": "#6"
                },
                "down": {
                    "uv": [
                        11,
                        1.33333,
                        10,
                        2.33333
                    ],
                    "texture": "#6"
                }
            }
        },
        {
            "from": [
                7.25,
                4.20711,
                7.25
            ],
            "to": [
                8.75,
                4.70711,
                8.75
            ],
            "rotation": {
                "angle": -45,
                "axis": "y",
                "origin": [
                    8,
                    4.08211,
                    8
                ]
            },
            "faces": {
                "north": {
                    "uv": [
                        12,
                        8,
                        13,
                        8.33333
                    ],
                    "texture": "#6"
                },
                "east": {
                    "uv": [
                        12,
                        8.66667,
                        13,
                        9
                    ],
                    "texture": "#6"
                },
                "south": {
                    "uv": [
                        9.33333,
                        12,
                        10.33333,
                        12.33333
                    ],
                    "texture": "#6"
                },
                "west": {
                    "uv": [
                        10.66667,
                        12,
                        11.66667,
                        12.33333
                    ],
                    "texture": "#6"
                },
                "up": {
                    "uv": [
                        11,
                        3.66667,
                        10,
                        2.66667
                    ],
                    "texture": "#6"
                },
                "down": {
                    "uv": [
                        11,
                        4,
                        10,
                        5
                    ],
                    "texture": "#6"
                }
            }
        },
        {
            "from": [
                7.25,
                6.45711,
                7.25
            ],
            "to": [
                8.75,
                6.95711,
                8.75
            ],
            "rotation": {
                "angle": -45,
                "axis": "y",
                "origin": [
                    8,
                    6.33211,
                    8
                ]
            },
            "faces": {
                "north": {
                    "uv": [
                        12,
                        11.33333,
                        13,
                        11.66667
                    ],
                    "texture": "#6"
                },
                "east": {
                    "uv": [
                        12,
                        12,
                        13,
                        12.33333
                    ],
                    "texture": "#6"
                },
                "south": {
                    "uv": [
                        0,
                        12.66667,
                        1,
                        13
                    ],
                    "texture": "#6"
                },
                "west": {
                    "uv": [
                        12.66667,
                        0,
                        13.66667,
                        0.33333
                    ],
                    "texture": "#6"
                },
                "up": {
                    "uv": [
                        11,
                        6.33333,
                        10,
                        5.33333
                    ],
                    "texture": "#6"
                },
                "down": {
                    "uv": [
                        11,
                        9.33333,
                        10,
                        10.33333
                    ],
                    "texture": "#6"
                }
            }
        },
        {
            "from": [
                7.29289,
                2.45711,
                7
            ],
            "to": [
                8.29289,
                7.45711,
                8
            ],
            "rotation": {
                "angle": -45,
                "axis": "y",
                "origin": [
                    7.29289,
                    1.45711,
                    8
                ]
            },
            "faces": {
                "north": {
                    "uv": [
                        2.66667,
                        7.33333,
                        3.33333,
                        10.66667
                    ],
                    "texture": "#6"
                },
                "east": {
                    "uv": [
                        7.33333,
                        2.66667,
                        8,
                        6
                    ],
                    "texture": "#6"
                },
                "south": {
                    "uv": [
                        3.33333,
                        7.33333,
                        4,
                        10.66667
                    ],
                    "texture": "#6"
                },
                "west": {
                    "uv": [
                        4,
                        7.33333,
                        4.66667,
                        10.66667
                    ],
                    "texture": "#6"
                },
                "up": {
                    "uv": [
                        8,
                        6.66667,
                        7.33333,
                        6
                    ],
                    "texture": "#6"
                }
            }
        },
        {
            "from": [
                6.58579,
                9.58579,
                6
            ],
            "to": [
                8.58579,
                10.58579,
                8
            ],
            "rotation": {
                "angle": -45,
                "axis": "y",
                "origin": [
                    6.58579,
                    9.58579,
                    8
                ]
            },
            "faces": {
                "north": {
                    "uv": [
                        8.66667,
                        10.66667,
                        10,
                        11.33333
                    ],
                    "texture": "#6"
                },
                "east": {
                    "uv": [
                        10,
                        10.66667,
                        11.33333,
                        11.33333
                    ],
                    "texture": "#6"
                },
                "south": {
                    "uv": [
                        11.33333,
                        0,
                        12.66667,
                        0.66667
                    ],
                    "texture": "#6"
                },
                "west": {
                    "uv": [
                        0.66667,
                        11.33333,
                        2,
                        12
                    ],
                    "texture": "#6"
                },
                "up": {
                    "uv": [
                        9.33333,
                        5.33333,
                        8,
                        4
                    ],
                    "texture": "#6"
                },
                "down": {
                    "uv": [
                        9.33333,
                        5.33333,
                        8,
                        6.66667
                    ],
                    "texture": "#6"
                }
            }
        },
        {
            "from": [
                6.08579,
                14.08579,
                5.5
            ],
            "to": [
                8.58579,
                14.58579,
                8
            ],
            "rotation": {
                "angle": -45,
                "axis": "y",
                "origin": [
                    6.58579,
                    9.58579,
                    8
                ]
            },
            "faces": {
                "north": {
                    "uv": [
                        11.33333,
                        6,
                        13,
                        6.33333
                    ],
                    "texture": "#6"
                },
                "east": {
                    "uv": [
                        8.66667,
                        11.33333,
                        10.33333,
                        11.66667
                    ],
                    "texture": "#6"
                },
                "south": {
                    "uv": [
                        11.33333,
                        9.33333,
                        13,
                        9.66667
                    ],
                    "texture": "#6"
                },
                "west": {
                    "uv": [
                        11.33333,
                        10,
                        13,
                        10.33333
                    ],
                    "texture": "#6"
                },
                "up": {
                    "uv": [
                        7,
                        1.66667,
                        5.33333,
                        0
                    ],
                    "texture": "#6"
                },
                "down": {
                    "uv": [
                        7,
                        2,
                        5.33333,
                        3.66667
                    ],
                    "texture": "#6"
                }
            }
        },
        {
            "from": [
                6.33579,
                18.28579,
                5.75
            ],
            "to": [
                8.33579,
                18.78579,
                7.75
            ],
            "rotation": {
                "angle": -45,
                "axis": "y",
                "origin": [
                    6.58579,
                    9.58579,
                    8
                ]
            },
            "faces": {
                "north": {
                    "uv": [
                        10.66667,
                        11.33333,
                        12,
                        11.66667
                    ],
                    "texture": "#6"
                },
                "east": {
                    "uv": [
                        11.33333,
                        10.66667,
                        12.66667,
                        11
                    ],
                    "texture": "#6"
                },
                "south": {
                    "uv": [
                        0,
                        12,
                        1.33333,
                        12.33333
                    ],
                    "texture": "#6"
                },
                "west": {
                    "uv": [
                        2.66667,
                        12,
                        4,
                        12.33333
                    ],
                    "texture": "#6"
                },
                "up": {
                    "uv": [
                        9.33333,
                        8,
                        8,
                        6.66667
                    ],
                    "texture": "#6"
                },
                "down": {
                    "uv": [
                        9.33333,
                        8,
                        8,
                        9.33333
                    ],
                    "texture": "#6"
                }
            }
        },
        {
            "from": [
                7,
                1.61498,
                8.42208
            ],
            "to": [
                9,
                1.64498,
                9.42208
            ],
            "rotation": {
                "angle": 22.5,
                "axis": "x",
                "origin": [
                    8,
                    1.4382,
                    9.34886
                ]
            },
            "faces": {
                "up": {
                    "uv": [
                        12.66667,
                        1.33333,
                        11.33333,
                        0.66667
                    ],
                    "texture": "#6"
                },
                "down": {
                    "uv": [
                        12.66667,
                        1.33333,
                        11.33333,
                        2
                    ],
                    "texture": "#6"
                }
            }
        },
        {
            "from": [
                7,
                0.53914,
                9.50712
            ],
            "to": [
                9,
                1.53914,
                9.53712
            ],
            "rotation": {
                "angle": -22.5,
                "axis": "x",
                "origin": [
                    8,
                    1.46592,
                    9.36034
                ]
            },
            "faces": {
                "north": {
                    "uv": [
                        11.33333,
                        2,
                        12.66667,
                        2.66667
                    ],
                    "texture": "#6"
                },
                "south": {
                    "uv": [
                        11.33333,
                        2.66667,
                        12.66667,
                        3.33333
                    ],
                    "texture": "#6"
                }
            }
        },
        {
            "from": [
                7,
                1.61498,
                6.57792
            ],
            "to": [
                9,
                1.64498,
                7.57792
            ],
            "rotation": {
                "angle": -22.5,
                "axis": "x",
                "origin": [
                    8,
                    1.4382,
                    6.65114
                ]
            },
            "faces": {
                "up": {
                    "uv": [
                        12.66667,
                        4,
                        11.33333,
                        3.33333
                    ],
                    "texture": "#6"
                },
                "down": {
                    "uv": [
                        12.66667,
                        4,
                        11.33333,
                        4.66667
                    ],
                    "texture": "#6"
                }
            }
        },
        {
            "from": [
                7,
                0.53914,
                6.46288
            ],
            "to": [
                9,
                1.53914,
                6.49288
            ],
            "rotation": {
                "angle": 22.5,
                "axis": "x",
                "origin": [
                    8,
                    1.46592,
                    6.63966
                ]
            },
            "faces": {
                "north": {
                    "uv": [
                        11.33333,
                        4.66667,
                        12.66667,
                        5.33333
                    ],
                    "texture": "#6"
                },
                "south": {
                    "uv": [
                        11.33333,
                        5.33333,
                        12.66667,
                        6
                    ],
                    "texture": "#6"
                }
            }
        },
        {
            "name": "cube_outline",
            "from": [
                6.7,
                9.05,
                8.05
            ],
            "to": [
                6.15,
                6.95,
                5.95
            ],
            "rotation": {
                "angle": 45,
                "axis": "x",
                "origin": [
                    5.85,
                    7,
                    8
                ]
            },
            "faces": {
                "north": {
                    "uv": [
                        4,
                        0,
                        5,
                        4
                    ],
                    "texture": "#3"
                },
                "east": {
                    "uv": [
                        0,
                        0,
                        4,
                        4
                    ],
                    "texture": "#3"
                },
                "south": {
                    "uv": [
                        4,
                        4,
                        5,
                        8
                    ],
                    "texture": "#3"
                },
                "west": {
                    "uv": [
                        0,
                        4,
                        4,
                        8
                    ],
                    "texture": "#3"
                },
                "up": {
                    "uv": [
                        7,
                        4,
                        6,
                        0
                    ],
                    "texture": "#3"
                },
                "down": {
                    "uv": [
                        7,
                        4,
                        6,
                        8
                    ],
                    "texture": "#3"
                }
            }
        },
        {
            "name": "cube_outline",
            "from": [
                9.85,
                9.05,
                8.05
            ],
            "to": [
                9.3,
                6.95,
                5.95
            ],
            "rotation": {
                "angle": 45,
                "axis": "x",
                "origin": [
                    10.15,
                    7,
                    8
                ]
            },
            "faces": {
                "north": {
                    "uv": [
                        5,
                        0,
                        4,
                        4
                    ],
                    "texture": "#3"
                },
                "east": {
                    "uv": [
                        4,
                        4,
                        0,
                        8
                    ],
                    "texture": "#3"
                },
                "south": {
                    "uv": [
                        5,
                        4,
                        4,
                        8
                    ],
                    "texture": "#3"
                },
                "west": {
                    "uv": [
                        4,
                        0,
                        0,
                        4
                    ],
                    "texture": "#3"
                },
                "up": {
                    "uv": [
                        6,
                        4,
                        7,
                        0
                    ],
                    "texture": "#3"
                },
                "down": {
                    "uv": [
                        6,
                        4,
                        7,
                        8
                    ],
                    "texture": "#3"
                }
            }
        },
        {
            "from": [
                8,
                10.58579,
                6.93934
            ],
            "to": [
                9.5,
                14.08579,
                8.43934
            ],
            "rotation": {
                "angle": -45,
                "axis": "y",
                "origin": [
                    8,
                    10.58579,
                    6.93934
                ]
            },
            "faces": {
                "north": {
                    "uv": [
                        5.33333,
                        6.66667,
                        6.33333,
                        9
                    ],
                    "texture": "#6"
                },
                "east": {
                    "uv": [
                        6.66667,
                        6.66667,
                        7.66667,
                        9
                    ],
                    "texture": "#6"
                },
                "south": {
                    "uv": [
                        7.33333,
                        0,
                        8.33333,
                        2.33333
                    ],
                    "texture": "#6"
                },
                "west": {
                    "uv": [
                        1.33333,
                        7.33333,
                        2.33333,
                        9.66667
                    ],
                    "texture": "#6"
                }
            }
        },
        {
            "from": [
                8.15,
                14.58579,
                7.08934
            ],
            "to": [
                9.35,
                18.28579,
                8.28934
            ],
            "rotation": {
                "angle": -45,
                "axis": "y",
                "origin": [
                    8,
                    10.58579,
                    6.93934
                ]
            },
            "faces": {
                "north": {
                    "uv": [
                        4.66667,
                        7.33333,
                        5.33333,
                        9.66667
                    ],
                    "texture": "#6"
                },
                "east": {
                    "uv": [
                        8.66667,
                        0,
                        9.33333,
                        2.33333
                    ],
                    "texture": "#6"
                },
                "south": {
                    "uv": [
                        0,
                        9.33333,
                        0.66667,
                        11.66667
                    ],
                    "texture": "#6"
                },
                "west": {
                    "uv": [
                        9.33333,
                        0,
                        10,
                        2.33333
                    ],
                    "texture": "#6"
                }
            }
        },
        {
            "from": [
                8.25,
                18.78579,
                7.18934
            ],
            "to": [
                9.25,
                21.98579,
                8.18934
            ],
            "rotation": {
                "angle": -45,
                "axis": "y",
                "origin": [
                    8,
                    10.58579,
                    6.93934
                ]
            },
            "faces": {
                "north": {
                    "uv": [
                        0.66667,
                        9.33333,
                        1.33333,
                        11.33333
                    ],
                    "texture": "#6"
                },
                "east": {
                    "uv": [
                        9.33333,
                        2.66667,
                        10,
                        4.66667
                    ],
                    "texture": "#6"
                },
                "south": {
                    "uv": [
                        9.33333,
                        4.66667,
                        10,
                        6.66667
                    ],
                    "texture": "#6"
                },
                "west": {
                    "uv": [
                        5.33333,
                        9.33333,
                        6,
                        11.33333
                    ],
                    "texture": "#6"
                }
            }
        },
        {
            "from": [
                7.25,
                21.25,
                7.75
            ],
            "to": [
                8.75,
                22.75,
                9.25
            ],
            "rotation": {
                "angle": -45,
                "axis": "x",
                "origin": [
                    7.5,
                    21.5,
                    8
                ]
            },
            "faces": {
                "north": {
                    "uv": [
                        2.66667,
                        10.66667,
                        3.66667,
                        11.66667
                    ],
                    "texture": "#6"
                },
                "east": {
                    "uv": [
                        4,
                        10.66667,
                        5,
                        11.66667
                    ],
                    "texture": "#6"
                },
                "south": {
                    "uv": [
                        6,
                        10.66667,
                        7,
                        11.66667
                    ],
                    "texture": "#6"
                },
                "west": {
                    "uv": [
                        10.66667,
                        6.66667,
                        11.66667,
                        7.66667
                    ],
                    "texture": "#6"
                },
                "up": {
                    "uv": [
                        8.33333,
                        11.66667,
                        7.33333,
                        10.66667
                    ],
                    "texture": "#6"
                },
                "down": {
                    "uv": [
                        11.66667,
                        8,
                        10.66667,
                        9
                    ],
                    "texture": "#6"
                }
            }
        },
        {
            "from": [
                7.985,
                10.08579,
                5.29289
            ],
            "to": [
                8.015,
                22.08579,
                7.29289
            ],
            "rotation": {
                "angle": 0,
                "axis": "y",
                "origin": [
                    7.985,
                    11.98579,
                    4.29289
                ]
            },
            "faces": {
                "east": {
                    "uv": [
                        1.33333,
                        0,
                        0,
                        8
                    ],
                    "texture": "#6"
                },
                "west": {
                    "uv": [
                        0,
                        0,
                        1.33333,
                        8
                    ],
                    "texture": "#6"
                }
            }
        },
        {
            "from": [
                6.18934,
                10.65,
                7.25
            ],
            "to": [
                6.21934,
                15.65,
                8.75
            ],
            "rotation": {
                "angle": 0,
                "axis": "y",
                "origin": [
                    8,
                    13.15,
                    8
                ]
            },
            "faces": {
                "east": {
                    "uv": [
                        1.5,
                        5,
                        0,
                        0
                    ],
                    "rotation": 180,
                    "texture": "#2"
                },
                "west": {
                    "uv": [
                        0,
                        5,
                        1.5,
                        0
                    ],
                    "rotation": 180,
                    "texture": "#2"
                }
            }
        },
        {
            "from": [
                6.18934,
                10.65,
                7.25
            ],
            "to": [
                6.21934,
                15.65,
                8.75
            ],
            "rotation": {
                "angle": -45,
                "axis": "y",
                "origin": [
                    8,
                    13.15,
                    8
                ]
            },
            "faces": {
                "east": {
                    "uv": [
                        3,
                        5,
                        1.5,
                        0
                    ],
                    "rotation": 180,
                    "texture": "#2"
                },
                "west": {
                    "uv": [
                        1.5,
                        5,
                        3,
                        0
                    ],
                    "rotation": 180,
                    "texture": "#2"
                }
            }
        },
        {
            "from": [
                7.25,
                10.65,
                6.18934
            ],
            "to": [
                8.75,
                15.65,
                6.21934
            ],
            "rotation": {
                "angle": -45,
                "axis": "y",
                "origin": [
                    8,
                    13.15,
                    8
                ]
            },
            "faces": {
                "north": {
                    "uv": [
                        4.5,
                        5,
                        6,
                        0
                    ],
                    "rotation": 180,
                    "texture": "#2"
                },
                "south": {
                    "uv": [
                        6,
                        5,
                        4.5,
                        0
                    ],
                    "rotation": 180,
                    "texture": "#2"
                }
            }
        },
        {
            "from": [
                7.25,
                10.65,
                6.18934
            ],
            "to": [
                8.75,
                15.65,
                6.21934
            ],
            "rotation": {
                "angle": 0,
                "axis": "y",
                "origin": [
                    8,
                    13.15,
                    8
                ]
            },
            "faces": {
                "north": {
                    "uv": [
                        3,
                        5,
                        4.5,
                        0
                    ],
                    "rotation": 180,
                    "texture": "#2"
                },
                "south": {
                    "uv": [
                        4.5,
                        5,
                        3,
                        0
                    ],
                    "rotation": 180,
                    "texture": "#2"
                }
            }
        },
        {
            "from": [
                9.78066,
                10.65,
                7.25
            ],
            "to": [
                9.81066,
                15.65,
                8.75
            ],
            "rotation": {
                "angle": 0,
                "axis": "y",
                "origin": [
                    8,
                    13.15,
                    8
                ]
            },
            "faces": {
                "east": {
                    "uv": [
                        6,
                        5,
                        7.5,
                        0
                    ],
                    "rotation": 180,
                    "texture": "#2"
                },
                "west": {
                    "uv": [
                        7.5,
                        5,
                        6,
                        0
                    ],
                    "rotation": 180,
                    "texture": "#2"
                }
            }
        },
        {
            "from": [
                9.78066,
                10.65,
                7.25
            ],
            "to": [
                9.81066,
                15.65,
                8.75
            ],
            "rotation": {
                "angle": -45,
                "axis": "y",
                "origin": [
                    8,
                    13.15,
                    8
                ]
            },
            "faces": {
                "east": {
                    "uv": [
                        7.5,
                        5,
                        9,
                        0
                    ],
                    "rotation": 180,
                    "texture": "#2"
                },
                "west": {
                    "uv": [
                        9,
                        5,
                        7.5,
                        0
                    ],
                    "rotation": 180,
                    "texture": "#2"
                }
            }
        },
        {
            "from": [
                7.25,
                10.65,
                9.78066
            ],
            "to": [
                8.75,
                15.65,
                9.81066
            ],
            "rotation": {
                "angle": 0,
                "axis": "y",
                "origin": [
                    8,
                    13.15,
                    8
                ]
            },
            "faces": {
                "north": {
                    "uv": [
                        10.5,
                        5,
                        9,
                        0
                    ],
                    "rotation": 180,
                    "texture": "#2"
                },
                "south": {
                    "uv": [
                        9,
                        5,
                        10.5,
                        0
                    ],
                    "rotation": 180,
                    "texture": "#2"
                }
            }
        },
        {
            "from": [
                7.25,
                10.65,
                9.78066
            ],
            "to": [
                8.75,
                15.65,
                9.81066
            ],
            "rotation": {
                "angle": -45,
                "axis": "y",
                "origin": [
                    8,
                    13.15,
                    8
                ]
            },
            "faces": {
                "north": {
                    "uv": [
                        12,
                        5,
                        10.5,
                        0
                    ],
                    "rotation": 180,
                    "texture": "#2"
                },
                "south": {
                    "uv": [
                        10.5,
                        5,
                        12,
                        0
                    ],
                    "rotation": 180,
                    "texture": "#2"
                }
            }
        },
        {
            "from": [
                7.25,
                15.65,
                9.78066
            ],
            "to": [
                8.75,
                20.65,
                9.81066
            ],
            "rotation": {
                "angle": 22.5,
                "axis": "y",
                "origin": [
                    8,
                    18.15,
                    8
                ]
            },
            "faces": {
                "north": {
                    "uv": [
                        1.5,
                        5,
                        0,
                        0
                    ],
                    "rotation": 180,
                    "texture": "#2"
                },
                "south": {
                    "uv": [
                        0,
                        5,
                        1.5,
                        0
                    ],
                    "rotation": 180,
                    "texture": "#2"
                }
            }
        },
        {
            "from": [
                7.25,
                15.65,
                9.78066
            ],
            "to": [
                8.75,
                20.65,
                9.81066
            ],
            "rotation": {
                "angle": -22.5,
                "axis": "y",
                "origin": [
                    8,
                    18.15,
                    8
                ]
            },
            "faces": {
                "north": {
                    "uv": [
                        3,
                        5,
                        1.5,
                        0
                    ],
                    "rotation": 180,
                    "texture": "#2"
                },
                "south": {
                    "uv": [
                        1.5,
                        5,
                        3,
                        0
                    ],
                    "rotation": 180,
                    "texture": "#2"
                }
            }
        },
        {
            "from": [
                6.18934,
                15.65,
                7.25
            ],
            "to": [
                6.21934,
                20.65,
                8.75
            ],
            "rotation": {
                "angle": -22.5,
                "axis": "y",
                "origin": [
                    8,
                    18.15,
                    8
                ]
            },
            "faces": {
                "east": {
                    "uv": [
                        6,
                        5,
                        4.5,
                        0
                    ],
                    "rotation": 180,
                    "texture": "#2"
                },
                "west": {
                    "uv": [
                        4.5,
                        5,
                        6,
                        0
                    ],
                    "rotation": 180,
                    "texture": "#2"
                }
            }
        },
        {
            "from": [
                6.18934,
                15.65,
                7.25
            ],
            "to": [
                6.21934,
                20.65,
                8.75
            ],
            "rotation": {
                "angle": 22.5,
                "axis": "y",
                "origin": [
                    8,
                    18.15,
                    8
                ]
            },
            "faces": {
                "east": {
                    "uv": [
                        4.5,
                        5,
                        3,
                        0
                    ],
                    "rotation": 180,
                    "texture": "#2"
                },
                "west": {
                    "uv": [
                        3,
                        5,
                        4.5,
                        0
                    ],
                    "rotation": 180,
                    "texture": "#2"
                }
            }
        },
        {
            "from": [
                7.25,
                15.65,
                6.18934
            ],
            "to": [
                8.75,
                20.65,
                6.21934
            ],
            "rotation": {
                "angle": 22.5,
                "axis": "y",
                "origin": [
                    8,
                    18.15,
                    8
                ]
            },
            "faces": {
                "north": {
                    "uv": [
                        6,
                        5,
                        7.5,
                        0
                    ],
                    "rotation": 180,
                    "texture": "#2"
                },
                "south": {
                    "uv": [
                        7.5,
                        5,
                        6,
                        0
                    ],
                    "rotation": 180,
                    "texture": "#2"
                }
            }
        },
        {
            "from": [
                7.25,
                15.65,
                6.18934
            ],
            "to": [
                8.75,
                20.65,
                6.21934
            ],
            "rotation": {
                "angle": -22.5,
                "axis": "y",
                "origin": [
                    8,
                    18.15,
                    8
                ]
            },
            "faces": {
                "north": {
                    "uv": [
                        7.5,
                        5,
                        9,
                        0
                    ],
                    "rotation": 180,
                    "texture": "#2"
                },
                "south": {
                    "uv": [
                        9,
                        5,
                        7.5,
                        0
                    ],
                    "rotation": 180,
                    "texture": "#2"
                }
            }
        },
        {
            "from": [
                9.78066,
                15.65,
                7.25
            ],
            "to": [
                9.81066,
                20.65,
                8.75
            ],
            "rotation": {
                "angle": 22.5,
                "axis": "y",
                "origin": [
                    8,
                    18.15,
                    8
                ]
            },
            "faces": {
                "east": {
                    "uv": [
                        9,
                        5,
                        10.5,
                        0
                    ],
                    "rotation": 180,
                    "texture": "#2"
                },
                "west": {
                    "uv": [
                        10.5,
                        5,
                        9,
                        0
                    ],
                    "rotation": 180,
                    "texture": "#2"
                }
            }
        },
        {
            "from": [
                9.78066,
                15.65,
                7.25
            ],
            "to": [
                9.81066,
                20.65,
                8.75
            ],
            "rotation": {
                "angle": -22.5,
                "axis": "y",
                "origin": [
                    8,
                    18.15,
                    8
                ]
            },
            "faces": {
                "east": {
                    "uv": [
                        10.5,
                        5,
                        12,
                        0
                    ],
                    "rotation": 180,
                    "texture": "#2"
                },
                "west": {
                    "uv": [
                        12,
                        5,
                        10.5,
                        0
                    ],
                    "rotation": 180,
                    "texture": "#2"
                }
            }
        }
    ],
    "gui_light": "front",
    "display": {
        "thirdperson_righthand": {
            "rotation": [
                16,
                0,
                0
            ],
            "translation": [
                0,
                0.75,
                1.25
            ]
        },
        "thirdperson_lefthand": {
            "rotation": [
                16,
                0,
                0
            ],
            "translation": [
                0,
                0.75,
                1.25
            ]
        },
        "firstperson_righthand": {
            "rotation": [
                -53.98,
                -6.05,
                -8.96
            ],
            "translation": [
                2.75,
                0.5,
                0
            ]
        },
        "firstperson_lefthand": {
            "rotation": [
                -53.98,
                -6.05,
                -8.96
            ],
            "translation": [
                2.75,
                0.5,
                0
            ]
        },
        "ground": {
            "rotation": [
                -45,
                0,
                0
            ],
            "translation": [
                0,
                5,
                0
            ],
            "scale": [
                0.7,
                0.7,
                0.7
            ]
        },
        "gui": {
            "rotation": [
                -90,
                45,
                90
            ],
            "translation": [
                2.75,
                -2.5,
                0
            ]
        },
        "head": {
            "rotation": [
                0,
                -90,
                0
            ]
        },
        "fixed": {
            "rotation": [
                0,
                -90,
                0
            ],
            "translation": [
                0,
                0,
                -1.5
            ],
            "scale": [
                2,
                2,
                2
            ]
        }
    }
}