{"credit":"Made with Blockbench","texture_size":[8,8],"textures":{"3":"killburn_set:emissive_texture/01","4":"killburn_set:hammer","7":"killburn_set:animations/animation_6","particle":"killburn_set:animations/animation_6"},"elements":[{"from":[7.25,0.25,6.75],"to":[8.75,1.75,8.25],"rotation":{"angle":45,"axis":"x","origin":[7.5,0.5,8]},"faces":{"north":{"uv":[10.5,1.5,11.25,2.25],"texture":"#4"},"east":{"uv":[5,10.5,5.75,11.25],"texture":"#4"},"south":{"uv":[10.5,5.5,11.25,6.25],"texture":"#4"},"west":{"uv":[6,10.5,6.75,11.25],"texture":"#4"},"up":{"uv":[11.25,8.75,10.5,8],"texture":"#4"},"down":{"uv":[11.25,9,10.5,9.75],"texture":"#4"}}},{"from":[6.75,20.75,5.75],"to":[9.25,23.25,8.25],"rotation":{"angle":45,"axis":"x","origin":[7.5,21,8]},"faces":{"north":{"uv":[1,8,2.25,9.25],"texture":"#4"},"east":{"uv":[8,2.5,9.25,3.75],"texture":"#4"},"south":{"uv":[8,4,9.25,5.25],"texture":"#4"},"west":{"uv":[7.5,8,8.75,9.25],"texture":"#4"},"up":{"uv":[9.75,6.75,8.5,5.5],"texture":"#4"},"down":{"uv":[10.25,0,9,1.25],"texture":"#4"}}},{"from":[6.5,21.1,6.1],"to":[9.5,22.9,7.9],"rotation":{"angle":45,"axis":"x","origin":[7.5,21,8]},"faces":{"north":{"uv":[8.5,7,10,8],"texture":"#4"},"east":{"uv":[6,3,7,4],"texture":"#4"},"south":{"uv":[9,1.5,10.5,2.5],"texture":"#4"},"west":{"uv":[2.5,8,3.5,9],"texture":"#4"},"up":{"uv":[4,10,2.5,9],"texture":"#4"},"down":{"uv":[5.5,9,4,10],"texture":"#4"}}},{"from":[7.25,9.45711,7.25],"to":[8.75,9.95711,8.75],"rotation":{"angle":-45,"axis":"y","origin":[8,9.33211,8]},"faces":{"north":{"uv":[12.5,9.5,13.25,9.75],"texture":"#4"},"east":{"uv":[12.5,10,13.25,10.25],"texture":"#4"},"south":{"uv":[12.5,10.5,13.25,10.75],"texture":"#4"},"west":{"uv":[12.5,11,13.25,11.25],"texture":"#4"},"up":{"uv":[11.25,10.75,10.5,10],"texture":"#4"},"down":{"uv":[0.75,11,0,11.75],"texture":"#4"}}},{"from":[7.25,11.70711,7.25],"to":[8.75,12.20711,8.75],"rotation":{"angle":-45,"axis":"y","origin":[8,11.58211,8]},"faces":{"north":{"uv":[11.5,12.5,12.25,12.75],"texture":"#4"},"east":{"uv":[12.5,11.5,13.25,11.75],"texture":"#4"},"south":{"uv":[12.5,12,13.25,12.25],"texture":"#4"},"west":{"uv":[12.5,12.5,13.25,12.75],"texture":"#4"},"up":{"uv":[11.75,0.75,11,0],"texture":"#4"},"down":{"uv":[11.75,2.5,11,3.25],"texture":"#4"}}},{"from":[7.25,13.95711,7.25],"to":[8.75,14.45711,8.75],"rotation":{"angle":-45,"axis":"y","origin":[8,13.83211,8]},"faces":{"north":{"uv":[0,13,0.75,13.25],"texture":"#4"},"east":{"uv":[13,0,13.75,0.25],"texture":"#4"},"south":{"uv":[13,0.5,13.75,0.75],"texture":"#4"},"west":{"uv":[1,13,1.75,13.25],"texture":"#4"},"up":{"uv":[11.75,4.25,11,3.5],"texture":"#4"},"down":{"uv":[8.25,11,7.5,11.75],"texture":"#4"}}},{"from":[7.25,22.04287,4.29884],"to":[8.75,23.54287,7.29884],"rotation":{"angle":22.5,"axis":"x","origin":[8,23.04287,5.42384]},"faces":{"north":{"uv":[10.5,11,11.25,11.75],"texture":"#4"},"east":{"uv":[9,8,10.5,8.75],"texture":"#4"},"south":{"uv":[11.5,1,12.25,1.75],"texture":"#4"},"west":{"uv":[9,9,10.5,9.75],"texture":"#4"},"up":{"uv":[3.75,6,3,4.5],"texture":"#4"},"down":{"uv":[0.75,9.5,0,11],"texture":"#4"}}},{"from":[7.25,23.54287,4.29884],"to":[8.75,25.04287,5.79884],"rotation":{"angle":22.5,"axis":"x","origin":[8,23.04287,5.42384]},"faces":{"north":{"uv":[11.5,4.5,12.25,5.25],"texture":"#4"},"east":{"uv":[5,11.5,5.75,12.25],"texture":"#4"},"south":{"uv":[11.5,5.5,12.25,6.25],"texture":"#4"},"west":{"uv":[6,11.5,6.75,12.25],"texture":"#4"},"up":{"uv":[12.25,7.25,11.5,6.5],"texture":"#4"}}},{"from":[7.25,22.04287,8.70116],"to":[8.75,23.54287,11.70116],"rotation":{"angle":-22.5,"axis":"x","origin":[8,23.04287,10.57616]},"faces":{"north":{"uv":[1,12,1.75,12.75],"texture":"#4"},"east":{"uv":[1,9.5,2.5,10.25],"texture":"#4"},"south":{"uv":[2,12,2.75,12.75],"texture":"#4"},"west":{"uv":[9.5,2.5,11,3.25],"texture":"#4"},"up":{"uv":[10.25,5,9.5,3.5],"texture":"#4"},"down":{"uv":[8.25,9.5,7.5,11],"texture":"#4"}}},{"from":[7.25,23.54287,10.20116],"to":[8.75,25.04287,11.70116],"rotation":{"angle":-22.5,"axis":"x","origin":[8,23.04287,10.57616]},"faces":{"north":{"uv":[11.5,9.5,12.25,10.25],"texture":"#4"},"east":{"uv":[11.5,10.5,12.25,11.25],"texture":"#4"},"south":{"uv":[11.5,11.5,12.25,12.25],"texture":"#4"},"west":{"uv":[0,12,0.75,12.75],"texture":"#4"},"up":{"uv":[12.75,0.75,12,0],"texture":"#4"}}},{"from":[7.29289,9.95711,7],"to":[8.29289,13.95711,8],"rotation":{"angle":-45,"axis":"y","origin":[7.29289,8.95711,8]},"faces":{"north":{"uv":[8.5,9.5,9,11.5],"texture":"#4"},"east":{"uv":[2.5,10,3,12],"texture":"#4"},"south":{"uv":[3,10,3.5,12],"texture":"#4"},"west":{"uv":[3.5,10,4,12],"texture":"#4"},"up":{"uv":[7.5,6,7,5.5],"texture":"#4"}}},{"from":[7.29289,6.45711,7],"to":[8.29289,9.45711,8],"rotation":{"angle":-45,"axis":"y","origin":[7.29289,5.45711,8]},"faces":{"north":{"uv":[10,5.5,10.5,7],"texture":"#4"},"east":{"uv":[7,10,7.5,11.5],"texture":"#4"},"south":{"uv":[9,10,9.5,11.5],"texture":"#4"},"west":{"uv":[9.5,10,10,11.5],"texture":"#4"}}},{"from":[7.29289,14.45711,7],"to":[8.29289,17.45711,8],"rotation":{"angle":-45,"axis":"y","origin":[7.29289,13.45711,8]},"faces":{"north":{"uv":[10,10,10.5,11.5],"texture":"#4"},"east":{"uv":[10.5,0,11,1.5],"texture":"#4"},"south":{"uv":[1,10.5,1.5,12],"texture":"#4"},"west":{"uv":[1.5,10.5,2,12],"texture":"#4"}}},{"from":[7,1.61498,8.42208],"to":[9,1.64498,9.42208],"rotation":{"angle":22.5,"axis":"x","origin":[8,1.4382,9.34886]},"faces":{"up":{"uv":[4,6.5,3,6],"texture":"#4"},"down":{"uv":[11.5,6.5,10.5,7],"texture":"#4"}}},{"from":[7,0.53914,9.50712],"to":[9,1.53914,9.53712],"rotation":{"angle":-22.5,"axis":"x","origin":[8,1.46592,9.36034]},"faces":{"north":{"uv":[12.5,6,13.5,6.5],"texture":"#4"},"south":{"uv":[12.5,6.5,13.5,7],"texture":"#4"}}},{"from":[7,1.61498,6.57792],"to":[9,1.64498,7.57792],"rotation":{"angle":-22.5,"axis":"x","origin":[8,1.4382,6.65114]},"faces":{"up":{"uv":[13.5,7.5,12.5,7],"texture":"#4"},"down":{"uv":[13.5,7.5,12.5,8],"texture":"#4"}}},{"from":[7,0.53914,6.46288],"to":[9,1.53914,6.49288],"rotation":{"angle":22.5,"axis":"x","origin":[8,1.46592,6.63966]},"faces":{"north":{"uv":[8,12.5,9,13],"texture":"#4"},"south":{"uv":[12.5,8,13.5,8.5],"texture":"#4"}}},{"from":[7.04289,17.45711,7.75],"to":[8.54289,21.95711,9.25],"rotation":{"angle":45,"axis":"y","origin":[7.29289,17.70711,8]},"faces":{"north":{"uv":[3.5,6.5,4.25,8.75],"texture":"#4"},"east":{"uv":[4.5,6.5,5.25,8.75],"texture":"#4"},"south":{"uv":[0,7,0.75,9.25],"texture":"#4"},"west":{"uv":[7,3,7.75,5.25],"texture":"#4"},"up":{"uv":[12.25,8.25,11.5,7.5],"texture":"#4"},"down":{"uv":[9.25,11.5,8.5,12.25],"texture":"#4"}}},{"from":[7.04289,1.85711,7.75],"to":[8.54289,6.45711,9.25],"rotation":{"angle":45,"axis":"y","origin":[7.29289,2.10711,8]},"faces":{"north":{"uv":[5.5,7.5,6.25,9.75],"texture":"#4"},"east":{"uv":[7.5,5.5,8.25,7.75],"texture":"#4"},"south":{"uv":[6.5,7.5,7.25,9.75],"texture":"#4"},"west":{"uv":[8,0,8.75,2.25],"texture":"#4"},"up":{"uv":[12.25,9.25,11.5,8.5],"texture":"#4"},"down":{"uv":[10.25,11.5,9.5,12.25],"texture":"#4"}}},{"name":"cube_outline","from":[6.7,23.05,8.05],"to":[6.15,20.95,5.95],"rotation":{"angle":45,"axis":"x","origin":[5.85,21,8]},"faces":{"north":{"uv":[4,0,5,4],"texture":"#3"},"east":{"uv":[0,0,4,4],"texture":"#3"},"south":{"uv":[4,4,5,8],"texture":"#3"},"west":{"uv":[0,4,4,8],"texture":"#3"},"up":{"uv":[7,4,6,0],"texture":"#3"},"down":{"uv":[7,4,6,8],"texture":"#3"}}},{"name":"cube_outline","from":[9.85,23.05,8.05],"to":[9.3,20.95,5.95],"rotation":{"angle":45,"axis":"x","origin":[10.15,21,8]},"faces":{"north":{"uv":[5,0,4,4],"texture":"#3"},"east":{"uv":[4,4,0,8],"texture":"#3"},"south":{"uv":[5,4,4,8],"texture":"#3"},"west":{"uv":[4,0,0,4],"texture":"#3"},"up":{"uv":[6,4,7,0],"texture":"#3"},"down":{"uv":[6,4,7,8],"texture":"#3"}}},{"from":[7.25,23,7.25],"to":[8.75,24.5,8.75],"rotation":{"angle":45,"axis":"y","origin":[8,23.5,8]},"faces":{"north":{"uv":[12,2,12.75,2.75],"texture":"#4"},"east":{"uv":[3,12,3.75,12.75],"texture":"#4"},"south":{"uv":[12,3,12.75,3.75],"texture":"#4"},"west":{"uv":[4,12,4.75,12.75],"texture":"#4"},"up":{"uv":[7.75,12.75,7,12],"texture":"#4"}}},{"from":[7.5,24.5,7.5],"to":[8.5,26,8.5],"rotation":{"angle":45,"axis":"y","origin":[8,25,8]},"faces":{"north":{"uv":[1,7,1.5,7.75],"texture":"#4"},"east":{"uv":[12.5,8.5,13,9.25],"texture":"#4"},"south":{"uv":[9,12.5,9.5,13.25],"texture":"#4"},"west":{"uv":[9.5,12.5,10,13.25],"texture":"#4"}}},{"from":[7.25,25,8.25],"to":[8.75,26.5,9.75],"rotation":{"angle":-45,"axis":"x","origin":[7,24.75,8]},"faces":{"north":{"uv":[10.5,12,11.25,12.75],"texture":"#4"},"east":{"uv":[12.5,1,13.25,1.75],"texture":"#4"},"south":{"uv":[12.5,4,13.25,4.75],"texture":"#4"},"west":{"uv":[5,12.5,5.75,13.25],"texture":"#4"},"up":{"uv":[13.25,5.75,12.5,5],"texture":"#4"},"down":{"uv":[6.75,12.5,6,13.25],"texture":"#4"}}},{"from":[8,19.27157,1],"to":[12,23.27157,4],"rotation":{"angle":45,"axis":"z","origin":[8,19.27157,-1]},"faces":{"north":{"uv":[0,2.5,2,4.5],"texture":"#4"},"east":{"uv":[1.5,4.5,3,6.5],"texture":"#4"},"south":{"uv":[2,2.5,4,4.5],"texture":"#4"},"west":{"uv":[5.5,4,7,6],"texture":"#4"},"up":{"uv":[8,1.5,6,0],"texture":"#4"},"down":{"uv":[8,1.5,6,3],"texture":"#4"}}},{"from":[8,19.27157,-1],"to":[12,23.27157,0],"rotation":{"angle":45,"axis":"z","origin":[8,19.27157,-5]},"faces":{"north":{"uv":[4,0,6,2],"texture":"#4"},"east":{"uv":[4,10,4.5,12],"texture":"#4"},"south":{"uv":[4,2,6,4],"texture":"#4"},"west":{"uv":[4.5,10,5,12],"texture":"#4"},"up":{"uv":[11.5,5.5,9.5,5],"texture":"#4"},"down":{"uv":[7,10,5,10.5],"texture":"#4"}}},{"from":[8.5,19.77157,0],"to":[11.5,22.77157,1],"rotation":{"angle":45,"axis":"z","origin":[8,19.27157,-4]},"faces":{"east":{"uv":[2,10.5,2.5,12],"texture":"#4"},"west":{"uv":[10.5,3.5,11,5],"texture":"#4"},"up":{"uv":[11.5,7.5,10,7],"texture":"#4"},"down":{"uv":[11.5,7.5,10,8],"texture":"#4"}}},{"from":[6,19.6,3.5],"to":[10,24.6,6.5],"rotation":{"angle":-22.5,"axis":"x","origin":[6,19.6,3.5]},"faces":{"north":{"uv":[0,0,2,2.5],"texture":"#4"},"east":{"uv":[4,4,5.5,6.5],"texture":"#4"},"south":{"uv":[2,0,4,2.5],"texture":"#4"},"west":{"uv":[0,4.5,1.5,7],"texture":"#4"},"up":{"uv":[7.5,7.5,5.5,6],"texture":"#4"},"down":{"uv":[3.5,6.5,1.5,8],"texture":"#4"}}},{"from":[8,19.27157,12],"to":[12,23.27157,15],"rotation":{"angle":45,"axis":"z","origin":[8,19.27157,17]},"faces":{"north":{"uv":[4,2.5,2,4.5],"texture":"#4"},"east":{"uv":[3,4.5,1.5,6.5],"texture":"#4"},"south":{"uv":[2,2.5,0,4.5],"texture":"#4"},"west":{"uv":[7,4,5.5,6],"texture":"#4"},"up":{"uv":[8,0,6,1.5],"texture":"#4"},"down":{"uv":[8,3,6,1.5],"texture":"#4"}}},{"from":[6,19.6,9.5],"to":[10,24.6,12.5],"rotation":{"angle":22.5,"axis":"x","origin":[6,19.6,12.5]},"faces":{"north":{"uv":[4,0,2,2.5],"texture":"#4"},"east":{"uv":[5.5,4,4,6.5],"texture":"#4"},"south":{"uv":[2,0,0,2.5],"texture":"#4"},"west":{"uv":[1.5,4.5,0,7],"texture":"#4"},"up":{"uv":[7.5,6,5.5,7.5],"texture":"#4"},"down":{"uv":[3.5,8,1.5,6.5],"texture":"#4"}}},{"from":[8.5,19.77157,15],"to":[11.5,22.77157,16],"rotation":{"angle":45,"axis":"z","origin":[8,19.27157,20]},"faces":{"east":{"uv":[2.5,10.5,2,12],"texture":"#4"},"west":{"uv":[11,3.5,10.5,5],"texture":"#4"},"up":{"uv":[11.5,7,10,7.5],"texture":"#4"},"down":{"uv":[11.5,8,10,7.5],"texture":"#4"}}},{"from":[8,19.27157,16],"to":[12,23.27157,17],"rotation":{"angle":45,"axis":"z","origin":[8,19.27157,21]},"faces":{"north":{"uv":[6,2,4,4],"texture":"#4"},"east":{"uv":[4.5,10,4,12],"texture":"#4"},"south":{"uv":[6,0,4,2],"texture":"#4"},"west":{"uv":[5,10,4.5,12],"texture":"#4"},"up":{"uv":[11.5,5,9.5,5.5],"texture":"#4"},"down":{"uv":[7,10.5,5,10],"texture":"#4"}}},{"from":[6.18934,21.4,-6],"to":[6.21934,22.9,-1],"rotation":{"angle":0,"axis":"y","origin":[8,22.15,-3.5]},"faces":{"east":{"uv":[1.5,0,0,5],"rotation":90,"texture":"#7"},"west":{"uv":[0,0,1.5,5],"rotation":270,"texture":"#7"}}},{"from":[6.18934,21.4,-6],"to":[6.21934,22.9,-1],"rotation":{"angle":-45,"axis":"z","origin":[8,22.15,-3.5]},"faces":{"east":{"uv":[3,0,1.5,5],"rotation":90,"texture":"#7"},"west":{"uv":[1.5,0,3,5],"rotation":270,"texture":"#7"}}},{"from":[7.25,23.93066,-6],"to":[8.75,23.96066,-1],"rotation":{"angle":-45,"axis":"z","origin":[8,22.15,-3.5]},"faces":{"up":{"uv":[4.5,0,6,5],"texture":"#7"},"down":{"uv":[6,0,4.5,5],"rotation":180,"texture":"#7"}}},{"from":[7.25,23.93066,-6],"to":[8.75,23.96066,-1],"rotation":{"angle":0,"axis":"y","origin":[8,22.15,-3.5]},"faces":{"up":{"uv":[3,0,4.5,5],"texture":"#7"},"down":{"uv":[4.5,0,3,5],"rotation":180,"texture":"#7"}}},{"from":[9.78066,21.4,-6],"to":[9.81066,22.9,-1],"rotation":{"angle":0,"axis":"y","origin":[8,22.15,-3.5]},"faces":{"east":{"uv":[6,0,7.5,5],"rotation":90,"texture":"#7"},"west":{"uv":[7.5,0,6,5],"rotation":270,"texture":"#7"}}},{"from":[9.78066,21.4,-6],"to":[9.81066,22.9,-1],"rotation":{"angle":-45,"axis":"z","origin":[8,22.15,-3.5]},"faces":{"east":{"uv":[7.5,0,9,5],"rotation":90,"texture":"#7"},"west":{"uv":[9,0,7.5,5],"rotation":270,"texture":"#7"}}},{"from":[7.25,20.33934,-6],"to":[8.75,20.36934,-1],"rotation":{"angle":0,"axis":"y","origin":[8,22.15,-3.5]},"faces":{"up":{"uv":[10.5,0,9,5],"texture":"#7"},"down":{"uv":[9,0,10.5,5],"rotation":180,"texture":"#7"}}},{"from":[7.25,20.33934,-6],"to":[8.75,20.36934,-1],"rotation":{"angle":-45,"axis":"z","origin":[8,22.15,-3.5]},"faces":{"up":{"uv":[12,0,10.5,5],"texture":"#7"},"down":{"uv":[10.5,0,12,5],"rotation":180,"texture":"#7"}}},{"from":[6.18934,21.4,17],"to":[6.21934,22.9,22],"rotation":{"angle":0,"axis":"y","origin":[8,22.15,19.5]},"faces":{"east":{"uv":[1.5,5,0,0],"rotation":90,"texture":"#7"},"west":{"uv":[0,5,1.5,0],"rotation":270,"texture":"#7"}}},{"from":[6.18934,21.4,17],"to":[6.21934,22.9,22],"rotation":{"angle":-45,"axis":"z","origin":[8,22.15,19.5]},"faces":{"east":{"uv":[3,5,1.5,0],"rotation":90,"texture":"#7"},"west":{"uv":[1.5,5,3,0],"rotation":270,"texture":"#7"}}},{"from":[7.25,23.93066,17],"to":[8.75,23.96066,22],"rotation":{"angle":-45,"axis":"z","origin":[8,22.15,19.5]},"faces":{"up":{"uv":[4.5,5,6,0],"texture":"#7"},"down":{"uv":[6,5,4.5,0],"rotation":180,"texture":"#7"}}},{"from":[7.25,23.93066,17],"to":[8.75,23.96066,22],"rotation":{"angle":0,"axis":"y","origin":[8,22.15,19.5]},"faces":{"up":{"uv":[3,5,4.5,0],"texture":"#7"},"down":{"uv":[4.5,5,3,0],"rotation":180,"texture":"#7"}}},{"from":[9.78066,21.4,17],"to":[9.81066,22.9,22],"rotation":{"angle":0,"axis":"y","origin":[8,22.15,19.5]},"faces":{"east":{"uv":[6,5,7.5,0],"rotation":90,"texture":"#7"},"west":{"uv":[7.5,5,6,0],"rotation":270,"texture":"#7"}}},{"from":[9.78066,21.4,17],"to":[9.81066,22.9,22],"rotation":{"angle":-45,"axis":"z","origin":[8,22.15,19.5]},"faces":{"east":{"uv":[7.5,5,9,0],"rotation":90,"texture":"#7"},"west":{"uv":[9,5,7.5,0],"rotation":270,"texture":"#7"}}},{"from":[7.25,20.33934,17],"to":[8.75,20.36934,22],"rotation":{"angle":0,"axis":"y","origin":[8,22.15,19.5]},"faces":{"up":{"uv":[10.5,5,9,0],"texture":"#7"},"down":{"uv":[9,5,10.5,0],"rotation":180,"texture":"#7"}}},{"from":[7.25,20.33934,17],"to":[8.75,20.36934,22],"rotation":{"angle":-45,"axis":"z","origin":[8,22.15,19.5]},"faces":{"up":{"uv":[12,5,10.5,0],"texture":"#7"},"down":{"uv":[10.5,5,12,0],"rotation":180,"texture":"#7"}}}],"gui_light":"front","display":{"thirdperson_righthand":{"translation":[0,-6,0.75]},"thirdperson_lefthand":{"translation":[0,-6,0.75]},"firstperson_righthand":{"rotation":[8,0,0],"translation":[3.5,-8,-1]},"firstperson_lefthand":{"rotation":[8,0,0],"translation":[3.5,-8,-1]},"ground":{"rotation":[-45,0,0],"translation":[0,5,0],"scale":[0.7,0.7,0.7]},"gui":{"rotation":[-90,45,90],"translation":[4.5,-4.5,0],"scale":[0.8,0.8,0.8]},"head":{"rotation":[0,-90,0]},"fixed":{"rotation":[0,-90,0],"translation":[0,-8,-1.5],"scale":[2,2,2]}}}