{"credit":"Made with Blockbench","texture_size":[8,8],"textures":{"2":"killburn_set:animations/animation_5","3":"killburn_set:emissive_texture/01","4":"killburn_set:key","particle":"killburn_set:key"},"elements":[{"from":[7.25,3.46116,3.46116],"to":[8.75,5.46116,5.46116],"rotation":{"angle":45,"axis":"x","origin":[8,8,8]},"faces":{"north":{"uv":[12.5,0,11,2],"rotation":180,"texture":"#4"},"east":{"uv":[9,0,11,2],"rotation":270,"texture":"#4"},"south":{"uv":[11.5,12,10,10],"texture":"#4"},"west":{"uv":[1,9,3,11],"rotation":90,"texture":"#4"},"up":{"uv":[8,9,9.5,11],"rotation":180,"texture":"#4"},"down":{"uv":[10,8,11.5,10],"texture":"#4"}}},{"from":[6.75,9.26446,9.26446],"to":[9.25,11.76446,11.76446],"rotation":{"angle":45,"axis":"x","origin":[8,8,8]},"faces":{"north":{"uv":[8.5,0,6,2.5],"rotation":180,"texture":"#4"},"east":{"uv":[0,3,2.5,5.5],"rotation":270,"texture":"#4"},"south":{"uv":[2.5,8.5,0,6],"texture":"#4"},"west":{"uv":[3,3,5.5,5.5],"rotation":90,"texture":"#4"},"up":{"uv":[0,0,2.5,2.5],"rotation":180,"texture":"#4"},"down":{"uv":[3,0,5.5,2.5],"texture":"#4"}}},{"from":[6.5,9.61446,9.61446],"to":[9.5,11.41446,11.41446],"rotation":{"angle":45,"axis":"x","origin":[8,8,8]},"faces":{"north":{"uv":[9,7,6,9],"rotation":180,"texture":"#4"},"east":{"uv":[9,2,11,4],"rotation":270,"texture":"#4"},"south":{"uv":[9,7,6,5],"texture":"#4"},"west":{"uv":[9,4,11,6],"rotation":90,"texture":"#4"},"up":{"uv":[3,6,6,8],"rotation":180,"texture":"#4"},"down":{"uv":[6,3,9,5],"texture":"#4"}}},{"from":[7.25,7.25,4.09888],"to":[8.75,8.75,4.59888],"rotation":{"angle":-45,"axis":"z","origin":[8,8,8]},"faces":{"north":{"uv":[12.5,2,11,3.5],"rotation":180,"texture":"#4"},"east":{"uv":[0,14,1.5,14.5],"rotation":270,"texture":"#4"},"south":{"uv":[2.5,12.5,1,11],"texture":"#4"},"west":{"uv":[4,14,5.5,14.5],"rotation":90,"texture":"#4"},"up":{"uv":[12,13,13.5,13.5],"rotation":180,"texture":"#4"},"down":{"uv":[2,14,3.5,14.5],"texture":"#4"}}},{"from":[7.25,7.25,6.34888],"to":[8.75,8.75,6.84888],"rotation":{"angle":-45,"axis":"z","origin":[8,8,8]},"faces":{"north":{"uv":[7.5,11,6,12.5],"rotation":180,"texture":"#4"},"east":{"uv":[14,6,15.5,6.5],"rotation":270,"texture":"#4"},"south":{"uv":[12.5,5.5,11,4],"texture":"#4"},"west":{"uv":[14,8,15.5,8.5],"rotation":90,"texture":"#4"},"up":{"uv":[14,5,15.5,5.5],"rotation":180,"texture":"#4"},"down":{"uv":[8,14,9.5,14.5],"texture":"#4"}}},{"from":[7.25,7.25,8.59888],"to":[8.75,8.75,9.09888],"rotation":{"angle":-45,"axis":"z","origin":[8,8,8]},"faces":{"north":{"uv":[9.5,11,8,12.5],"rotation":180,"texture":"#4"},"east":{"uv":[14,10,15.5,10.5],"rotation":270,"texture":"#4"},"south":{"uv":[12.5,7.5,11,6],"texture":"#4"},"west":{"uv":[12,14,13.5,14.5],"rotation":90,"texture":"#4"},"up":{"uv":[14,9,15.5,9.5],"rotation":180,"texture":"#4"},"down":{"uv":[14,11,15.5,11.5],"texture":"#4"}}},{"from":[7.5,7.5,4.59888],"to":[8.5,8.5,9.59888],"rotation":{"angle":-45,"axis":"z","origin":[8,8,8]},"faces":{"east":{"uv":[4,8,5,13],"rotation":270,"texture":"#4"},"south":{"uv":[10,9,9,8],"texture":"#4"},"west":{"uv":[0,9,1,14],"rotation":90,"texture":"#4"},"up":{"uv":[3,8,4,13],"rotation":180,"texture":"#4"},"down":{"uv":[5,8,6,13],"texture":"#4"}}},{"from":[7,7,9.59888],"to":[9,9,10.59888],"rotation":{"angle":-45,"axis":"z","origin":[8,8,8]},"faces":{"north":{"uv":[11,6,9,8],"rotation":180,"texture":"#4"},"east":{"uv":[12,9,14,10],"rotation":270,"texture":"#4"},"south":{"uv":[8,11,6,9],"texture":"#4"},"west":{"uv":[12,10,14,11],"rotation":90,"texture":"#4"},"up":{"uv":[12,8,14,9],"rotation":180,"texture":"#4"},"down":{"uv":[10,12,12,13],"texture":"#4"}}},{"from":[7,4.68928,12.0845],"to":[9,5.68928,12.1145],"rotation":{"angle":-22.5,"axis":"x","origin":[8,8,8]},"faces":{"north":{"uv":[14,12,12,13],"rotation":180,"texture":"#4"},"south":{"uv":[14,12,12,11],"texture":"#4"}}},{"from":[7,8.54714,13.22922],"to":[9,8.57714,14.22922],"rotation":{"angle":22.5,"axis":"x","origin":[8,8,8]},"faces":{"up":{"uv":[13,0,15,1],"rotation":180,"texture":"#4"},"down":{"uv":[1,13,3,14],"texture":"#4"}}},{"from":[7,10.31072,12.0845],"to":[9,11.31072,12.1145],"rotation":{"angle":22.5,"axis":"x","origin":[8,8,8]},"faces":{"north":{"uv":[15,2,13,3],"rotation":180,"texture":"#4"},"south":{"uv":[15,2,13,1],"texture":"#4"}}},{"from":[7,7.42286,13.22922],"to":[9,7.45286,14.22922],"rotation":{"angle":-22.5,"axis":"x","origin":[8,8,8]},"faces":{"up":{"uv":[3,13,5,14],"rotation":180,"texture":"#4"},"down":{"uv":[13,3,15,4],"texture":"#4"}}},{"name":"cube_outline","from":[6.7,11.56446,11.56446],"to":[6.15,9.46446,9.46446],"rotation":{"angle":45,"axis":"x","origin":[8,8,8]},"faces":{"north":{"uv":[7,4,6,8],"rotation":180,"texture":"#3"},"east":{"uv":[0,0,4,4],"rotation":270,"texture":"#3"},"south":{"uv":[7,4,6,0],"texture":"#3"},"west":{"uv":[0,4,4,8],"rotation":90,"texture":"#3"},"up":{"uv":[4,0,5,4],"rotation":180,"texture":"#3"},"down":{"uv":[4,4,5,8],"texture":"#3"}}},{"name":"cube_outline","from":[9.85,11.56446,11.56446],"to":[9.3,9.46446,9.46446],"rotation":{"angle":45,"axis":"x","origin":[8,8,8]},"faces":{"north":{"uv":[6,4,7,8],"rotation":180,"texture":"#3"},"east":{"uv":[4,4,0,8],"rotation":270,"texture":"#3"},"south":{"uv":[6,4,7,0],"texture":"#3"},"west":{"uv":[4,0,0,4],"rotation":90,"texture":"#3"},"up":{"uv":[5,0,4,4],"rotation":180,"texture":"#3"},"down":{"uv":[5,4,4,8],"texture":"#3"}}},{"from":[7.75,5.5,2.24177],"to":[8.25,7.5,2.74177],"rotation":{"angle":0,"axis":"y","origin":[8,8,8]},"faces":{"north":{"uv":[7.5,13,7,15],"rotation":180,"texture":"#4"},"east":{"uv":[13,4,15,4.5],"rotation":270,"texture":"#4"},"south":{"uv":[13.5,7,13,5],"texture":"#4"},"west":{"uv":[5,13,7,13.5],"rotation":90,"texture":"#4"},"down":{"uv":[6,14,6.5,14.5],"texture":"#4"}}},{"from":[7.75,6,2.74177],"to":[8.25,7.5,3.24177],"rotation":{"angle":0,"axis":"y","origin":[8,8,8]},"faces":{"east":{"uv":[14,12,15.5,12.5],"rotation":270,"texture":"#4"},"west":{"uv":[14,13,15.5,13.5],"rotation":90,"texture":"#4"},"down":{"uv":[14,14,14.5,14.5],"texture":"#4"}}},{"from":[7.75,5.5,3.24177],"to":[8.25,7.5,3.74177],"rotation":{"angle":0,"axis":"y","origin":[8,8,8]},"faces":{"north":{"uv":[11.5,13,11,15],"rotation":180,"texture":"#4"},"east":{"uv":[13,7,15,7.5],"rotation":270,"texture":"#4"},"south":{"uv":[10.5,15,10,13],"texture":"#4"},"west":{"uv":[8,13,10,13.5],"rotation":90,"texture":"#4"},"down":{"uv":[0,15,0.5,15.5],"texture":"#4"}}},{"from":[7.735,7.72653,3.5415],"to":[8.265,11.22653,10.5415],"rotation":{"angle":-22.5,"axis":"x","origin":[7.985,6.22653,3.5415]},"faces":{"east":{"uv":[7,14,0,0],"rotation":90,"texture":"#2"},"west":{"uv":[0,14,7,0],"rotation":270,"texture":"#2"}}}],"gui_light":"front","display":{"thirdperson_righthand":{"rotation":[90,0,0],"translation":[0,4.75,0.75]},"thirdperson_lefthand":{"rotation":[90,0,0],"translation":[0,4.75,0.75]},"firstperson_righthand":{"rotation":[57,0,-36],"translation":[2.5,4.5,1]},"firstperson_lefthand":{"rotation":[57,0,-36],"translation":[2.5,4.5,1]},"ground":{"rotation":[45,0,0],"translation":[0,5,0],"scale":[0.7,0.7,0.7]},"gui":{"rotation":[-90,135,90],"translation":[1,-0.75,0],"scale":[1.7,1.7,1.7]},"head":{"rotation":[0,-90,0]},"fixed":{"rotation":[90,-45,90],"translation":[-0.75,-1,-1.5],"scale":[2,2,2]}}}