{"credit":"Made with Blockbench","texture_size":[8,8],"textures":{"2":"killburn_set:animations/animation_3","3":"killburn_set:emissive_texture/01","5":"killburn_set:pickaxe","particle":"killburn_set:animations/animation_3"},"elements":[{"from":[7.25,0.25,6.75],"to":[8.75,1.75,8.25],"rotation":{"angle":45,"axis":"x","origin":[7.5,0.5,8]},"faces":{"north":{"uv":[9.33333,4,10.33333,5],"texture":"#5"},"east":{"uv":[5.33333,9.33333,6.33333,10.33333],"texture":"#5"},"south":{"uv":[6.66667,9.33333,7.66667,10.33333],"texture":"#5"},"west":{"uv":[9.33333,7.33333,10.33333,8.33333],"texture":"#5"},"up":{"uv":[9,10.33333,8,9.33333],"texture":"#5"},"down":{"uv":[10.33333,8.66667,9.33333,9.66667],"texture":"#5"}}},{"from":[6.75,11.75,5.75],"to":[9.25,14.25,8.25],"rotation":{"angle":45,"axis":"x","origin":[7.5,12,8]},"faces":{"north":{"uv":[4.66667,0,6.33333,1.66667],"texture":"#5"},"east":{"uv":[5.33333,2,7,3.66667],"texture":"#5"},"south":{"uv":[5.33333,4,7,5.66667],"texture":"#5"},"west":{"uv":[5.33333,6,7,7.66667],"texture":"#5"},"up":{"uv":[1.66667,8.33333,0,6.66667],"texture":"#5"},"down":{"uv":[8.33333,0,6.66667,1.66667],"texture":"#5"}}},{"from":[6.5,12.1,6.1],"to":[9.5,13.9,7.9],"rotation":{"angle":45,"axis":"x","origin":[7.5,12,8]},"faces":{"north":{"uv":[2,6.66667,4,8],"texture":"#5"},"east":{"uv":[9.33333,1.33333,10.66667,2.66667],"texture":"#5"},"south":{"uv":[7.33333,2,9.33333,3.33333],"texture":"#5"},"west":{"uv":[9.33333,2.66667,10.66667,4],"texture":"#5"},"up":{"uv":[9.33333,4.66667,7.33333,3.33333],"texture":"#5"},"down":{"uv":[9.33333,4.66667,7.33333,6],"texture":"#5"}}},{"from":[7.25,1.95711,7.25],"to":[8.75,2.45711,8.75],"rotation":{"angle":-45,"axis":"y","origin":[8,1.83211,8]},"faces":{"north":{"uv":[2,12,3,12.33333],"texture":"#5"},"east":{"uv":[3.33333,12,4.33333,12.33333],"texture":"#5"},"south":{"uv":[12,3.33333,13,3.66667],"texture":"#5"},"west":{"uv":[12,4,13,4.33333],"texture":"#5"},"up":{"uv":[1,11,0,10],"texture":"#5"},"down":{"uv":[3.66667,10,2.66667,11],"texture":"#5"}}},{"from":[7.25,4.20711,7.25],"to":[8.75,4.70711,8.75],"rotation":{"angle":-45,"axis":"y","origin":[8,4.08211,8]},"faces":{"north":{"uv":[4.66667,12,5.66667,12.33333],"texture":"#5"},"east":{"uv":[12,4.66667,13,5],"texture":"#5"},"south":{"uv":[6,12,7,12.33333],"texture":"#5"},"west":{"uv":[12,6.66667,13,7],"texture":"#5"},"up":{"uv":[5,11,4,10],"texture":"#5"},"down":{"uv":[11,5.33333,10,6.33333],"texture":"#5"}}},{"from":[7.25,6.45711,7.25],"to":[8.75,6.95711,8.75],"rotation":{"angle":-45,"axis":"y","origin":[8,6.33211,8]},"faces":{"north":{"uv":[7.33333,12,8.33333,12.33333],"texture":"#5"},"east":{"uv":[12,7.33333,13,7.66667],"texture":"#5"},"south":{"uv":[12,8,13,8.33333],"texture":"#5"},"west":{"uv":[8.66667,12,9.66667,12.33333],"texture":"#5"},"up":{"uv":[10.33333,11,9.33333,10],"texture":"#5"},"down":{"uv":[11.66667,0,10.66667,1],"texture":"#5"}}},{"from":[7.25,12.61951,4.18414],"to":[8.75,14.11951,7.18414],"rotation":{"angle":-22.5,"axis":"x","origin":[8,14.36951,5.55914]},"faces":{"north":{"uv":[10.66667,1.33333,11.66667,2.33333],"texture":"#5"},"east":{"uv":[5.33333,8,7.33333,9],"texture":"#5"},"south":{"uv":[10.66667,2.66667,11.66667,3.66667],"texture":"#5"},"west":{"uv":[8,6,10,7],"texture":"#5"},"up":{"uv":[3.66667,10,2.66667,8],"texture":"#5"},"down":{"uv":[9,7.33333,8,9.33333],"texture":"#5"}}},{"from":[7.25,14.11951,4.18414],"to":[8.75,15.61951,5.68414],"rotation":{"angle":-22.5,"axis":"x","origin":[8,14.36951,5.55914]},"faces":{"north":{"uv":[10.66667,4,11.66667,5],"texture":"#5"},"east":{"uv":[5.33333,10.66667,6.33333,11.66667],"texture":"#5"},"south":{"uv":[6.66667,10.66667,7.66667,11.66667],"texture":"#5"},"west":{"uv":[10.66667,6.66667,11.66667,7.66667],"texture":"#5"},"up":{"uv":[9,11.66667,8,10.66667],"texture":"#5"}}},{"from":[7.29289,2.45711,7],"to":[8.29289,7.45711,8],"rotation":{"angle":-45,"axis":"y","origin":[7.29289,1.45711,8]},"faces":{"north":{"uv":[4,6.66667,4.66667,10],"texture":"#5"},"east":{"uv":[4.66667,6.66667,5.33333,10],"texture":"#5"},"south":{"uv":[7.33333,6,8,9.33333],"texture":"#5"},"west":{"uv":[2,8,2.66667,11.33333],"texture":"#5"},"up":{"uv":[5.33333,2.66667,4.66667,2],"texture":"#5"}}},{"from":[7,1.61498,8.42208],"to":[9,1.64498,9.42208],"rotation":{"angle":22.5,"axis":"x","origin":[8,1.4382,9.34886]},"faces":{"up":{"uv":[2.66667,12,1.33333,11.33333],"texture":"#5"},"down":{"uv":[4,11.33333,2.66667,12],"texture":"#5"}}},{"from":[7,0.53914,9.50712],"to":[9,1.53914,9.53712],"rotation":{"angle":-22.5,"axis":"x","origin":[8,1.46592,9.36034]},"faces":{"north":{"uv":[4,11.33333,5.33333,12],"texture":"#5"},"south":{"uv":[11.33333,5.33333,12.66667,6],"texture":"#5"}}},{"from":[7,1.61498,6.57792],"to":[9,1.64498,7.57792],"rotation":{"angle":-22.5,"axis":"x","origin":[8,1.4382,6.65114]},"faces":{"up":{"uv":[12.66667,6.66667,11.33333,6],"texture":"#5"},"down":{"uv":[10.66667,11.33333,9.33333,12],"texture":"#5"}}},{"from":[7,0.53914,6.46288],"to":[9,1.53914,6.49288],"rotation":{"angle":22.5,"axis":"x","origin":[8,1.46592,6.63966]},"faces":{"north":{"uv":[12,0,13.33333,0.66667],"texture":"#5"},"south":{"uv":[12,0.66667,13.33333,1.33333],"texture":"#5"}}},{"from":[7.04289,7.45711,7.75],"to":[8.54289,12.95711,9.25],"rotation":{"angle":45,"axis":"y","origin":[7.29289,7.70711,8]},"faces":{"north":{"uv":[0,2.66667,1,6.33333],"texture":"#5"},"east":{"uv":[1.33333,2.66667,2.33333,6.33333],"texture":"#5"},"south":{"uv":[2.66667,2.66667,3.66667,6.33333],"texture":"#5"},"west":{"uv":[4,2.66667,5,6.33333],"texture":"#5"},"up":{"uv":[11.66667,9,10.66667,8],"texture":"#5"},"down":{"uv":[11.66667,9.33333,10.66667,10.33333],"texture":"#5"}}},{"from":[7.985,10.5,-1],"to":[8.015,14.5,5.5],"rotation":{"angle":0,"axis":"y","origin":[7.985,10,-0.5]},"faces":{"east":{"uv":[6.33333,12.66667,2,15.33333],"texture":"#5"},"west":{"uv":[2,12.66667,6.33333,15.33333],"texture":"#5"}}},{"from":[7.86,10.5,-1],"to":[8.14,14.5,5.5],"rotation":{"angle":0,"axis":"y","origin":[7.86,10,-0.5]},"faces":{"east":{"uv":[13,0,0,8],"texture":"#2"},"west":{"uv":[0,0,13,8],"texture":"#2"}}},{"from":[7.86,10.5,10.5],"to":[8.14,14.5,17],"rotation":{"angle":0,"axis":"y","origin":[7.86,10,16.5]},"faces":{"east":{"uv":[0,0,13,8],"texture":"#2"},"west":{"uv":[13,0,0,8],"texture":"#2"}}},{"name":"cube_outline","from":[6.7,14.05,8.05],"to":[6.15,11.95,5.95],"rotation":{"angle":45,"axis":"x","origin":[5.85,12,8]},"faces":{"north":{"uv":[4,0,5,4],"texture":"#3"},"east":{"uv":[0,0,4,4],"texture":"#3"},"south":{"uv":[4,4,5,8],"texture":"#3"},"west":{"uv":[0,4,4,8],"texture":"#3"},"up":{"uv":[7,4,6,0],"texture":"#3"},"down":{"uv":[7,4,6,8],"texture":"#3"}}},{"name":"cube_outline","from":[9.85,14.05,8.05],"to":[9.3,11.95,5.95],"rotation":{"angle":45,"axis":"x","origin":[10.15,12,8]},"faces":{"north":{"uv":[5,0,4,4],"texture":"#3"},"east":{"uv":[4,4,0,8],"texture":"#3"},"south":{"uv":[5,4,4,8],"texture":"#3"},"west":{"uv":[4,0,0,4],"texture":"#3"},"up":{"uv":[6,4,7,0],"texture":"#3"},"down":{"uv":[6,4,7,8],"texture":"#3"}}},{"from":[7.75,13,2],"to":[8.25,14.5,5],"rotation":{"angle":0,"axis":"y","origin":[7.25,0,0]},"faces":{"north":{"uv":[1.33333,10,1.66667,11],"texture":"#5"},"east":{"uv":[0,8.66667,2,9.66667],"texture":"#5"},"west":{"uv":[8.66667,0,10.66667,1],"texture":"#5"},"up":{"uv":[1.66667,14,1.33333,12],"texture":"#5"},"down":{"uv":[12.33333,1.33333,12,3.33333],"texture":"#5"}}},{"from":[7.7535,12.58934,1.25],"to":[8.2465,14.18934,2.75],"rotation":{"angle":-45,"axis":"x","origin":[8.0035,13.43934,2]},"faces":{"north":{"uv":[12,8.66667,12.33333,9.66667],"texture":"#5"},"east":{"uv":[10.66667,10.66667,11.66667,11.66667],"texture":"#5"},"west":{"uv":[0,11.33333,1,12.33333],"texture":"#5"},"up":{"uv":[10.33333,13,10,12],"texture":"#5"},"down":{"uv":[12.33333,10,12,11],"texture":"#5"}}},{"from":[7.25,12.61951,8.81586],"to":[8.75,14.11951,11.81586],"rotation":{"angle":22.5,"axis":"x","origin":[8,14.36951,10.44086]},"faces":{"north":{"uv":[11.66667,2.66667,10.66667,3.66667],"texture":"#5"},"east":{"uv":[7.33333,8,5.33333,9],"texture":"#5"},"south":{"uv":[11.66667,1.33333,10.66667,2.33333],"texture":"#5"},"west":{"uv":[10,6,8,7],"texture":"#5"},"up":{"uv":[3.66667,8,2.66667,10],"texture":"#5"},"down":{"uv":[9,9.33333,8,7.33333],"texture":"#5"}}},{"from":[7.25,14.11951,10.31586],"to":[8.75,15.61951,11.81586],"rotation":{"angle":22.5,"axis":"x","origin":[8,14.36951,10.44086]},"faces":{"north":{"uv":[7.66667,10.66667,6.66667,11.66667],"texture":"#5"},"east":{"uv":[6.33333,10.66667,5.33333,11.66667],"texture":"#5"},"south":{"uv":[11.66667,4,10.66667,5],"texture":"#5"},"west":{"uv":[11.66667,6.66667,10.66667,7.66667],"texture":"#5"},"up":{"uv":[9,10.66667,8,11.66667],"texture":"#5"}}},{"from":[7.985,10.5,10.5],"to":[8.015,14.5,17],"rotation":{"angle":0,"axis":"y","origin":[7.985,10,16.5]},"faces":{"east":{"uv":[2,12.66667,6.33333,15.33333],"texture":"#5"},"west":{"uv":[6.33333,12.66667,2,15.33333],"texture":"#5"}}},{"from":[7.75,13,11],"to":[8.25,14.5,14],"rotation":{"angle":0,"axis":"y","origin":[7.25,0,16]},"faces":{"east":{"uv":[2,8.66667,0,9.66667],"texture":"#5"},"south":{"uv":[1.66667,10,1.33333,11],"texture":"#5"},"west":{"uv":[10.66667,0,8.66667,1],"texture":"#5"},"up":{"uv":[1.66667,12,1.33333,14],"texture":"#5"},"down":{"uv":[12.33333,3.33333,12,1.33333],"texture":"#5"}}},{"from":[7.7535,12.58934,13.25],"to":[8.2465,14.18934,14.75],"rotation":{"angle":45,"axis":"x","origin":[8.0035,13.43934,14]},"faces":{"east":{"uv":[11.66667,10.66667,10.66667,11.66667],"texture":"#5"},"south":{"uv":[12.33333,8.66667,12,9.66667],"texture":"#5"},"west":{"uv":[1,11.33333,0,12.33333],"texture":"#5"},"up":{"uv":[10.33333,12,10,13],"texture":"#5"},"down":{"uv":[12.33333,11,12,10],"texture":"#5"}}}],"gui_light":"front","display":{"thirdperson_righthand":{"translation":[0,1.5,0.75]},"thirdperson_lefthand":{"translation":[0,1.5,0.75]},"firstperson_righthand":{"rotation":[8,0,0],"translation":[0.75,0.5,0.75]},"firstperson_lefthand":{"rotation":[8,0,0],"translation":[0.75,0.5,0.75]},"ground":{"rotation":[-45,0,0],"translation":[0,5,0]},"gui":{"rotation":[-90,45,90],"translation":[2.25,-2.25,0]},"head":{"rotation":[0,-90,0]},"fixed":{"rotation":[0,-90,0],"translation":[0,0,-1.5],"scale":[2,2,2]}}}