{"credit":"Made with Blockbench","textures":{"2":"killburn_set:animations/animation_7","3":"killburn_set:emissive_texture/01","5":"killburn_set:scythe","particle":"killburn_set:animations/animation_7"},"elements":[{"from":[7.25,0.25,6.75],"to":[8.75,1.75,8.25],"rotation":{"angle":45,"axis":"x","origin":[7.5,0.5,8]},"faces":{"north":{"uv":[9.25,0.25,10,1],"texture":"#5"},"east":{"uv":[9.25,2.25,10,3],"texture":"#5"},"south":{"uv":[9.25,5.75,10,6.5],"texture":"#5"},"west":{"uv":[9.25,6.75,10,7.5],"texture":"#5"},"up":{"uv":[10,8.5,9.25,7.75],"texture":"#5"},"down":{"uv":[10,8.75,9.25,9.5],"texture":"#5"}}},{"from":[6.75,20.75,5.75],"to":[9.25,23.25,8.25],"rotation":{"angle":45,"axis":"x","origin":[7.5,21,8]},"faces":{"north":{"uv":[6.25,0.25,7.5,1.5],"texture":"#5"},"east":{"uv":[1.25,6.25,2.5,7.5],"texture":"#5"},"south":{"uv":[6.25,1.75,7.5,3],"texture":"#5"},"west":{"uv":[2.75,6.25,4,7.5],"texture":"#5"},"up":{"uv":[7.5,4.5,6.25,3.25],"texture":"#5"},"down":{"uv":[5.5,6.25,4.25,7.5],"texture":"#5"}}},{"from":[6.5,21.1,6.1],"to":[9.5,22.9,7.9],"rotation":{"angle":45,"axis":"x","origin":[7.5,21,8]},"faces":{"north":{"uv":[6.25,4.75,7.75,5.75],"texture":"#5"},"east":{"uv":[4.75,7.75,5.75,8.75],"texture":"#5"},"south":{"uv":[5.75,6.25,7.25,7.25],"texture":"#5"},"west":{"uv":[7.25,7.75,8.25,8.75],"texture":"#5"},"up":{"uv":[7.25,8.25,5.75,7.25],"texture":"#5"},"down":{"uv":[8.75,5.75,7.25,6.75],"texture":"#5"}}},{"from":[7.25,9.45711,7.25],"to":[8.75,9.95711,8.75],"rotation":{"angle":-45,"axis":"y","origin":[8,9.33211,8]},"faces":{"north":{"uv":[10.25,11.75,11,12],"texture":"#5"},"east":{"uv":[11.25,11.75,12,12],"texture":"#5"},"south":{"uv":[11.75,11.25,12.5,11.5],"texture":"#5"},"west":{"uv":[12.25,0.25,13,0.5],"texture":"#5"},"up":{"uv":[1,10.5,0.25,9.75],"texture":"#5"},"down":{"uv":[10.5,1.25,9.75,2],"texture":"#5"}}},{"from":[7.25,11.70711,7.25],"to":[8.75,12.20711,8.75],"rotation":{"angle":-45,"axis":"y","origin":[8,11.58211,8]},"faces":{"north":{"uv":[12.25,0.75,13,1],"texture":"#5"},"east":{"uv":[12.25,1.25,13,1.5],"texture":"#5"},"south":{"uv":[12.25,1.75,13,2],"texture":"#5"},"west":{"uv":[12.25,2.25,13,2.5],"texture":"#5"},"up":{"uv":[3,10.5,2.25,9.75],"texture":"#5"},"down":{"uv":[10.5,3.25,9.75,4],"texture":"#5"}}},{"from":[7.25,13.95711,7.25],"to":[8.75,14.45711,8.75],"rotation":{"angle":-45,"axis":"y","origin":[8,13.83211,8]},"faces":{"north":{"uv":[12.25,2.75,13,3],"texture":"#5"},"east":{"uv":[3.25,12.25,4,12.5],"texture":"#5"},"south":{"uv":[12.25,3.25,13,3.5],"texture":"#5"},"west":{"uv":[12.25,3.75,13,4],"texture":"#5"},"up":{"uv":[10.5,5,9.75,4.25],"texture":"#5"},"down":{"uv":[5.5,9.75,4.75,10.5],"texture":"#5"}}},{"from":[7.25,22.04287,4.29884],"to":[8.75,23.54287,7.29884],"rotation":{"angle":22.5,"axis":"x","origin":[8,23.04287,5.42384]},"faces":{"north":{"uv":[9.25,9.75,10,10.5],"texture":"#5"},"east":{"uv":[7.25,6.75,8.75,7.5],"texture":"#5"},"south":{"uv":[10.25,0.25,11,1],"texture":"#5"},"west":{"uv":[7.75,0.25,9.25,1],"texture":"#5"},"up":{"uv":[2,9.25,1.25,7.75],"texture":"#5"},"down":{"uv":[8.5,1.25,7.75,2.75],"texture":"#5"}}},{"from":[7.25,23.54287,4.29884],"to":[8.75,25.04287,5.79884],"rotation":{"angle":22.5,"axis":"x","origin":[8,23.04287,5.42384]},"faces":{"north":{"uv":[10.25,2.25,11,3],"texture":"#5"},"east":{"uv":[10.25,5.25,11,6],"texture":"#5"},"south":{"uv":[5.75,10.25,6.5,11],"texture":"#5"},"west":{"uv":[10.25,6.25,11,7],"texture":"#5"},"up":{"uv":[7.5,11,6.75,10.25],"texture":"#5"}}},{"from":[7.25,22.04287,8.70116],"to":[8.75,23.54287,11.70116],"rotation":{"angle":-22.5,"axis":"x","origin":[8,23.04287,10.57616]},"faces":{"north":{"uv":[10.25,7.25,11,8],"texture":"#5"},"east":{"uv":[2.25,7.75,3.75,8.5],"texture":"#5"},"south":{"uv":[7.75,10.25,8.5,11],"texture":"#5"},"west":{"uv":[7.75,2.75,9.25,3.5],"texture":"#5"},"up":{"uv":[4.5,9.25,3.75,7.75],"texture":"#5"},"down":{"uv":[8.5,3.75,7.75,5.25],"texture":"#5"}}},{"from":[7.25,23.54287,10.20116],"to":[8.75,25.04287,11.70116],"rotation":{"angle":-22.5,"axis":"x","origin":[8,23.04287,10.57616]},"faces":{"north":{"uv":[10.25,8.25,11,9],"texture":"#5"},"east":{"uv":[10.25,9.25,11,10],"texture":"#5"},"south":{"uv":[10.25,10.25,11,11],"texture":"#5"},"west":{"uv":[0.25,10.75,1,11.5],"texture":"#5"},"up":{"uv":[2,11.5,1.25,10.75],"texture":"#5"}}},{"from":[7.29289,9.95711,7],"to":[8.29289,13.95711,8],"rotation":{"angle":-45,"axis":"y","origin":[7.29289,8.95711,8]},"faces":{"north":{"uv":[5.75,8.25,6.25,10.25],"texture":"#5"},"east":{"uv":[6.25,8.25,6.75,10.25],"texture":"#5"},"south":{"uv":[6.75,8.25,7.25,10.25],"texture":"#5"},"west":{"uv":[8.25,7.75,8.75,9.75],"texture":"#5"},"up":{"uv":[9.25,2.75,8.75,2.25],"texture":"#5"}}},{"from":[7.29289,6.45711,7],"to":[8.29289,9.45711,8],"rotation":{"angle":-45,"axis":"y","origin":[7.29289,5.45711,8]},"faces":{"north":{"uv":[3.25,8.75,3.75,10.25],"texture":"#5"},"east":{"uv":[8.75,5.75,9.25,7.25],"texture":"#5"},"south":{"uv":[7.25,8.75,7.75,10.25],"texture":"#5"},"west":{"uv":[8.75,7.25,9.25,8.75],"texture":"#5"}}},{"from":[7.29289,14.45711,7],"to":[8.29289,17.45711,8],"rotation":{"angle":-45,"axis":"y","origin":[7.29289,13.45711,8]},"faces":{"north":{"uv":[7.75,8.75,8.25,10.25],"texture":"#5"},"east":{"uv":[8.75,8.75,9.25,10.25],"texture":"#5"},"south":{"uv":[1.25,9.25,1.75,10.75],"texture":"#5"},"west":{"uv":[1.75,9.25,2.25,10.75],"texture":"#5"}}},{"from":[7,1.61498,8.42208],"to":[9,1.64498,9.42208],"rotation":{"angle":22.5,"axis":"x","origin":[8,1.4382,9.34886]},"faces":{"up":{"uv":[7.25,6.25,6.25,5.75],"texture":"#5"},"down":{"uv":[8.75,5.25,7.75,5.75],"texture":"#5"}}},{"from":[7,0.53914,9.50712],"to":[9,1.53914,9.53712],"rotation":{"angle":-22.5,"axis":"x","origin":[8,1.46592,9.36034]},"faces":{"north":{"uv":[11.25,9.25,12.25,9.75],"texture":"#5"},"south":{"uv":[9.75,11.25,10.75,11.75],"texture":"#5"}}},{"from":[7,1.61498,6.57792],"to":[9,1.64498,7.57792],"rotation":{"angle":-22.5,"axis":"x","origin":[8,1.4382,6.65114]},"faces":{"up":{"uv":[12.25,10.25,11.25,9.75],"texture":"#5"},"down":{"uv":[12.25,10.25,11.25,10.75],"texture":"#5"}}},{"from":[7,0.53914,6.46288],"to":[9,1.53914,6.49288],"rotation":{"angle":22.5,"axis":"x","origin":[8,1.46592,6.63966]},"faces":{"north":{"uv":[10.75,11.25,11.75,11.75],"texture":"#5"},"south":{"uv":[11.25,10.75,12.25,11.25],"texture":"#5"}}},{"from":[7.04289,17.45711,7.75],"to":[8.54289,21.95711,9.25],"rotation":{"angle":45,"axis":"y","origin":[7.29289,17.70711,8]},"faces":{"north":{"uv":[0.25,3.75,1,6],"texture":"#5"},"east":{"uv":[1.25,3.75,2,6],"texture":"#5"},"south":{"uv":[2.25,3.75,3,6],"texture":"#5"},"west":{"uv":[3.25,3.75,4,6],"texture":"#5"},"up":{"uv":[11.5,2,10.75,1.25],"texture":"#5"},"down":{"uv":[3,10.75,2.25,11.5],"texture":"#5"}}},{"from":[7.04289,1.85711,7.75],"to":[8.54289,6.45711,9.25],"rotation":{"angle":45,"axis":"y","origin":[7.29289,2.10711,8]},"faces":{"north":{"uv":[4.25,3.75,5,6],"texture":"#5"},"east":{"uv":[5.25,0.25,6,2.5],"texture":"#5"},"south":{"uv":[5.25,3.75,6,6],"texture":"#5"},"west":{"uv":[0.25,6.25,1,8.5],"texture":"#5"},"up":{"uv":[11.5,4,10.75,3.25],"texture":"#5"},"down":{"uv":[11.5,4.25,10.75,5],"texture":"#5"}}},{"from":[7.25,23,7.25],"to":[8.75,24.5,8.75],"rotation":{"angle":45,"axis":"y","origin":[8,23.5,8]},"faces":{"north":{"uv":[4.75,10.75,5.5,11.5],"texture":"#5"},"east":{"uv":[8.75,10.75,9.5,11.5],"texture":"#5"},"south":{"uv":[11.25,0.25,12,1],"texture":"#5"},"west":{"uv":[11.25,2.25,12,3],"texture":"#5"},"up":{"uv":[12,6,11.25,5.25],"texture":"#5"}}},{"from":[7.5,24.5,7.5],"to":[8.5,26,8.5],"rotation":{"angle":45,"axis":"y","origin":[8,25,8]},"faces":{"north":{"uv":[3.25,10.25,3.75,11],"texture":"#5"},"east":{"uv":[3.25,11.25,3.75,12],"texture":"#5"},"south":{"uv":[0.25,11.75,0.75,12.5],"texture":"#5"},"west":{"uv":[0.75,11.75,1.25,12.5],"texture":"#5"}}},{"from":[7.25,25,8.25],"to":[8.75,26.5,9.75],"rotation":{"angle":-45,"axis":"x","origin":[7,24.75,8]},"faces":{"north":{"uv":[5.75,11.25,6.5,12],"texture":"#5"},"east":{"uv":[11.25,6.25,12,7],"texture":"#5"},"south":{"uv":[6.75,11.25,7.5,12],"texture":"#5"},"west":{"uv":[11.25,7.25,12,8],"texture":"#5"},"up":{"uv":[8.5,12,7.75,11.25],"texture":"#5"},"down":{"uv":[12,8.25,11.25,9],"texture":"#5"}}},{"from":[7.75,20.41192,0.52417],"to":[8.25,22.41192,6.52417],"rotation":{"angle":-22.5,"axis":"x","origin":[7.75,20.41192,-1.47583]},"faces":{"east":{"uv":[0.25,2.75,3.25,3.75],"texture":"#5"},"west":{"uv":[3.25,2.75,6.25,3.75],"texture":"#5"},"up":{"uv":[4,12.25,3.75,9.25],"texture":"#5"},"down":{"uv":[4.5,9.25,4.25,12.25],"texture":"#5"}}},{"from":[8,17.41192,-3.47583],"to":[8,22.41192,6.52417],"rotation":{"angle":-22.5,"axis":"x","origin":[7.5,20.41192,-1.47583]},"faces":{"east":{"uv":[5,0,0,2.5],"texture":"#5"},"west":{"uv":[0,0,5,2.5],"texture":"#5"}}},{"from":[7.9,17.41192,-3.47583],"to":[8.1,22.41192,6.52417],"rotation":{"angle":-22.5,"axis":"x","origin":[7.5,20.41192,-1.47583]},"faces":{"east":{"uv":[10,0,0,5],"texture":"#2"},"west":{"uv":[0,0,10,5],"texture":"#2"}}},{"from":[7.7535,20.56416,-2.07641],"to":[8.2465,22.56416,0.04859],"rotation":{"angle":22.5,"axis":"x","origin":[7.7535,18.56416,-0.07641]},"faces":{"north":{"uv":[5.25,11.75,5.5,12.75],"texture":"#5"},"east":{"uv":[4.75,8.75,5.75,9.75],"texture":"#5"},"south":{"uv":[8.75,11.75,9,12.75],"texture":"#5"},"west":{"uv":[8.75,4.75,9.75,5.75],"texture":"#5"},"up":{"uv":[9.5,12.75,9.25,11.75],"texture":"#5"},"down":{"uv":[10,11.75,9.75,12.75],"texture":"#5"}}},{"name":"cube_outline","from":[6.7,23.05,8.05],"to":[6.15,20.95,5.95],"rotation":{"angle":45,"axis":"x","origin":[5.85,21,8]},"faces":{"north":{"uv":[4,0,5,4],"texture":"#3"},"east":{"uv":[0,0,4,4],"texture":"#3"},"south":{"uv":[4,4,5,8],"texture":"#3"},"west":{"uv":[0,4,4,8],"texture":"#3"},"up":{"uv":[7,4,6,0],"texture":"#3"},"down":{"uv":[7,4,6,8],"texture":"#3"}}},{"name":"cube_outline","from":[9.85,23.05,8.05],"to":[9.3,20.95,5.95],"rotation":{"angle":45,"axis":"x","origin":[10.15,21,8]},"faces":{"north":{"uv":[5,0,4,4],"texture":"#3"},"east":{"uv":[4,4,0,8],"texture":"#3"},"south":{"uv":[5,4,4,8],"texture":"#3"},"west":{"uv":[4,0,0,4],"texture":"#3"},"up":{"uv":[6,4,7,0],"texture":"#3"},"down":{"uv":[6,4,7,8],"texture":"#3"}}}],"gui_light":"front","display":{"thirdperson_righthand":{"translation":[0,-6,0.75]},"thirdperson_lefthand":{"translation":[0,-6,0.75]},"firstperson_righthand":{"rotation":[8,0,0],"translation":[1.75,-5.75,-1]},"firstperson_lefthand":{"rotation":[8,0,0],"translation":[1.75,-5.75,-1]},"ground":{"rotation":[-45,0,0],"translation":[0,5,0]},"gui":{"rotation":[-90,45,90],"translation":[4.5,-3.5,0],"scale":[0.8,0.8,0.8]},"head":{"rotation":[0,-90,0]},"fixed":{"rotation":[0,-90,0],"translation":[0,-8,-1.5],"scale":[2,2,2]}}}