{"credit":"Made with Blockbench","texture_size":[24,24],"textures":{"3":"killburn_set:emissive_texture/01","4":"killburn_set:shield","5":"killburn_set:animations/animation_1","particle":"killburn_set:shield"},"elements":[{"from":[7.75,4.45386,9.9],"to":[9.25,5.95386,11.4],"rotation":{"angle":45,"axis":"z","origin":[8,4.70386,10.15]},"faces":{"north":{"uv":[11.25,6.75,12,7.5],"texture":"#4"},"east":{"uv":[9.25,10.75,10,11.5],"texture":"#4"},"south":{"uv":[10.25,10.75,11,11.5],"texture":"#4"},"west":{"uv":[11.25,5.75,12,6.5],"texture":"#4"},"up":{"uv":[12,8.5,11.25,7.75],"rotation":90,"texture":"#4"},"down":{"uv":[12,8.75,11.25,9.5],"rotation":270,"texture":"#4"}}},{"from":[7.75,13.95386,5.65],"to":[10.25,16.45386,8.15],"rotation":{"angle":45,"axis":"z","origin":[8,14.20386,6.4]},"faces":{"north":{"uv":[9.25,3.25,10.5,4.5],"texture":"#4"},"east":{"uv":[4.25,8.25,5.5,9.5],"texture":"#4"},"south":{"uv":[9.25,0.25,10.5,1.5],"texture":"#4"},"west":{"uv":[9.25,1.75,10.5,3],"texture":"#4"},"up":{"uv":[10.5,6,9.25,4.75],"rotation":90,"texture":"#4"},"down":{"uv":[10.5,6.25,9.25,7.5],"rotation":270,"texture":"#4"}}},{"from":[8.1,14.30386,5.4],"to":[9.9,16.10386,8.4],"rotation":{"angle":45,"axis":"z","origin":[8,14.20386,6.4]},"faces":{"north":{"uv":[10.75,2.75,11.75,3.75],"texture":"#4"},"east":{"uv":[9.25,7.75,10.75,8.75],"texture":"#4"},"south":{"uv":[10.75,1.75,11.75,2.75],"texture":"#4"},"west":{"uv":[9.25,8.75,10.75,9.75],"texture":"#4"},"up":{"uv":[1.75,10.75,0.25,9.75],"rotation":90,"texture":"#4"},"down":{"uv":[3.25,9.75,1.75,10.75],"rotation":270,"texture":"#4"}}},{"from":[7.25,6.16097,9.9],"to":[8.75,6.66097,11.4],"rotation":{"angle":-45,"axis":"y","origin":[8,6.03597,10.65]},"faces":{"north":{"uv":[12.75,2.25,13.5,2.5],"texture":"#4"},"east":{"uv":[12.75,0.75,13.5,1],"texture":"#4"},"south":{"uv":[12.75,1.25,13.5,1.5],"texture":"#4"},"west":{"uv":[12.75,1.75,13.5,2],"texture":"#4"},"up":{"uv":[12,10.5,11.25,9.75],"rotation":90,"texture":"#4"},"down":{"uv":[12,10.75,11.25,11.5],"rotation":270,"texture":"#4"}}},{"from":[7.25,8.41097,9.9],"to":[8.75,8.91097,11.4],"rotation":{"angle":-45,"axis":"y","origin":[8,8.28597,10.65]},"faces":{"north":{"uv":[12.75,4.25,13.5,4.5],"texture":"#4"},"east":{"uv":[12.75,2.75,13.5,3],"texture":"#4"},"south":{"uv":[12.75,3.25,13.5,3.5],"texture":"#4"},"west":{"uv":[12.75,3.75,13.5,4],"texture":"#4"},"up":{"uv":[1,12.5,0.25,11.75],"rotation":90,"texture":"#4"},"down":{"uv":[12.5,0.25,11.75,1],"rotation":270,"texture":"#4"}}},{"from":[7.25,10.66097,9.9],"to":[8.75,11.16097,11.4],"rotation":{"angle":-45,"axis":"y","origin":[8,10.53597,10.65]},"faces":{"north":{"uv":[7.25,12.75,8,13],"texture":"#4"},"east":{"uv":[12.75,4.75,13.5,5],"texture":"#4"},"south":{"uv":[12.75,5.25,13.5,5.5],"texture":"#4"},"west":{"uv":[6.25,12.75,7,13],"texture":"#4"},"up":{"uv":[12.5,2,11.75,1.25],"rotation":90,"texture":"#4"},"down":{"uv":[12.5,2.25,11.75,3],"rotation":270,"texture":"#4"}}},{"from":[8.81586,14.82337,6.15],"to":[11.81586,16.32337,7.65],"rotation":{"angle":-22.5,"axis":"z","origin":[10.44086,16.57337,6.9]},"faces":{"north":{"uv":[0.25,10.75,1.75,11.5],"texture":"#4"},"east":{"uv":[9.25,11.75,10,12.5],"texture":"#4"},"south":{"uv":[9.25,9.75,10.75,10.5],"texture":"#4"},"west":{"uv":[10.25,11.75,11,12.5],"texture":"#4"},"up":{"uv":[11.5,1.75,10.75,0.25],"rotation":90,"texture":"#4"},"down":{"uv":[2.5,10.75,1.75,12.25],"rotation":270,"texture":"#4"}}},{"from":[10.31586,16.32337,6.15],"to":[11.81586,17.82337,7.65],"rotation":{"angle":-22.5,"axis":"z","origin":[10.44086,16.57337,6.9]},"faces":{"north":{"uv":[3.75,12.25,4.5,13],"texture":"#4"},"east":{"uv":[11.25,11.75,12,12.5],"texture":"#4"},"south":{"uv":[1.25,12.25,2,13],"texture":"#4"},"west":{"uv":[2.25,12.25,3,13],"texture":"#4"},"up":{"uv":[5.5,13,4.75,12.25],"rotation":90,"texture":"#4"}}},{"from":[8,6.66097,9.94289],"to":[9,11.66097,10.94289],"rotation":{"angle":-45,"axis":"y","origin":[8,5.66097,9.94289]},"faces":{"north":{"uv":[5.25,9.75,5.75,12.25],"texture":"#4"},"east":{"uv":[3.75,9.75,4.25,12.25],"texture":"#4"},"south":{"uv":[4.25,9.75,4.75,12.25],"texture":"#4"},"west":{"uv":[4.75,9.75,5.25,12.25],"texture":"#4"},"up":{"uv":[11.25,10.75,10.75,10.25],"rotation":90,"texture":"#4"}}},{"from":[10.0415,14.43039,6.885],"to":[15.0415,17.43039,6.915],"rotation":{"angle":22.5,"axis":"z","origin":[11.0415,14.43039,6.885]},"faces":{"north":{"uv":[0.25,8.25,2.75,9.75],"texture":"#4"},"south":{"uv":[2.75,8.25,0.25,9.75],"texture":"#4"}}},{"from":[0.9585,14.43039,6.885],"to":[5.9585,17.43039,6.915],"rotation":{"angle":-22.5,"axis":"z","origin":[4.9585,14.43039,6.885]},"faces":{"north":{"uv":[2.75,8.25,0.25,9.75],"texture":"#4"},"south":{"uv":[0.25,8.25,2.75,9.75],"texture":"#4"}}},{"from":[4.18414,16.32337,6.15],"to":[5.68414,17.82337,7.65],"rotation":{"angle":22.5,"axis":"z","origin":[5.55914,16.57337,6.9]},"faces":{"north":{"uv":[4.5,12.25,3.75,13],"texture":"#4"},"east":{"uv":[3,12.25,2.25,13],"texture":"#4"},"south":{"uv":[2,12.25,1.25,13],"texture":"#4"},"west":{"uv":[12,11.75,11.25,12.5],"texture":"#4"},"up":{"uv":[5.5,12.25,4.75,13],"rotation":90,"texture":"#4"}}},{"from":[4.18414,14.82337,6.15],"to":[7.18414,16.32337,7.65],"rotation":{"angle":22.5,"axis":"z","origin":[5.55914,16.57337,6.9]},"faces":{"north":{"uv":[1.75,10.75,0.25,11.5],"texture":"#4"},"east":{"uv":[11,11.75,10.25,12.5],"texture":"#4"},"south":{"uv":[10.75,9.75,9.25,10.5],"texture":"#4"},"west":{"uv":[10,11.75,9.25,12.5],"texture":"#4"},"up":{"uv":[11.5,0.25,10.75,1.75],"rotation":90,"texture":"#4"},"down":{"uv":[2.5,12.25,1.75,10.75],"rotation":270,"texture":"#4"}}},{"from":[6.57792,5.81884,9.65],"to":[7.57792,5.84884,11.65],"rotation":{"angle":22.5,"axis":"z","origin":[6.65114,5.64206,10.65]},"faces":{"up":{"uv":[12.75,3.75,11.75,3.25],"rotation":90,"texture":"#4"},"down":{"uv":[13.25,5.75,12.25,6.25],"rotation":270,"texture":"#4"}}},{"from":[6.46288,4.743,9.65],"to":[6.49288,5.743,11.65],"rotation":{"angle":-22.5,"axis":"z","origin":[6.63966,5.66978,10.65]},"faces":{"east":{"uv":[6.25,12.25,7.25,12.75],"texture":"#4"},"west":{"uv":[12.25,6.25,13.25,6.75],"texture":"#4"}}},{"from":[8.42208,5.81884,9.65],"to":[9.42208,5.84884,11.65],"rotation":{"angle":-22.5,"axis":"z","origin":[9.34886,5.64206,10.65]},"faces":{"up":{"uv":[13.25,7.25,12.25,6.75],"rotation":90,"texture":"#4"},"down":{"uv":[8.25,12.25,7.25,12.75],"rotation":270,"texture":"#4"}}},{"from":[9.50712,4.743,9.65],"to":[9.53712,5.743,11.65],"rotation":{"angle":22.5,"axis":"z","origin":[9.36034,5.66978,10.65]},"faces":{"east":{"uv":[12.25,7.25,13.25,7.75],"texture":"#4"},"west":{"uv":[12.25,7.75,13.25,8.25],"texture":"#4"}}},{"from":[7.75,11.45386,9.9],"to":[9.25,12.95386,11.4],"rotation":{"angle":-45,"axis":"z","origin":[8,12.70386,10.15]},"faces":{"north":{"uv":[11.25,7.5,12,6.75],"texture":"#4"},"east":{"uv":[9.25,11.5,10,10.75],"texture":"#4"},"south":{"uv":[10.25,11.5,11,10.75],"texture":"#4"},"west":{"uv":[11.25,6.5,12,5.75],"texture":"#4"},"up":{"uv":[12,9.5,11.25,8.75],"rotation":90,"texture":"#4"},"down":{"uv":[12,7.75,11.25,8.5],"rotation":270,"texture":"#4"}}},{"from":[6.57792,11.55888,9.65],"to":[7.57792,11.58888,11.65],"rotation":{"angle":-22.5,"axis":"z","origin":[6.65114,11.76566,10.65]},"faces":{"up":{"uv":[13.25,6.25,12.25,5.75],"rotation":90,"texture":"#4"},"down":{"uv":[12.75,3.25,11.75,3.75],"rotation":270,"texture":"#4"}}},{"from":[6.46288,11.66472,9.65],"to":[6.49288,12.66472,11.65],"rotation":{"angle":22.5,"axis":"z","origin":[6.63966,11.73794,10.65]},"faces":{"east":{"uv":[6.25,12.75,7.25,12.25],"texture":"#4"},"west":{"uv":[12.25,6.75,13.25,6.25],"texture":"#4"}}},{"from":[8.42208,11.55888,9.65],"to":[9.42208,11.58888,11.65],"rotation":{"angle":22.5,"axis":"z","origin":[9.34886,11.76566,10.65]},"faces":{"up":{"uv":[8.25,12.75,7.25,12.25],"rotation":90,"texture":"#4"},"down":{"uv":[13.25,6.75,12.25,7.25],"rotation":270,"texture":"#4"}}},{"from":[9.50712,11.66472,9.65],"to":[9.53712,12.66472,11.65],"rotation":{"angle":-22.5,"axis":"z","origin":[9.36034,11.73794,10.65]},"faces":{"east":{"uv":[12.25,7.75,13.25,7.25],"texture":"#4"},"west":{"uv":[12.25,8.25,13.25,7.75],"texture":"#4"}}},{"from":[7.69552,3.20386,7.05343],"to":[10.69552,15.20386,7.55343],"rotation":{"angle":-22.5,"axis":"y","origin":[11.69552,4.20386,7.05343]},"faces":{"north":{"uv":[6.25,6.25,7.75,12.25],"texture":"#4"},"east":{"uv":[5.75,8.25,6,14.25],"texture":"#4"},"south":{"uv":[6.25,0.25,7.75,6.25],"texture":"#4"},"up":{"uv":[8.5,13.75,8.25,12.25],"rotation":90,"texture":"#4"},"down":{"uv":[12.5,8.25,12.25,9.75],"rotation":270,"texture":"#4"}}},{"from":[7.90589,-0.79614,7.25905],"to":[13.65589,15.20386,7.28905],"rotation":{"angle":-22.5,"axis":"y","origin":[11.65589,4.20386,6.75905]},"faces":{"north":{"uv":[0,0,3,8],"texture":"#4"},"south":{"uv":[3,0,0,8],"texture":"#4"}}},{"from":[5,3.20386,5.52269],"to":[8,15.20386,6.02269],"rotation":{"angle":22.5,"axis":"y","origin":[8,4.20386,5.52269]},"faces":{"north":{"uv":[7.75,6.25,9.25,12.25],"texture":"#4"},"south":{"uv":[7.75,0.25,9.25,6.25],"texture":"#4"},"west":{"uv":[3.25,9.75,3.5,15.75],"texture":"#4"},"up":{"uv":[9,13.75,8.75,12.25],"rotation":90,"texture":"#4"},"down":{"uv":[12.5,9.75,12.25,11.25],"rotation":270,"texture":"#4"}}},{"from":[12.23358,14.20386,6.94679],"to":[13.23358,15.20386,7.44679],"rotation":{"angle":-22.5,"axis":"y","origin":[11.23358,14.20386,7.69679]},"faces":{"north":{"uv":[12.75,0.25,13.25,0.75],"texture":"#4"},"east":{"uv":[12.75,9.75,13,10.25],"texture":"#4"},"south":{"uv":[0.25,12.75,0.75,13.25],"texture":"#4"},"up":{"uv":[10.5,13.25,10.25,12.75],"rotation":90,"texture":"#4"}}},{"from":[12.23358,13.20386,6.94679],"to":[13.23358,14.20386,7.44679],"rotation":{"angle":-22.5,"axis":"y","origin":[11.23358,14.20386,7.69679]},"faces":{"north":{"uv":[12.25,12.25,12.75,12.75],"texture":"#4"},"east":{"uv":[9.25,12.75,9.5,13.25],"texture":"#4"},"south":{"uv":[12.25,11.75,12.75,12.25],"texture":"#4"},"west":{"uv":[12.75,9.25,13,9.75],"texture":"#4"},"down":{"uv":[10,12.75,9.75,13.25],"rotation":270,"texture":"#4"}}},{"from":[11.23358,14.20386,6.94679],"to":[12.23358,15.20386,7.44679],"rotation":{"angle":-22.5,"axis":"y","origin":[11.23358,14.20386,7.69679]},"faces":{"north":{"uv":[12.25,11.25,12.75,11.75],"texture":"#4"},"south":{"uv":[1.25,11.75,1.75,12.25],"texture":"#4"},"west":{"uv":[0.75,12.75,1,13.25],"texture":"#4"},"up":{"uv":[13,8.75,12.75,8.25],"rotation":90,"texture":"#4"},"down":{"uv":[13,8.75,12.75,9.25],"rotation":270,"texture":"#4"}}},{"from":[10.43358,-1.29614,6.94679],"to":[11.43358,-0.29614,7.44679],"rotation":{"angle":-22.5,"axis":"y","origin":[11.23358,-0.29614,7.69679]},"faces":{"north":{"uv":[13.25,12.5,13.75,13],"rotation":180,"texture":"#4"},"east":{"uv":[1.75,14,2,14.5],"rotation":180,"texture":"#4"},"south":{"uv":[2.25,13,2.75,13.5],"rotation":180,"texture":"#4"},"up":{"uv":[14,10,13.75,10.5],"rotation":90,"texture":"#4"},"down":{"uv":[14,10,13.75,9.5],"rotation":270,"texture":"#4"}}},{"from":[9.43358,-1.29614,6.94679],"to":[10.43358,-0.29614,7.44679],"rotation":{"angle":-22.5,"axis":"y","origin":[11.23358,-0.29614,7.69679]},"faces":{"north":{"uv":[13.75,1.5,14.25,2],"rotation":180,"texture":"#4"},"south":{"uv":[1.25,14,1.75,14.5],"rotation":180,"texture":"#4"},"west":{"uv":[13.75,11,14,11.5],"rotation":180,"texture":"#4"},"down":{"uv":[11.5,14.5,11.25,14],"rotation":270,"texture":"#4"}}},{"from":[9.43358,-0.29614,6.94679],"to":[10.43358,0.70386,7.44679],"rotation":{"angle":-22.5,"axis":"y","origin":[11.23358,-0.29614,7.69679]},"faces":{"north":{"uv":[13.25,13.5,13.75,14],"rotation":180,"texture":"#4"},"east":{"uv":[13.75,10.5,14,11],"rotation":180,"texture":"#4"},"south":{"uv":[13.25,13,13.75,13.5],"rotation":180,"texture":"#4"},"west":{"uv":[10.25,14,10.5,14.5],"rotation":180,"texture":"#4"},"up":{"uv":[11,14,10.75,14.5],"rotation":90,"texture":"#4"}}},{"from":[4.56642,-1.29614,6.94679],"to":[5.56642,-0.29614,7.44679],"rotation":{"angle":22.5,"axis":"y","origin":[4.76642,-0.29614,7.69679]},"faces":{"north":{"uv":[13.75,12.5,13.25,13],"rotation":180,"texture":"#4"},"south":{"uv":[2.75,13,2.25,13.5],"rotation":180,"texture":"#4"},"west":{"uv":[2,14,1.75,14.5],"rotation":180,"texture":"#4"},"up":{"uv":[14,10.5,13.75,10],"rotation":90,"texture":"#4"},"down":{"uv":[14,9.5,13.75,10],"rotation":270,"texture":"#4"}}},{"from":[5.56642,-1.29614,6.94679],"to":[6.56642,-0.29614,7.44679],"rotation":{"angle":22.5,"axis":"y","origin":[4.76642,-0.29614,7.69679]},"faces":{"north":{"uv":[14.25,1.5,13.75,2],"rotation":180,"texture":"#4"},"east":{"uv":[14,11,13.75,11.5],"rotation":180,"texture":"#4"},"south":{"uv":[1.75,14,1.25,14.5],"rotation":180,"texture":"#4"},"down":{"uv":[11.5,14,11.25,14.5],"rotation":270,"texture":"#4"}}},{"from":[5.56642,-0.29614,6.94679],"to":[6.56642,0.70386,7.44679],"rotation":{"angle":22.5,"axis":"y","origin":[4.76642,-0.29614,7.69679]},"faces":{"north":{"uv":[13.75,13.5,13.25,14],"rotation":180,"texture":"#4"},"east":{"uv":[10.5,14,10.25,14.5],"rotation":180,"texture":"#4"},"south":{"uv":[13.75,13,13.25,13.5],"rotation":180,"texture":"#4"},"west":{"uv":[14,10.5,13.75,11],"rotation":180,"texture":"#4"},"up":{"uv":[11,14.5,10.75,14],"rotation":90,"texture":"#4"}}},{"from":[3.76642,14.20386,6.94679],"to":[4.76642,15.20386,7.44679],"rotation":{"angle":22.5,"axis":"y","origin":[4.76642,14.20386,7.69679]},"faces":{"north":{"uv":[12.75,11.25,12.25,11.75],"texture":"#4"},"east":{"uv":[1,12.75,0.75,13.25],"texture":"#4"},"south":{"uv":[1.75,11.75,1.25,12.25],"texture":"#4"},"up":{"uv":[13,8.25,12.75,8.75],"rotation":90,"texture":"#4"},"down":{"uv":[13,9.25,12.75,8.75],"rotation":270,"texture":"#4"}}},{"from":[2.76642,14.20386,6.94679],"to":[3.76642,15.20386,7.44679],"rotation":{"angle":22.5,"axis":"y","origin":[4.76642,14.20386,7.69679]},"faces":{"north":{"uv":[13.25,0.25,12.75,0.75],"texture":"#4"},"south":{"uv":[0.75,12.75,0.25,13.25],"texture":"#4"},"west":{"uv":[13,9.75,12.75,10.25],"texture":"#4"},"up":{"uv":[10.5,12.75,10.25,13.25],"rotation":90,"texture":"#4"}}},{"from":[2.76642,13.20386,6.94679],"to":[3.76642,14.20386,7.44679],"rotation":{"angle":22.5,"axis":"y","origin":[4.76642,14.20386,7.69679]},"faces":{"north":{"uv":[12.75,12.25,12.25,12.75],"texture":"#4"},"east":{"uv":[13,9.25,12.75,9.75],"texture":"#4"},"south":{"uv":[12.75,11.75,12.25,12.25],"texture":"#4"},"west":{"uv":[9.5,12.75,9.25,13.25],"texture":"#4"},"down":{"uv":[10,13.25,9.75,12.75],"rotation":270,"texture":"#4"}}},{"from":[2.34411,-0.79614,7.25905],"to":[8.09411,15.20386,7.28905],"rotation":{"angle":22.5,"axis":"y","origin":[4.34411,4.20386,6.75905]},"faces":{"north":{"uv":[3,0,6,8],"texture":"#4"},"south":{"uv":[6,0,3,8],"texture":"#4"}}},{"from":[7,4.70386,5.9],"to":[8,5.70386,9.9],"rotation":{"angle":-45,"axis":"z","origin":[8,4.70386,5.9]},"faces":{"east":{"uv":[10.75,3.75,12.75,4.25],"texture":"#4"},"west":{"uv":[10.75,4.25,12.75,4.75],"texture":"#4"},"up":{"uv":[12.75,5.25,10.75,4.75],"rotation":90,"texture":"#4"},"down":{"uv":[12.75,5.25,10.75,5.75],"rotation":270,"texture":"#4"}}},{"from":[7,11.28965,5.9],"to":[8,12.28965,9.9],"rotation":{"angle":-45,"axis":"z","origin":[8,11.28965,5.9]},"faces":{"east":{"uv":[10.75,3.75,12.75,4.25],"texture":"#4"},"west":{"uv":[10.75,4.25,12.75,4.75],"texture":"#4"},"up":{"uv":[12.75,5.25,10.75,4.75],"rotation":90,"texture":"#4"},"down":{"uv":[12.75,5.25,10.75,5.75],"rotation":270,"texture":"#4"}}},{"from":[5,6.20386,5.475],"to":[8,9.20386,6.475],"rotation":{"angle":-45,"axis":"z","origin":[8,6.20386,5.4]},"faces":{"north":{"uv":[2.75,8.25,4.25,9.75],"texture":"#4"},"east":{"uv":[2.75,10.75,3.25,12.25],"texture":"#4"},"west":{"uv":[10.75,5.75,11.25,7.25],"texture":"#4"},"up":{"uv":[11.25,8.75,10.75,7.25],"rotation":90,"texture":"#4"},"down":{"uv":[11.25,8.75,10.75,10.25],"rotation":270,"texture":"#4"}}},{"from":[7.70456,-0.79614,6.65795],"to":[13.20456,15.70386,6.65795],"rotation":{"angle":-22.5,"axis":"y","origin":[10.45456,11.45386,6.78295]},"faces":{"north":{"uv":[0,0,3.66667,11],"texture":"#5"}}},{"from":[2.79544,-0.79614,6.65795],"to":[8.29544,15.70386,6.65795],"rotation":{"angle":22.5,"axis":"y","origin":[5.54544,11.45386,6.78295]},"faces":{"north":{"uv":[3.66667,0,0,11],"texture":"#5"}}},{"name":"cube_outline","from":[10.05,16.25386,5.625],"to":[7.95,14.15386,5.075],"rotation":{"angle":45,"axis":"z","origin":[8,14.20386,4.775]},"faces":{"north":{"uv":[0,4,4,8],"texture":"#3"},"east":{"uv":[4,0,5,4],"texture":"#3"},"south":{"uv":[0,0,4,4],"texture":"#3"},"west":{"uv":[4,4,5,8],"texture":"#3"},"up":{"uv":[7,4,6,0],"rotation":90,"texture":"#3"},"down":{"uv":[7,4,6,8],"rotation":270,"texture":"#3"}}}],"gui_light":"front","display":{"thirdperson_righthand":{"rotation":[0,-70,0],"translation":[2.25,-2.75,0.25]},"thirdperson_lefthand":{"rotation":[0,-70,0],"translation":[2.25,-2.75,0.25]},"firstperson_righthand":{"rotation":[8,0,0],"translation":[2.25,-0.5,-0.75]},"firstperson_lefthand":{"rotation":[8,0,0],"translation":[2.25,-0.5,-0.75]},"ground":{"rotation":[45,0,0],"translation":[0,5,0]},"gui":{"rotation":[0,180,-45],"translation":[0.75,-0.75,0],"scale":[0.88477,0.88477,0.88477]},"fixed":{"translation":[0,-1,-4.5],"scale":[2,2,2]}}}