{"credit":"Made with Blockbench","texture_size":[8,8],"textures":{"2":"killburn_set:animations/animation_4","3":"killburn_set:emissive_texture/01","5":"killburn_set:spear","particle":"killburn_set:animations/animation_4"},"elements":[{"from":[7.25,0.25,6.75],"to":[8.75,1.75,8.25],"rotation":{"angle":45,"axis":"x","origin":[7.5,0.5,8]},"faces":{"north":{"uv":[8.5,8,9.25,8.75],"texture":"#5"},"east":{"uv":[9,0,9.75,0.75],"texture":"#5"},"south":{"uv":[9,1,9.75,1.75],"texture":"#5"},"west":{"uv":[1.5,9,2.25,9.75],"texture":"#5"},"up":{"uv":[9.75,2.75,9,2],"texture":"#5"},"down":{"uv":[3.25,9,2.5,9.75],"texture":"#5"}}},{"from":[6.75,20.75,5.75],"to":[9.25,23.25,8.25],"rotation":{"angle":45,"axis":"x","origin":[7.5,21,8]},"faces":{"north":{"uv":[5,5,6.25,6.25],"texture":"#5"},"east":{"uv":[5.5,2.5,6.75,3.75],"texture":"#5"},"south":{"uv":[6,0,7.25,1.25],"texture":"#5"},"west":{"uv":[0,6.5,1.25,7.75],"texture":"#5"},"up":{"uv":[7.75,5.25,6.5,4],"texture":"#5"},"down":{"uv":[6.25,6.5,5,7.75],"texture":"#5"}}},{"from":[6.5,21.1,6.1],"to":[9.5,22.9,7.9],"rotation":{"angle":45,"axis":"x","origin":[7.5,21,8]},"faces":{"north":{"uv":[6,1.5,7.5,2.5],"texture":"#5"},"east":{"uv":[5.5,4,6.5,5],"texture":"#5"},"south":{"uv":[6.5,5.5,8,6.5],"texture":"#5"},"west":{"uv":[5,8,6,9],"texture":"#5"},"up":{"uv":[8,7.5,6.5,6.5],"texture":"#5"},"down":{"uv":[8.5,2.5,7,3.5],"texture":"#5"}}},{"from":[7.25,9.45711,7.25],"to":[8.75,9.95711,8.75],"rotation":{"angle":-45,"axis":"y","origin":[8,9.33211,8]},"faces":{"north":{"uv":[11,0,11.75,0.25],"texture":"#5"},"east":{"uv":[0.5,11,1.25,11.25],"texture":"#5"},"south":{"uv":[11,0.5,11.75,0.75],"texture":"#5"},"west":{"uv":[11,1,11.75,1.25],"texture":"#5"},"up":{"uv":[9.75,3.75,9,3],"texture":"#5"},"down":{"uv":[9.75,4,9,4.75],"texture":"#5"}}},{"from":[7.25,11.70711,7.25],"to":[8.75,12.20711,8.75],"rotation":{"angle":-45,"axis":"y","origin":[8,11.58211,8]},"faces":{"north":{"uv":[1.5,11,2.25,11.25],"texture":"#5"},"east":{"uv":[11,1.5,11.75,1.75],"texture":"#5"},"south":{"uv":[11,2,11.75,2.25],"texture":"#5"},"west":{"uv":[2.5,11,3.25,11.25],"texture":"#5"},"up":{"uv":[5.75,9.75,5,9],"texture":"#5"},"down":{"uv":[9.75,5,9,5.75],"texture":"#5"}}},{"from":[7.25,13.95711,7.25],"to":[8.75,14.45711,8.75],"rotation":{"angle":-45,"axis":"y","origin":[8,13.83211,8]},"faces":{"north":{"uv":[11,2.5,11.75,2.75],"texture":"#5"},"east":{"uv":[11,3,11.75,3.25],"texture":"#5"},"south":{"uv":[3.5,11,4.25,11.25],"texture":"#5"},"west":{"uv":[11,3.5,11.75,3.75],"texture":"#5"},"up":{"uv":[9.75,6.75,9,6],"texture":"#5"},"down":{"uv":[9.75,7,9,7.75],"texture":"#5"}}},{"from":[7.25,21.61951,4.18414],"to":[8.75,23.11951,7.18414],"rotation":{"angle":-22.5,"axis":"x","origin":[8,23.36951,5.55914]},"faces":{"north":{"uv":[7.5,9,8.25,9.75],"texture":"#5"},"east":{"uv":[7.5,0,9,0.75],"texture":"#5"},"south":{"uv":[8.5,9,9.25,9.75],"texture":"#5"},"west":{"uv":[7.5,1,9,1.75],"texture":"#5"},"up":{"uv":[2.25,9,1.5,7.5],"texture":"#5"},"down":{"uv":[3.25,7.5,2.5,9],"texture":"#5"}}},{"from":[7.25,23.11951,4.18414],"to":[8.75,24.61951,5.68414],"rotation":{"angle":-22.5,"axis":"x","origin":[8,23.36951,5.55914]},"faces":{"north":{"uv":[0,9.5,0.75,10.25],"texture":"#5"},"east":{"uv":[9.5,8,10.25,8.75],"texture":"#5"},"south":{"uv":[9.5,9,10.25,9.75],"texture":"#5"},"west":{"uv":[10,0,10.75,0.75],"texture":"#5"},"up":{"uv":[1.75,10.75,1,10],"texture":"#5"}}},{"from":[7.29289,9.95711,7],"to":[8.29289,13.95711,8],"rotation":{"angle":-45,"axis":"y","origin":[7.29289,8.95711,8]},"faces":{"north":{"uv":[1,8,1.5,10],"texture":"#5"},"east":{"uv":[8,5,8.5,7],"texture":"#5"},"south":{"uv":[6,8,6.5,10],"texture":"#5"},"west":{"uv":[8,7,8.5,9],"texture":"#5"},"up":{"uv":[2.5,4.5,2,4],"texture":"#5"}}},{"from":[7.29289,6.45711,7],"to":[8.29289,9.45711,8],"rotation":{"angle":-45,"axis":"y","origin":[7.29289,5.45711,8]},"faces":{"north":{"uv":[8.5,2,9,3.5],"texture":"#5"},"east":{"uv":[3.5,8.5,4,10],"texture":"#5"},"south":{"uv":[4,8.5,4.5,10],"texture":"#5"},"west":{"uv":[4.5,8.5,5,10],"texture":"#5"}}},{"from":[7.29289,14.45711,7],"to":[8.29289,17.45711,8],"rotation":{"angle":-45,"axis":"y","origin":[7.29289,13.45711,8]},"faces":{"north":{"uv":[8.5,5,9,6.5],"texture":"#5"},"east":{"uv":[6.5,8.5,7,10],"texture":"#5"},"south":{"uv":[8.5,6.5,9,8],"texture":"#5"},"west":{"uv":[7,8.5,7.5,10],"texture":"#5"}}},{"from":[7,1.61498,8.42208],"to":[9,1.64498,9.42208],"rotation":{"angle":22.5,"axis":"x","origin":[8,1.4382,9.34886]},"faces":{"up":{"uv":[8,4,7,3.5],"texture":"#5"},"down":{"uv":[8.5,2,7.5,2.5],"texture":"#5"}}},{"from":[7,0.53914,9.50712],"to":[9,1.53914,9.53712],"rotation":{"angle":-22.5,"axis":"x","origin":[8,1.46592,9.36034]},"faces":{"north":{"uv":[8,10,9,10.5],"texture":"#5"},"south":{"uv":[9,10,10,10.5],"texture":"#5"}}},{"from":[7,1.61498,6.57792],"to":[9,1.64498,7.57792],"rotation":{"angle":-22.5,"axis":"x","origin":[8,1.4382,6.65114]},"faces":{"up":{"uv":[11,10.5,10,10],"texture":"#5"},"down":{"uv":[1,10.5,0,11],"texture":"#5"}}},{"from":[7,0.53914,6.46288],"to":[9,1.53914,6.49288],"rotation":{"angle":22.5,"axis":"x","origin":[8,1.46592,6.63966]},"faces":{"north":{"uv":[8,10.5,9,11],"texture":"#5"},"south":{"uv":[10.5,8,11.5,8.5],"texture":"#5"}}},{"from":[7.04289,17.45711,7.75],"to":[8.54289,21.95711,9.25],"rotation":{"angle":45,"axis":"y","origin":[7.29289,17.70711,8]},"faces":{"north":{"uv":[0,4,0.75,6.25],"texture":"#5"},"east":{"uv":[4,0,4.75,2.25],"texture":"#5"},"south":{"uv":[1,4,1.75,6.25],"texture":"#5"},"west":{"uv":[4.5,2.5,5.25,4.75],"texture":"#5"},"up":{"uv":[10.75,1.75,10,1],"texture":"#5"},"down":{"uv":[2.75,10,2,10.75],"texture":"#5"}}},{"from":[7.04289,1.85711,7.75],"to":[8.54289,6.45711,9.25],"rotation":{"angle":45,"axis":"y","origin":[7.29289,2.10711,8]},"faces":{"north":{"uv":[5,0,5.75,2.25],"texture":"#5"},"east":{"uv":[2,5,2.75,7.25],"texture":"#5"},"south":{"uv":[3,5,3.75,7.25],"texture":"#5"},"west":{"uv":[4,5,4.75,7.25],"texture":"#5"},"up":{"uv":[7.75,10.75,7,10],"texture":"#5"},"down":{"uv":[10.75,7,10,7.75],"texture":"#5"}}},{"name":"cube_outline","from":[6.7,23.05,8.05],"to":[6.15,20.95,5.95],"rotation":{"angle":45,"axis":"x","origin":[5.85,21,8]},"faces":{"north":{"uv":[4,0,5,4],"texture":"#3"},"east":{"uv":[0,0,4,4],"texture":"#3"},"south":{"uv":[4,4,5,8],"texture":"#3"},"west":{"uv":[0,4,4,8],"texture":"#3"},"up":{"uv":[7,4,6,0],"texture":"#3"},"down":{"uv":[7,4,6,8],"texture":"#3"}}},{"name":"cube_outline","from":[9.85,23.05,8.05],"to":[9.3,20.95,5.95],"rotation":{"angle":45,"axis":"x","origin":[10.15,21,8]},"faces":{"north":{"uv":[5,0,4,4],"texture":"#3"},"east":{"uv":[4,4,0,8],"texture":"#3"},"south":{"uv":[5,4,4,8],"texture":"#3"},"west":{"uv":[4,0,0,4],"texture":"#3"},"up":{"uv":[6,4,7,0],"texture":"#3"},"down":{"uv":[6,4,7,8],"texture":"#3"}}},{"from":[7.25,21.61951,8.81586],"to":[8.75,23.11951,11.81586],"rotation":{"angle":22.5,"axis":"x","origin":[8,23.36951,10.44086]},"faces":{"north":{"uv":[5,10,5.75,10.75],"texture":"#5"},"east":{"uv":[3.5,7.5,5,8.25],"texture":"#5"},"south":{"uv":[10,5,10.75,5.75],"texture":"#5"},"west":{"uv":[6.5,7.5,8,8.25],"texture":"#5"},"up":{"uv":[0.75,9.5,0,8],"texture":"#5"},"down":{"uv":[8.75,3.5,8,5],"texture":"#5"}}},{"from":[7.25,23.11951,10.31586],"to":[8.75,24.61951,11.81586],"rotation":{"angle":22.5,"axis":"x","origin":[8,23.36951,10.44086]},"faces":{"north":{"uv":[10,2,10.75,2.75],"texture":"#5"},"east":{"uv":[3,10,3.75,10.75],"texture":"#5"},"south":{"uv":[10,3,10.75,3.75],"texture":"#5"},"west":{"uv":[4,10,4.75,10.75],"texture":"#5"},"up":{"uv":[10.75,4.75,10,4],"texture":"#5"}}},{"from":[7.7475,22.25,8],"to":[8.2525,25,10.75],"rotation":{"angle":-45,"axis":"x","origin":[7.7475,22.25,8]},"faces":{"north":{"uv":[10.5,8.5,10.75,10],"texture":"#5"},"east":{"uv":[2.5,0,4,1.5],"texture":"#5"},"south":{"uv":[10,10.5,10.25,12],"texture":"#5"},"west":{"uv":[2.5,1.5,4,3],"texture":"#5"},"up":{"uv":[10.75,12,10.5,10.5],"texture":"#5"},"down":{"uv":[0.25,11,0,12.5],"texture":"#5"}}},{"from":[7.7475,26.86369,8],"to":[8.2525,28.28869,9.425],"rotation":{"angle":-45,"axis":"x","origin":[7.7475,26.86369,8]},"faces":{"north":{"uv":[1.5,6.5,1.75,7.25],"texture":"#5"},"east":{"uv":[6,10,6.75,10.75],"texture":"#5"},"south":{"uv":[11,4,11.25,4.75],"texture":"#5"},"west":{"uv":[10,6,10.75,6.75],"texture":"#5"},"up":{"uv":[4.75,11.75,4.5,11],"texture":"#5"},"down":{"uv":[5.25,11,5,11.75],"texture":"#5"}}},{"from":[7.75,24.37132,7],"to":[8.25,27.87132,9],"rotation":{"angle":0,"axis":"y","origin":[7.75,24.37132,9.5]},"faces":{"north":{"uv":[9,10.5,9.25,12.25],"texture":"#5"},"east":{"uv":[2.5,3,3.5,4.75],"texture":"#5"},"south":{"uv":[9.5,10.5,9.75,12.25],"texture":"#5"},"west":{"uv":[3.5,3,4.5,4.75],"texture":"#5"}}},{"from":[7.985,24,5.75],"to":[8.015,32,10.25],"rotation":{"angle":0,"axis":"y","origin":[7.985,24,6.25]},"faces":{"east":{"uv":[2.25,0,0,4],"texture":"#5"},"west":{"uv":[0,0,2.25,4],"texture":"#5"}}},{"from":[7.85,24,5.5],"to":[8.15,31,10.5],"rotation":{"angle":0,"axis":"y","origin":[7.75,24,5.5]},"faces":{"east":{"uv":[0,0,10,14],"texture":"#2"},"west":{"uv":[0,0,10,14],"texture":"#2"}}}],"gui_light":"front","display":{"thirdperson_righthand":{"translation":[0,-6,0.75]},"thirdperson_lefthand":{"translation":[0,-6,0.75]},"firstperson_righthand":{"rotation":[8,0,0],"translation":[0.75,-8,-1]},"firstperson_lefthand":{"rotation":[8,0,0],"translation":[0.75,-8,-1]},"ground":{"rotation":[-45,0,0],"translation":[0,5,0],"scale":[0.7,0.7,0.7]},"gui":{"rotation":[-90,45,90],"translation":[4.5,-4.5,0],"scale":[0.8,0.8,0.8]},"head":{"rotation":[0,-90,0]},"fixed":{"rotation":[0,-90,0],"translation":[0,-8,-1.5],"scale":[2,2,2]}}}