{"credit":"Made with Blockbench","texture_size":[24,24],"textures":{"1":"killburn_set:sword","3":"killburn_set:emissive_texture/01","5":"killburn_set:animations/animation_1"},"elements":[{"from":[7.25,0.25,6.75],"to":[8.75,1.75,8.25],"rotation":{"angle":45,"axis":"x","origin":[7.5,0.5,8]},"faces":{"north":{"uv":[9.75,0,9,0.75],"texture":"#1"},"east":{"uv":[5.25,8.5,4.5,9.25],"texture":"#1"},"south":{"uv":[9.25,2,8.5,2.75],"texture":"#1"},"west":{"uv":[9.75,5.5,9,6.25],"texture":"#1"},"up":{"uv":[9.75,6.5,9,7.25],"texture":"#1"},"down":{"uv":[9.75,8.25,9,7.5],"texture":"#1"}}},{"from":[6.75,6.75,5.75],"to":[9.25,9.25,8.25],"rotation":{"angle":45,"axis":"x","origin":[7.5,7,8]},"faces":{"north":{"uv":[5.75,6,4.5,7.25],"texture":"#1"},"east":{"uv":[4.25,5.5,3,6.75],"texture":"#1"},"south":{"uv":[6.25,4.5,5,5.75],"texture":"#1"},"west":{"uv":[7.25,6,6,7.25],"texture":"#1"},"up":{"uv":[7.75,1.5,6.5,2.75],"texture":"#1"},"down":{"uv":[7.75,4.25,6.5,3],"texture":"#1"}}},{"from":[6.5,7.1,6.1],"to":[9.5,8.9,7.9],"rotation":{"angle":45,"axis":"x","origin":[7.5,7,8]},"faces":{"north":{"uv":[4.5,7,3,8],"texture":"#1"},"east":{"uv":[9,7,8,8],"texture":"#1"},"south":{"uv":[8,4.5,6.5,5.5],"texture":"#1"},"west":{"uv":[9,8,8,9],"texture":"#1"},"up":{"uv":[9,0,7.5,1],"texture":"#1"},"down":{"uv":[6,8.5,4.5,7.5],"texture":"#1"}}},{"from":[7.25,1.95711,7.25],"to":[8.75,2.45711,8.75],"rotation":{"angle":-45,"axis":"y","origin":[8,1.83211,8]},"faces":{"north":{"uv":[3.25,10.5,2.5,10.75],"texture":"#1"},"east":{"uv":[11.25,2,10.5,2.25],"texture":"#1"},"south":{"uv":[2.25,10.5,1.5,10.75],"texture":"#1"},"west":{"uv":[11.25,2.5,10.5,2.75],"texture":"#1"},"up":{"uv":[8.75,9,8,9.75],"texture":"#1"},"down":{"uv":[9.75,9.25,9,8.5],"texture":"#1"}}},{"from":[7.25,4.20711,7.25],"to":[8.75,4.70711,8.75],"rotation":{"angle":-45,"axis":"y","origin":[8,4.08211,8]},"faces":{"north":{"uv":[8.75,10.5,8,10.75],"texture":"#1"},"east":{"uv":[7.25,10.5,6.5,10.75],"texture":"#1"},"south":{"uv":[5.25,10.5,4.5,10.75],"texture":"#1"},"west":{"uv":[11.25,8,10.5,8.25],"texture":"#1"},"up":{"uv":[9.75,9.5,9,10.25],"texture":"#1"},"down":{"uv":[10.75,0.75,10,0],"texture":"#1"}}},{"from":[7.25,6.45711,7.25],"to":[8.75,6.95711,8.75],"rotation":{"angle":-45,"axis":"y","origin":[8,6.33211,8]},"faces":{"north":{"uv":[11.25,9,10.5,9.25],"texture":"#1"},"east":{"uv":[9.75,10.5,9,10.75],"texture":"#1"},"south":{"uv":[11.25,8.5,10.5,8.75],"texture":"#1"},"west":{"uv":[11.25,9.5,10.5,9.75],"texture":"#1"},"up":{"uv":[10.75,5,10,5.75],"texture":"#1"},"down":{"uv":[10.75,6.75,10,6],"texture":"#1"}}},{"from":[7.25,7.61951,4.18414],"to":[8.75,9.11951,7.18414],"rotation":{"angle":-22.5,"axis":"x","origin":[8,9.36951,5.55914]},"faces":{"north":{"uv":[1.75,9.5,1,10.25],"texture":"#1"},"east":{"uv":[9.5,3.5,8,4.25],"texture":"#1"},"south":{"uv":[0.75,9.5,0,10.25],"texture":"#1"},"west":{"uv":[9.5,4.5,8,5.25],"texture":"#1"},"up":{"uv":[4.25,8,3.5,9.5],"texture":"#1"},"down":{"uv":[8.75,7,8,5.5],"texture":"#1"}}},{"from":[7.25,9.11951,4.18414],"to":[8.75,10.61951,5.68414],"rotation":{"angle":-22.5,"axis":"x","origin":[8,9.36951,5.55914]},"faces":{"north":{"uv":[10.25,2,9.5,2.75],"texture":"#1"},"east":{"uv":[2.75,9.5,2,10.25],"texture":"#1"},"south":{"uv":[10.25,1,9.5,1.75],"texture":"#1"},"west":{"uv":[10.25,3,9.5,3.75],"texture":"#1"},"up":{"uv":[4.25,9.5,3.5,10.25],"texture":"#1"}}},{"from":[7.29289,2.45711,7],"to":[8.29289,7.45711,8],"rotation":{"angle":-45,"axis":"y","origin":[7.29289,1.45711,8]},"faces":{"north":{"uv":[8.5,1,8,3.5],"texture":"#1"},"east":{"uv":[7.5,7.5,7,10],"texture":"#1"},"south":{"uv":[7,7.5,6.5,10],"texture":"#1"},"west":{"uv":[3.5,8,3,10.5],"texture":"#1"},"up":{"uv":[5,5.5,4.5,6],"texture":"#1"}}},{"from":[7.75,11,7],"to":[8.25,22,9],"rotation":{"angle":0,"axis":"y","origin":[7.75,15,9]},"faces":{"north":{"uv":[6.25,7.5,6,13],"texture":"#1"},"east":{"uv":[4,0,3,5.5],"texture":"#1"},"south":{"uv":[7.75,5.5,7.5,11],"texture":"#1"},"west":{"uv":[5,0,4,5.5],"texture":"#1"}}},{"from":[7.7475,9.58579,5],"to":[8.2525,12.58579,8],"rotation":{"angle":45,"axis":"x","origin":[7.7475,9.58579,8]},"faces":{"north":{"uv":[5.75,10,5.5,11.5],"texture":"#1"},"east":{"uv":[6.5,1.5,5,3],"texture":"#1"},"south":{"uv":[5.75,8.5,5.5,10],"texture":"#1"},"west":{"uv":[6.5,3,5,4.5],"texture":"#1"},"up":{"uv":[10.25,8,10,9.5],"texture":"#1"},"down":{"uv":[10.25,11,10,9.5],"texture":"#1"}}},{"from":[7.7475,15.58579,6],"to":[8.2525,17.58579,8],"rotation":{"angle":45,"axis":"x","origin":[7.7475,15.58579,8]},"faces":{"north":{"uv":[0.75,10.5,0.5,11.5],"texture":"#1"},"east":{"uv":[9.5,1,8.5,2],"texture":"#1"},"south":{"uv":[0.25,10.5,0,11.5],"texture":"#1"},"west":{"uv":[3,8.5,2,9.5],"texture":"#1"},"up":{"uv":[1.25,10.5,1,11.5],"texture":"#1"},"down":{"uv":[10.75,2,10.5,1],"texture":"#1"}}},{"from":[7.7475,20.99944,6.585],"to":[8.2525,22.41444,8],"rotation":{"angle":45,"axis":"x","origin":[7.7475,20.99944,8]},"faces":{"north":{"uv":[3.75,10.5,3.5,11.25],"texture":"#1"},"east":{"uv":[10.25,4,9.5,4.75],"texture":"#1"},"south":{"uv":[10.75,3,10.5,3.75],"texture":"#1"},"west":{"uv":[5.25,9.5,4.5,10.25],"texture":"#1"},"up":{"uv":[4.25,10.5,4,11.25],"texture":"#1"},"down":{"uv":[10.75,4.75,10.5,4],"texture":"#1"}}},{"from":[7.25,7.61951,8.81586],"to":[8.75,9.11951,11.81586],"rotation":{"angle":22.5,"axis":"x","origin":[8,9.36951,10.44086]},"faces":{"north":{"uv":[0,9.5,0.75,10.25],"texture":"#1"},"east":{"uv":[8,3.5,9.5,4.25],"texture":"#1"},"south":{"uv":[1,9.5,1.75,10.25],"texture":"#1"},"west":{"uv":[8,4.5,9.5,5.25],"texture":"#1"},"up":{"uv":[4.25,9.5,3.5,8],"texture":"#1"},"down":{"uv":[8.75,5.5,8,7],"texture":"#1"}}},{"from":[7.25,9.11951,10.31586],"to":[8.75,10.61951,11.81586],"rotation":{"angle":22.5,"axis":"x","origin":[8,9.36951,10.44086]},"faces":{"north":{"uv":[9.5,1,10.25,1.75],"texture":"#1"},"east":{"uv":[2,9.5,2.75,10.25],"texture":"#1"},"south":{"uv":[9.5,2,10.25,2.75],"texture":"#1"},"west":{"uv":[9.5,3,10.25,3.75],"texture":"#1"},"up":{"uv":[4.25,10.25,3.5,9.5],"texture":"#1"}}},{"from":[7.985,7.22653,10.0415],"to":[8.015,10.22653,15.0415],"rotation":{"angle":-22.5,"axis":"x","origin":[7.985,7.22653,11.0415]},"faces":{"east":{"uv":[0,12.25,2.5,13.75],"texture":"#1"},"west":{"uv":[2.5,12.25,0,13.75],"texture":"#1"}}},{"from":[7.985,7.22653,0.9585],"to":[8.015,10.22653,5.9585],"rotation":{"angle":22.5,"axis":"x","origin":[7.985,7.22653,4.9585]},"faces":{"east":{"uv":[2.5,12.25,0,13.75],"texture":"#1"},"west":{"uv":[0,12.25,2.5,13.75],"texture":"#1"}}},{"from":[7.985,10.5,5.25],"to":[8.015,27,10.75],"rotation":{"angle":0,"axis":"y","origin":[-0.015,0,16.25]},"faces":{"east":{"uv":[14.5,0,11.75,8.25],"texture":"#1"},"west":{"uv":[11.75,0,14.5,8.25],"texture":"#1"}}},{"from":[6.58579,9.58579,6],"to":[8.58579,10.58579,8],"rotation":{"angle":-45,"axis":"y","origin":[6.58579,9.58579,8]},"faces":{"north":{"uv":[7.5,10,6.5,10.5],"texture":"#1"},"east":{"uv":[9.5,3,8.5,3.5],"texture":"#1"},"south":{"uv":[7.5,5.5,6.5,6],"texture":"#1"},"west":{"uv":[11,7,10,7.5],"texture":"#1"},"up":{"uv":[1,8.5,0,9.5],"texture":"#1"},"down":{"uv":[2,9.5,1,8.5],"texture":"#1"}}},{"from":[7,1.61498,8.42208],"to":[9,1.64498,9.42208],"rotation":{"angle":22.5,"axis":"x","origin":[8,1.4382,9.34886]},"faces":{"up":{"uv":[11,7.5,10,8],"texture":"#1"},"down":{"uv":[11,8,10,7.5],"texture":"#1"}}},{"from":[7,0.53914,9.50712],"to":[9,1.53914,9.53712],"rotation":{"angle":-22.5,"axis":"x","origin":[8,1.46592,9.36034]},"faces":{"north":{"uv":[8,10,9,10.5],"texture":"#1"},"south":{"uv":[9,10,8,10.5],"texture":"#1"}}},{"from":[7,1.61498,6.57792],"to":[9,1.64498,7.57792],"rotation":{"angle":-22.5,"axis":"x","origin":[8,1.4382,6.65114]},"faces":{"up":{"uv":[11,8,10,7.5],"texture":"#1"},"down":{"uv":[11,7.5,10,8],"texture":"#1"}}},{"from":[7,0.53914,6.46288],"to":[9,1.53914,6.49288],"rotation":{"angle":22.5,"axis":"x","origin":[8,1.46592,6.63966]},"faces":{"north":{"uv":[8,10,9,10.5],"texture":"#1"},"south":{"uv":[9,10,8,10.5],"texture":"#1"}}},{"name":"cube_outline","from":[6.7,9.05,8.05],"to":[6.15,6.95,5.95],"rotation":{"angle":45,"axis":"x","origin":[5.85,7,8]},"faces":{"north":{"uv":[4,0,5,4],"texture":"#3"},"east":{"uv":[0,0,4,4],"texture":"#3"},"south":{"uv":[4,4,5,8],"texture":"#3"},"west":{"uv":[0,4,4,8],"texture":"#3"},"up":{"uv":[7,4,6,0],"texture":"#3"},"down":{"uv":[7,4,6,8],"texture":"#3"}}},{"name":"cube_outline","from":[9.85,9.05,8.05],"to":[9.3,6.95,5.95],"rotation":{"angle":45,"axis":"x","origin":[10.15,7,8]},"faces":{"north":{"uv":[5,0,4,4],"texture":"#3"},"east":{"uv":[4,4,0,8],"texture":"#3"},"south":{"uv":[5,4,4,8],"texture":"#3"},"west":{"uv":[4,0,0,4],"texture":"#3"},"up":{"uv":[6,4,7,0],"texture":"#3"},"down":{"uv":[6,4,7,8],"texture":"#3"}}},{"from":[7.875,10.58579,5.25],"to":[8.125,27.08579,10.75],"rotation":{"angle":0,"axis":"y","origin":[7.875,10.58579,6]},"faces":{"east":{"uv":[3.66667,0,0,11],"texture":"#5"},"west":{"uv":[0,0,3.66667,11],"texture":"#5"}}}],"gui_light":"front","display":{"thirdperson_righthand":{"translation":[0,1.5,0.75]},"thirdperson_lefthand":{"translation":[0,1.5,0.75]},"firstperson_righthand":{"rotation":[8,0,0],"translation":[0.75,0.5,0]},"firstperson_lefthand":{"rotation":[8,0,0],"translation":[0.75,0.5,0]},"ground":{"rotation":[-45,0,0],"translation":[0,5,0],"scale":[0.7,0.7,0.7]},"gui":{"rotation":[-90,45,90],"translation":[3.75,-3.75,0]},"head":{"rotation":[0,-90,0]},"fixed":{"rotation":[0,-90,0],"translation":[0,0,-1.5],"scale":[2,2,2]}}}