{"credit":"Made with Blockbench","texture_size":[8,8],"textures":{"2":"killburn_set:animations/animation_4","3":"killburn_set:emissive_texture/01","4":"killburn_set:animations/animation_5","6":"killburn_set:trident","particle":"killburn_set:animations/animation_4"},"elements":[{"from":[7.25,0.25,6.75],"to":[8.75,1.75,8.25],"rotation":{"angle":45,"axis":"x","origin":[7.5,0.5,8]},"faces":{"north":{"uv":[9,4,9.75,4.75],"texture":"#6"},"east":{"uv":[9.5,2,10.25,2.75],"texture":"#6"},"south":{"uv":[2.5,9.5,3.25,10.25],"texture":"#6"},"west":{"uv":[9.5,3,10.25,3.75],"texture":"#6"},"up":{"uv":[4.25,10.25,3.5,9.5],"texture":"#6"},"down":{"uv":[5.25,9.5,4.5,10.25],"texture":"#6"}}},{"from":[6.75,20.75,5.75],"to":[9.25,23.25,8.25],"rotation":{"angle":45,"axis":"x","origin":[7.5,21,8]},"faces":{"north":{"uv":[6.5,5,7.75,6.25],"texture":"#6"},"east":{"uv":[5.5,6.5,6.75,7.75],"texture":"#6"},"south":{"uv":[2,7,3.25,8.25],"texture":"#6"},"west":{"uv":[7,6.5,8.25,7.75],"texture":"#6"},"up":{"uv":[8.75,1.25,7.5,0],"texture":"#6"},"down":{"uv":[8.75,1.5,7.5,2.75],"texture":"#6"}}},{"from":[6.5,21.1,6.1],"to":[9.5,22.9,7.9],"rotation":{"angle":45,"axis":"x","origin":[7.5,21,8]},"faces":{"north":{"uv":[7.5,3,9,4],"texture":"#6"},"east":{"uv":[9,0,10,1],"texture":"#6"},"south":{"uv":[7.5,4,9,5],"texture":"#6"},"west":{"uv":[9,1,10,2],"texture":"#6"},"up":{"uv":[9.5,6,8,5],"texture":"#6"},"down":{"uv":[7,8,5.5,9],"texture":"#6"}}},{"from":[7.25,9.45711,7.25],"to":[8.75,9.95711,8.75],"rotation":{"angle":-45,"axis":"y","origin":[8,9.33211,8]},"faces":{"north":{"uv":[3,11.5,3.75,11.75],"texture":"#6"},"east":{"uv":[11.5,3.5,12.25,3.75],"texture":"#6"},"south":{"uv":[4,11.5,4.75,11.75],"texture":"#6"},"west":{"uv":[5,11.5,5.75,11.75],"texture":"#6"},"up":{"uv":[10.25,5.75,9.5,5],"texture":"#6"},"down":{"uv":[10.25,6,9.5,6.75],"texture":"#6"}}},{"from":[7.25,11.70711,7.25],"to":[8.75,12.20711,8.75],"rotation":{"angle":-45,"axis":"y","origin":[8,11.58211,8]},"faces":{"north":{"uv":[11.5,5,12.25,5.25],"texture":"#6"},"east":{"uv":[11.5,5.5,12.25,5.75],"texture":"#6"},"south":{"uv":[6,11.5,6.75,11.75],"texture":"#6"},"west":{"uv":[11.5,6,12.25,6.25],"texture":"#6"},"up":{"uv":[10.25,7.75,9.5,7],"texture":"#6"},"down":{"uv":[10.25,8,9.5,8.75],"texture":"#6"}}},{"from":[7.25,13.95711,7.25],"to":[8.75,14.45711,8.75],"rotation":{"angle":-45,"axis":"y","origin":[8,13.83211,8]},"faces":{"north":{"uv":[11.5,6.5,12.25,6.75],"texture":"#6"},"east":{"uv":[7,11.5,7.75,11.75],"texture":"#6"},"south":{"uv":[11.5,7,12.25,7.25],"texture":"#6"},"west":{"uv":[11.5,7.5,12.25,7.75],"texture":"#6"},"up":{"uv":[10.25,9.75,9.5,9],"texture":"#6"},"down":{"uv":[10.75,0,10,0.75],"texture":"#6"}}},{"from":[7.25,21.61951,4.18414],"to":[8.75,23.11951,7.18414],"rotation":{"angle":-22.5,"axis":"x","origin":[8,23.36951,5.55914]},"faces":{"north":{"uv":[1,10,1.75,10.75],"texture":"#6"},"east":{"uv":[7,8,8.5,8.75],"texture":"#6"},"south":{"uv":[10,1,10.75,1.75],"texture":"#6"},"west":{"uv":[0,8.5,1.5,9.25],"texture":"#6"},"up":{"uv":[4.25,8.5,3.5,7],"texture":"#6"},"down":{"uv":[2.25,8.5,1.5,10],"texture":"#6"}}},{"from":[7.25,23.11951,4.18414],"to":[8.75,24.61951,5.68414],"rotation":{"angle":-22.5,"axis":"x","origin":[8,23.36951,5.55914]},"faces":{"north":{"uv":[10,4,10.75,4.75],"texture":"#6"},"east":{"uv":[9.5,10,10.25,10.75],"texture":"#6"},"south":{"uv":[2,10.5,2.75,11.25],"texture":"#6"},"west":{"uv":[10.5,2,11.25,2.75],"texture":"#6"},"up":{"uv":[3.75,11.25,3,10.5],"texture":"#6"}}},{"from":[7.29289,9.95711,7],"to":[8.29289,13.95711,8],"rotation":{"angle":-45,"axis":"y","origin":[7.29289,8.95711,8]},"faces":{"north":{"uv":[9,2,9.5,4],"texture":"#6"},"east":{"uv":[5.5,9,6,11],"texture":"#6"},"south":{"uv":[6,9,6.5,11],"texture":"#6"},"west":{"uv":[6.5,9,7,11],"texture":"#6"},"up":{"uv":[1.5,6,1,5.5],"texture":"#6"}}},{"from":[7.29289,6.45711,7],"to":[8.29289,9.45711,8],"rotation":{"angle":-45,"axis":"y","origin":[7.29289,5.45711,8]},"faces":{"north":{"uv":[6,0,6.5,1.5],"texture":"#6"},"east":{"uv":[7,9,7.5,10.5],"texture":"#6"},"south":{"uv":[7.5,9,8,10.5],"texture":"#6"},"west":{"uv":[8,9,8.5,10.5],"texture":"#6"}}},{"from":[7.29289,14.45711,7],"to":[8.29289,17.45711,8],"rotation":{"angle":-45,"axis":"y","origin":[7.29289,13.45711,8]},"faces":{"north":{"uv":[8.5,9,9,10.5],"texture":"#6"},"east":{"uv":[9,9,9.5,10.5],"texture":"#6"},"south":{"uv":[0,9.5,0.5,11],"texture":"#6"},"west":{"uv":[0.5,9.5,1,11],"texture":"#6"}}},{"from":[7,1.61498,8.42208],"to":[9,1.64498,9.42208],"rotation":{"angle":22.5,"axis":"x","origin":[8,1.4382,9.34886]},"faces":{"up":{"uv":[1,8.5,0,8],"texture":"#6"},"down":{"uv":[12,1,11,1.5],"texture":"#6"}}},{"from":[7,0.53914,9.50712],"to":[9,1.53914,9.53712],"rotation":{"angle":-22.5,"axis":"x","origin":[8,1.46592,9.36034]},"faces":{"north":{"uv":[11,1.5,12,2],"texture":"#6"},"south":{"uv":[11,4,12,4.5],"texture":"#6"}}},{"from":[7,1.61498,6.57792],"to":[9,1.64498,7.57792],"rotation":{"angle":-22.5,"axis":"x","origin":[8,1.4382,6.65114]},"faces":{"up":{"uv":[12,5,11,4.5],"texture":"#6"},"down":{"uv":[6,11,5,11.5],"texture":"#6"}}},{"from":[7,0.53914,6.46288],"to":[9,1.53914,6.49288],"rotation":{"angle":22.5,"axis":"x","origin":[8,1.46592,6.63966]},"faces":{"north":{"uv":[6,11,7,11.5],"texture":"#6"},"south":{"uv":[9,11,10,11.5],"texture":"#6"}}},{"from":[7.04289,17.45711,7.75],"to":[8.54289,21.95711,9.25],"rotation":{"angle":45,"axis":"y","origin":[7.29289,17.70711,8]},"faces":{"north":{"uv":[4.5,3.5,5.25,5.75],"texture":"#6"},"east":{"uv":[0,5.5,0.75,7.75],"texture":"#6"},"south":{"uv":[5.5,1.5,6.25,3.75],"texture":"#6"},"west":{"uv":[5.5,4,6.25,6.25],"texture":"#6"},"up":{"uv":[11.25,3.75,10.5,3],"texture":"#6"},"down":{"uv":[4.75,10.5,4,11.25],"texture":"#6"}}},{"from":[7.04289,1.85711,7.75],"to":[8.54289,6.45711,9.25],"rotation":{"angle":45,"axis":"y","origin":[7.29289,2.10711,8]},"faces":{"north":{"uv":[1,6,1.75,8.25],"texture":"#6"},"east":{"uv":[4.5,6,5.25,8.25],"texture":"#6"},"south":{"uv":[6.5,0,7.25,2.25],"texture":"#6"},"west":{"uv":[6.5,2.5,7.25,4.75],"texture":"#6"},"up":{"uv":[11.75,0.75,11,0],"texture":"#6"},"down":{"uv":[1.75,11,1,11.75],"texture":"#6"}}},{"name":"cube_outline","from":[6.7,23.05,8.05],"to":[6.15,20.95,5.95],"rotation":{"angle":45,"axis":"x","origin":[5.85,21,8]},"faces":{"north":{"uv":[4,0,5,4],"texture":"#3"},"east":{"uv":[0,0,4,4],"texture":"#3"},"south":{"uv":[4,4,5,8],"texture":"#3"},"west":{"uv":[0,4,4,8],"texture":"#3"},"up":{"uv":[7,4,6,0],"texture":"#3"},"down":{"uv":[7,4,6,8],"texture":"#3"}}},{"name":"cube_outline","from":[9.85,23.05,8.05],"to":[9.3,20.95,5.95],"rotation":{"angle":45,"axis":"x","origin":[10.15,21,8]},"faces":{"north":{"uv":[5,0,4,4],"texture":"#3"},"east":{"uv":[4,4,0,8],"texture":"#3"},"south":{"uv":[5,4,4,8],"texture":"#3"},"west":{"uv":[4,0,0,4],"texture":"#3"},"up":{"uv":[6,4,7,0],"texture":"#3"},"down":{"uv":[6,4,7,8],"texture":"#3"}}},{"from":[7.25,21.61951,8.81586],"to":[8.75,23.11951,11.81586],"rotation":{"angle":22.5,"axis":"x","origin":[8,23.36951,10.44086]},"faces":{"north":{"uv":[10.5,8,11.25,8.75],"texture":"#6"},"east":{"uv":[2.5,8.5,4,9.25],"texture":"#6"},"south":{"uv":[10.5,9,11.25,9.75],"texture":"#6"},"west":{"uv":[4,8.5,5.5,9.25],"texture":"#6"},"up":{"uv":[9.25,7.5,8.5,6],"texture":"#6"},"down":{"uv":[9.25,7.5,8.5,9],"texture":"#6"}}},{"from":[7.25,23.11951,10.31586],"to":[8.75,24.61951,11.81586],"rotation":{"angle":22.5,"axis":"x","origin":[8,23.36951,10.44086]},"faces":{"north":{"uv":[10.5,5,11.25,5.75],"texture":"#6"},"east":{"uv":[10.5,6,11.25,6.75],"texture":"#6"},"south":{"uv":[7,10.5,7.75,11.25],"texture":"#6"},"west":{"uv":[10.5,7,11.25,7.75],"texture":"#6"},"up":{"uv":[8.75,11.25,8,10.5],"texture":"#6"}}},{"from":[7.7475,22.25,8],"to":[8.2525,25,10.75],"rotation":{"angle":-45,"axis":"x","origin":[7.7475,22.25,8]},"faces":{"north":{"uv":[11,11,11.25,12.5],"texture":"#6"},"east":{"uv":[0,4,1.5,5.5],"texture":"#6"},"south":{"uv":[2,11.5,2.25,13],"texture":"#6"},"west":{"uv":[4.5,0,6,1.5],"texture":"#6"},"up":{"uv":[11.75,3.5,11.5,2],"texture":"#6"},"down":{"uv":[2.75,11.5,2.5,13],"texture":"#6"}}},{"from":[7.7475,26.86369,8],"to":[8.2525,28.28869,9.425],"rotation":{"angle":-45,"axis":"x","origin":[7.7475,26.86369,8]},"faces":{"north":{"uv":[2,6,2.25,6.75],"texture":"#6"},"east":{"uv":[10.5,10,11.25,10.75],"texture":"#6"},"south":{"uv":[8,11.5,8.25,12.25],"texture":"#6"},"west":{"uv":[0,11,0.75,11.75],"texture":"#6"},"up":{"uv":[11.75,8.75,11.5,8],"texture":"#6"},"down":{"uv":[8.75,11.5,8.5,12.25],"texture":"#6"}}},{"from":[7.75,24.37132,7],"to":[8.25,27.87132,9],"rotation":{"angle":0,"axis":"y","origin":[7.75,24.37132,9.5]},"faces":{"north":{"uv":[10,11,10.25,12.75],"texture":"#6"},"east":{"uv":[1.5,4,2.5,5.75],"texture":"#6"},"south":{"uv":[10.5,11,10.75,12.75],"texture":"#6"},"west":{"uv":[4.5,1.5,5.5,3.25],"texture":"#6"}}},{"from":[7.985,24,5.75],"to":[8.015,32,10.25],"rotation":{"angle":0,"axis":"y","origin":[7.985,24,6.25]},"faces":{"east":{"uv":[14.75,8,12.5,12],"texture":"#6"},"west":{"uv":[12.5,8,14.75,12],"texture":"#6"}}},{"from":[7.85,24,5.5],"to":[8.15,31,10.5],"rotation":{"angle":0,"axis":"y","origin":[7.75,24,5.5]},"faces":{"east":{"uv":[0,0,10,14],"texture":"#2"},"west":{"uv":[0,0,10,14],"texture":"#2"}}},{"from":[7.985,21.22653,1.9585],"to":[8.015,28.22653,5.4585],"rotation":{"angle":0,"axis":"y","origin":[7.985,21.22653,0.4585]},"faces":{"east":{"uv":[14.5,0,12.75,3.5],"texture":"#6"},"west":{"uv":[12.75,0,14.5,3.5],"texture":"#6"}}},{"from":[7.735,21.22653,1.9585],"to":[8.265,28.22653,5.4585],"rotation":{"angle":0,"axis":"y","origin":[7.985,21.22653,0.4585]},"faces":{"east":{"uv":[7,0,0,14],"texture":"#4"},"west":{"uv":[0,0,7,14],"texture":"#4"}}},{"from":[7.735,21.22653,10.5415],"to":[8.265,28.22653,14.0415],"rotation":{"angle":0,"axis":"y","origin":[7.985,21.22653,15.5415]},"faces":{"east":{"uv":[0,0,7,14],"texture":"#4"},"west":{"uv":[7,0,0,14],"texture":"#4"}}},{"from":[7.985,21.22653,10.5415],"to":[8.015,28.22653,14.0415],"rotation":{"angle":0,"axis":"y","origin":[7.985,21.22653,15.5415]},"faces":{"east":{"uv":[14.5,4,12.75,7.5],"texture":"#6"},"west":{"uv":[12.75,4,14.5,7.5],"texture":"#6"}}}],"gui_light":"front","display":{"thirdperson_righthand":{"translation":[0,-6,0.75]},"thirdperson_lefthand":{"translation":[0,-6,0.75]},"firstperson_righthand":{"rotation":[8,0,0],"translation":[1.75,-9,-1]},"firstperson_lefthand":{"rotation":[8,0,0],"translation":[1.75,-9,-1]},"ground":{"rotation":[-45,0,0],"translation":[0,5,0]},"gui":{"rotation":[-90,45,90],"translation":[4.5,-4.5,0],"scale":[0.8,0.8,0.8]},"head":{"rotation":[0,-90,0]},"fixed":{"rotation":[0,-90,0],"translation":[0,-8,-1.5],"scale":[2,2,2]}}}