{"credit":"Made with Blockbench","textures":{"2":"killburn_set:animations/animation_7","3":"killburn_set:emissive_texture/01","4":"killburn_set:wings","particle":"killburn_set:wings"},"elements":[{"from":[6.32016,-8.17984,6.74],"to":[8.84016,-5.65984,9.26],"rotation":{"angle":45,"axis":"z","origin":[8,-6.5,8]},"faces":{"north":{"uv":[6,9,7.66667,10.66667],"texture":"#4","tintindex":0},"east":{"uv":[7.66667,9,9.33333,10.66667],"texture":"#4","tintindex":0},"south":{"uv":[9.33333,6.66667,11,8.33333],"texture":"#4","tintindex":0},"west":{"uv":[9.33333,8.33333,11,10],"texture":"#4","tintindex":0},"up":{"uv":[11,11.66667,9.33333,10],"texture":"#4","tintindex":0},"down":{"uv":[7.66667,10.66667,6,12.33333],"texture":"#4","tintindex":0}}},{"from":[6.67296,-7.82704,6.488],"to":[8.48736,-6.01264,9.512],"rotation":{"angle":45,"axis":"z","origin":[8,-6.5,8]},"faces":{"north":{"uv":[11.33333,5,12.66667,6.33333],"texture":"#4","tintindex":0},"east":{"uv":[11,6.66667,13,8],"texture":"#4","tintindex":0},"south":{"uv":[11,11.33333,12.33333,12.66667],"texture":"#4","tintindex":0},"west":{"uv":[11,8,13,9.33333],"texture":"#4","tintindex":0},"up":{"uv":[9,12.66667,7.66667,10.66667],"texture":"#4","tintindex":0},"down":{"uv":[12.33333,9.33333,11,11.33333],"texture":"#4","tintindex":0}}},{"from":[7.99382,-6.48135,7.244],"to":[11.01781,-4.96935,8.756],"rotation":{"angle":-22.5,"axis":"z","origin":[7.5,-6,8]},"faces":{"north":{"uv":[11.33333,1,13.33333,2],"texture":"#4","tintindex":0},"east":{"uv":[9,11.66667,10,12.66667],"texture":"#4","tintindex":0},"south":{"uv":[11.33333,2,13.33333,3],"texture":"#4","tintindex":0},"west":{"uv":[10,11.66667,11,12.66667],"texture":"#4","tintindex":0},"up":{"uv":[13.33333,4,11.33333,3],"texture":"#4","tintindex":0},"down":{"uv":[13.33333,4,11.33333,5],"texture":"#4","tintindex":0}}},{"from":[9.50582,-4.96935,7.244],"to":[11.01781,-3.45735,8.756],"rotation":{"angle":-22.5,"axis":"z","origin":[7.5,-6,8]},"faces":{"north":{"uv":[1,12,2,13],"texture":"#4","tintindex":0},"east":{"uv":[2,12,3,13],"texture":"#4","tintindex":0},"south":{"uv":[3,12,4,13],"texture":"#4","tintindex":0},"west":{"uv":[4,12,5,13],"texture":"#4","tintindex":0},"up":{"uv":[6,13,5,12],"texture":"#4","tintindex":0}}},{"from":[8.6391,-8.82784,7.98488],"to":[13.6791,-5.80384,7.99988],"rotation":{"angle":22.5,"axis":"z","origin":[7.5,-6,8]},"faces":{"north":{"uv":[6,7,9.33333,9],"texture":"#4","tintindex":0},"south":{"uv":[9.33333,7,6,9],"texture":"#4","tintindex":0}}},{"name":"cube_outline","from":[8.63856,-5.86144,6.6896],"to":[6.52176,-7.97824,6.1352],"rotation":{"angle":45,"axis":"z","origin":[8,-6.5,8]},"faces":{"north":{"uv":[0,4,4,8],"texture":"#3","tintindex":0},"east":{"uv":[4,0,5,4],"texture":"#3","tintindex":0},"south":{"uv":[0,0,4,4],"texture":"#3","tintindex":0},"west":{"uv":[4,4,5,8],"texture":"#3","tintindex":0},"up":{"uv":[7,4,6,0],"rotation":90,"texture":"#3","tintindex":0},"down":{"uv":[7,4,6,8],"rotation":270,"texture":"#3","tintindex":0}}},{"name":"cube_outline","from":[8.63856,-5.86144,9.8648],"to":[6.52176,-7.97824,9.3104],"rotation":{"angle":45,"axis":"z","origin":[8,-6.5,8]},"faces":{"north":{"uv":[4,0,0,4],"texture":"#3","tintindex":0},"east":{"uv":[5,0,4,4],"texture":"#3","tintindex":0},"south":{"uv":[4,4,0,8],"texture":"#3","tintindex":0},"west":{"uv":[5,4,4,8],"texture":"#3","tintindex":0},"up":{"uv":[6,4,7,0],"rotation":90,"texture":"#3","tintindex":0},"down":{"uv":[6,4,7,8],"rotation":270,"texture":"#3","tintindex":0}}},{"from":[10.5,-10.5,8.25],"to":[19.5,-1.5,8.265],"rotation":{"angle":0,"axis":"y","origin":[2.5,-10.5,3.75]},"faces":{"north":{"uv":[0,0,6,6],"texture":"#4","tintindex":0},"south":{"uv":[6,0,0,6],"texture":"#4","tintindex":0}}},{"from":[7.66054,-7,12.03554],"to":[15.16054,0.5,12.05054],"rotation":{"angle":-45,"axis":"y","origin":[12.66054,-1.75,12.03554]},"faces":{"north":{"uv":[0.33333,6.66667,5.33333,11.66667],"texture":"#4","tintindex":0},"south":{"uv":[5.33333,6.66667,0.33333,11.66667],"texture":"#4","tintindex":0}}},{"from":[8.73531,-15.5,10.45911],"to":[15.23531,-7,10.45911],"rotation":{"angle":-22.5,"axis":"y","origin":[13.85471,-17.25,10.45911]},"faces":{"north":{"uv":[6.66667,0.33333,11,6],"texture":"#4","tintindex":0},"south":{"uv":[11,0.33333,6.66667,6],"texture":"#4","tintindex":0}}},{"from":[4.98218,-6.48135,7.244],"to":[8.00619,-4.96935,8.756],"rotation":{"angle":22.5,"axis":"z","origin":[8.5,-6,8]},"faces":{"north":{"uv":[13.33333,1,11.33333,2],"texture":"#4","tintindex":0},"east":{"uv":[11,11.66667,10,12.66667],"texture":"#4","tintindex":0},"south":{"uv":[13.33333,2,11.33333,3],"texture":"#4","tintindex":0},"west":{"uv":[10,11.66667,9,12.66667],"texture":"#4","tintindex":0},"up":{"uv":[11.33333,4,13.33333,3],"texture":"#4","tintindex":0},"down":{"uv":[11.33333,4,13.33333,5],"texture":"#4","tintindex":0}}},{"from":[4.98218,-4.96935,7.244],"to":[6.49419,-3.45735,8.756],"rotation":{"angle":22.5,"axis":"z","origin":[8.5,-6,8]},"faces":{"north":{"uv":[2,12,1,13],"texture":"#4","tintindex":0},"east":{"uv":[5,12,4,13],"texture":"#4","tintindex":0},"south":{"uv":[4,12,3,13],"texture":"#4","tintindex":0},"west":{"uv":[3,12,2,13],"texture":"#4","tintindex":0},"up":{"uv":[5,13,6,12],"texture":"#4","tintindex":0}}},{"from":[2.3209,-8.82784,7.98488],"to":[7.3609,-5.80384,7.99988],"rotation":{"angle":-22.5,"axis":"z","origin":[8.5,-6,8]},"faces":{"north":{"uv":[9.33333,7,6,9],"texture":"#4","tintindex":0},"south":{"uv":[6,7,9.33333,9],"texture":"#4","tintindex":0}}},{"from":[-3.5,-10.5,8.25],"to":[5.5,-1.5,8.265],"rotation":{"angle":0,"axis":"y","origin":[13.5,-10.5,3.75]},"faces":{"north":{"uv":[6,0,0,6],"texture":"#4","tintindex":0},"south":{"uv":[0,0,6,6],"texture":"#4","tintindex":0}}},{"from":[0.83947,-7,12.03554],"to":[8.33947,0.5,12.05054],"rotation":{"angle":45,"axis":"y","origin":[3.33946,-1.75,12.03554]},"faces":{"north":{"uv":[5.33333,6.66667,0.33333,11.66667],"texture":"#4","tintindex":0},"south":{"uv":[0.33333,6.66667,5.33333,11.66667],"texture":"#4","tintindex":0}}},{"from":[0.76469,-15.5,10.45911],"to":[7.26469,-7,10.45911],"rotation":{"angle":22.5,"axis":"y","origin":[2.1453,-17.25,10.45911]},"faces":{"north":{"uv":[11,0.33333,6.66667,6],"texture":"#4","tintindex":0},"south":{"uv":[6.66667,0.33333,11,6],"texture":"#4","tintindex":0}}},{"from":[10,-8.45098,7.76858],"to":[20,-3.45098,7.76858],"rotation":{"angle":22.5,"axis":"z","origin":[15,-6.45098,7.99358]},"faces":{"north":{"uv":[0,0,10,5],"texture":"#2","tintindex":0}}},{"from":[-4,-8.45098,7.76858],"to":[6,-3.45098,7.76858],"rotation":{"angle":-22.5,"axis":"z","origin":[1,-6.45098,7.99358]},"faces":{"north":{"uv":[10,0,0,5],"texture":"#2","tintindex":0}}}],"gui_light":"front","display":{"thirdperson_righthand":{"rotation":[-128.25,0,180],"translation":[0,2.25,1.25],"scale":[0.5,0.5,0.5]},"thirdperson_lefthand":{"rotation":[66.75,0,0],"translation":[-5.5,-9,10]},"firstperson_righthand":{"rotation":[-25.5,180,0],"translation":[1.5,2,0],"scale":[0.49023,0.49023,0.49023]},"firstperson_lefthand":{"rotation":[8,0,0],"translation":[0.75,0.5,0],"scale":[0,0,0]},"ground":{"rotation":[-45,0,0],"translation":[0,5,0],"scale":[0.7,0.7,0.7]},"gui":{"rotation":[0,180,0],"translation":[0.25,11.5,0],"scale":[0.69,0.69,0.69]},"head":{"translation":[0,-64.75,10.5],"scale":[3.2,3.2,3.2]},"fixed":{"rotation":[0,180,0],"translation":[0,0,-3],"scale":[2,2,2]}}}