{"credit":"MadebyPolygonMC","texture_size":[12,12],"textures":{"1":"bumble:valerie/items/animations/animation_1","2":"bumble:valerie/items/axe","particle":"bumble:valerie/items/axe"},"elements":[{"from":[7.43,-1.32,7.43],"to":[8.57,-0.18,8.57],"rotation":{"angle":-45,"axis":"x","origin":[8,-0.75,8]},"faces":{"north":{"uv":[4.66667,12,5.5,12.83333],"texture":"#2"},"east":{"uv":[12,5.33333,12.83333,6.16667],"texture":"#2"},"south":{"uv":[6.66667,12,7.5,12.83333],"texture":"#2"},"west":{"uv":[12,6.66667,12.83333,7.5],"texture":"#2"},"up":{"uv":[12.83333,8.83333,12,8],"texture":"#2"},"down":{"uv":[12.83333,9.33333,12,10.16667],"texture":"#2"}}},{"from":[7.5,-0.5,7.5],"to":[8.5,0.5,8.5],"rotation":{"angle":0,"axis":"y","origin":[7.5,-0.5,7.5]},"faces":{"north":{"uv":[10,4.66667,10.66667,5.33333],"texture":"#2"},"east":{"uv":[1.33333,13.33333,2,14],"texture":"#2"},"south":{"uv":[13.33333,1.33333,14,2],"texture":"#2"},"west":{"uv":[2,13.33333,2.66667,14],"texture":"#2"},"up":{"uv":[14,2.66667,13.33333,2],"texture":"#2"},"down":{"uv":[3.33333,13.33333,2.66667,14],"texture":"#2"}}},{"from":[7.5,2.25,7.5],"to":[8.5,3.25,8.5],"rotation":{"angle":0,"axis":"y","origin":[7.5,2.25,7.5]},"faces":{"north":{"uv":[13.33333,2.66667,14,3.33333],"texture":"#2"},"east":{"uv":[13.33333,3.33333,14,4],"texture":"#2"},"south":{"uv":[13.33333,4,14,4.66667],"texture":"#2"},"west":{"uv":[4.66667,13.33333,5.33333,14],"texture":"#2"},"up":{"uv":[6,14,5.33333,13.33333],"texture":"#2"},"down":{"uv":[14,5.33333,13.33333,6],"texture":"#2"}}},{"from":[7.5,5,7.5],"to":[8.5,6,8.5],"rotation":{"angle":0,"axis":"y","origin":[7.5,2.25,7.5]},"faces":{"north":{"uv":[13.33333,11.33333,14,12],"texture":"#2"},"east":{"uv":[13.33333,12,14,12.66667],"texture":"#2"},"south":{"uv":[12.66667,13.33333,13.33333,14],"texture":"#2"},"west":{"uv":[13.33333,13.33333,14,14],"texture":"#2"},"up":{"uv":[14.66667,0.66667,14,0],"texture":"#2"},"down":{"uv":[14.66667,0.66667,14,1.33333],"texture":"#2"}}},{"from":[7.5,15.25,7.5],"to":[8.5,16.25,8.5],"rotation":{"angle":0,"axis":"y","origin":[7.5,15.25,7.5]},"faces":{"north":{"uv":[13.33333,6,14,6.66667],"texture":"#2"},"east":{"uv":[6.66667,13.33333,7.33333,14],"texture":"#2"},"south":{"uv":[13.33333,6.66667,14,7.33333],"texture":"#2"},"west":{"uv":[7.33333,13.33333,8,14],"texture":"#2"},"up":{"uv":[14,8,13.33333,7.33333],"texture":"#2"},"down":{"uv":[14,8,13.33333,8.66667],"texture":"#2"}}},{"from":[7.5,17,7.5],"to":[8.5,17.5,8.5],"rotation":{"angle":0,"axis":"y","origin":[7.5,17,7.5]},"faces":{"north":{"uv":[14,8,14.66667,8.33333],"texture":"#2"},"east":{"uv":[14,8.66667,14.66667,9],"texture":"#2"},"south":{"uv":[14,9.33333,14.66667,9.66667],"texture":"#2"},"west":{"uv":[14,10,14.66667,10.33333],"texture":"#2"},"up":{"uv":[14,9.33333,13.33333,8.66667],"texture":"#2"},"down":{"uv":[14,9.33333,13.33333,10],"texture":"#2"}}},{"from":[7.25,17.5,7.25],"to":[8.75,18.5,8.75],"rotation":{"angle":0,"axis":"y","origin":[7.5,17.5,7.5]},"faces":{"north":{"uv":[12,4,13,4.66667],"texture":"#2"},"east":{"uv":[12,10.66667,13,11.33333],"texture":"#2"},"south":{"uv":[12,11.33333,13,12],"texture":"#2"},"west":{"uv":[12,12,13,12.66667],"texture":"#2"},"up":{"uv":[1.66667,12.33333,0.66667,11.33333],"texture":"#2"},"down":{"uv":[3,11.33333,2,12.33333],"texture":"#2"}}},{"from":[7.6,0.5,7.6],"to":[8.4,6.75,8.4],"rotation":{"angle":0,"axis":"y","origin":[7.5,0.5,7.5]},"faces":{"north":{"uv":[9.33333,10,9.83333,14.16667],"texture":"#2"},"east":{"uv":[10,10,10.5,14.16667],"texture":"#2"},"south":{"uv":[10.66667,2.66667,11.16667,6.83333],"texture":"#2"},"west":{"uv":[6,10.66667,6.5,14.83333],"texture":"#2"},"up":{"uv":[14.5,7.83333,14,7.33333],"texture":"#2"},"down":{"uv":[8.5,14,8,14.5],"texture":"#2"}}},{"from":[7.6,14.75,7.6],"to":[8.4,17,8.4],"rotation":{"angle":0,"axis":"y","origin":[7.5,0.5,7.5]},"faces":{"north":{"uv":[12,2,12.5,3.5],"texture":"#2"},"east":{"uv":[12,2,12.5,3.5],"texture":"#2"},"south":{"uv":[12,2,12.5,3.5],"texture":"#2"},"west":{"uv":[12,2,12.5,3.5],"texture":"#2"}}},{"from":[6.8,18.75,7],"to":[9.2,20.75,9],"rotation":{"angle":-45,"axis":"x","origin":[8,19.75,8]},"faces":{"north":{"uv":[9.33333,7.33333,11,8.66667],"texture":"#2"},"east":{"uv":[6.66667,10.66667,8,12],"texture":"#2"},"south":{"uv":[9.33333,8.66667,11,10],"texture":"#2"},"west":{"uv":[10.66667,10,12,11.33333],"texture":"#2"},"up":{"uv":[11.66667,1.33333,10,0],"texture":"#2"},"down":{"uv":[11.66667,1.33333,10,2.66667],"texture":"#2"}}},{"from":[7.75,16.09462,6.14246],"to":[8.25,17.09462,8.14246],"rotation":{"angle":45,"axis":"x","origin":[8,16.59462,7.14246]},"faces":{"north":{"uv":[10.66667,14,11,14.66667],"texture":"#2"},"east":{"uv":[4.66667,11.33333,6,12],"texture":"#2"},"south":{"uv":[14,10.66667,14.33333,11.33333],"texture":"#2"},"west":{"uv":[11.33333,4.66667,12.66667,5.33333],"texture":"#2"},"up":{"uv":[13.66667,11.33333,13.33333,10],"texture":"#2"},"down":{"uv":[11.66667,13.33333,11.33333,14.66667],"texture":"#2"}}},{"from":[7.755,16.94818,6.0818],"to":[8.245,19.94818,6.7918],"rotation":{"angle":0,"axis":"x","origin":[8.005,17.94818,6.5818]},"faces":{"north":{"uv":[8,12,8.33333,14],"texture":"#2"},"east":{"uv":[10,2.66667,10.5,4.66667],"texture":"#2"},"south":{"uv":[12.66667,0,13,2],"texture":"#2"},"west":{"uv":[11.33333,2.66667,11.83333,4.66667],"texture":"#2"},"up":{"uv":[14.33333,14.5,14,14],"texture":"#2"},"down":{"uv":[15,0,14.66667,0.5],"texture":"#2"}}},{"from":[7.76,19.45186,5.90362],"to":[8.24,20.45186,7.15362],"rotation":{"angle":45,"axis":"x","origin":[8,20.00622,4.82663]},"faces":{"north":{"uv":[14,11.33333,14.33333,12],"texture":"#2"},"east":{"uv":[12.66667,4.66667,13.5,5.33333],"texture":"#2"},"south":{"uv":[14,12,14.33333,12.66667],"texture":"#2"},"west":{"uv":[12.66667,12.66667,13.5,13.33333],"texture":"#2"},"up":{"uv":[5,14.83333,4.66667,14],"texture":"#2"},"down":{"uv":[14.33333,4.66667,14,5.5],"texture":"#2"}}},{"from":[7.765,18.79907,4.72661],"to":[8.235,20.04907,5.65161],"rotation":{"angle":-22.5,"axis":"x","origin":[8,20.00622,4.82663]},"faces":{"north":{"uv":[5.33333,14,5.66667,14.83333],"texture":"#2"},"east":{"uv":[13.33333,0,14,0.83333],"texture":"#2"},"south":{"uv":[14,6,14.33333,6.83333],"texture":"#2"},"west":{"uv":[0.66667,13.33333,1.33333,14.16667],"texture":"#2"},"up":{"uv":[13,14.66667,12.66667,14],"texture":"#2"},"down":{"uv":[14.33333,12.66667,14,13.33333],"texture":"#2"}}},{"from":[7.77,20.00753,4.71783],"to":[8.23,21.25753,5.57783],"rotation":{"angle":0,"axis":"x","origin":[8,20.00622,4.82663]},"faces":{"north":{"uv":[6.66667,14,7,14.83333],"texture":"#2"},"east":{"uv":[2,14,2.5,14.83333],"texture":"#2"},"south":{"uv":[7.33333,14,7.66667,14.83333],"texture":"#2"},"west":{"uv":[14,2,14.5,2.83333],"texture":"#2"},"up":{"uv":[1,15.16667,0.66667,14.66667],"texture":"#2"},"down":{"uv":[15,0.66667,14.66667,1.16667],"texture":"#2"}}},{"from":[7.77,20.25753,3.21783],"to":[8.23,21.25753,4.71783],"rotation":{"angle":0,"axis":"x","origin":[8,20.00622,4.82663]},"faces":{"north":{"uv":[13.33333,14,13.66667,14.66667],"texture":"#2"},"east":{"uv":[0.66667,12.66667,1.66667,13.33333],"texture":"#2"},"south":{"uv":[14,13.33333,14.33333,14],"texture":"#2"},"west":{"uv":[2,12.66667,3,13.33333],"texture":"#2"},"up":{"uv":[3,15,2.66667,14],"texture":"#2"},"down":{"uv":[14.33333,3.33333,14,4.33333],"texture":"#2"}}},{"from":[7.5,6.75,7.5],"to":[8.5,14.75,8.5],"rotation":{"angle":0,"axis":"y","origin":[7.1,5.5,7.1]},"faces":{"north":{"uv":[8,6.66667,8.66667,12],"texture":"#2"},"east":{"uv":[8,6.66667,8.66667,12],"texture":"#2"},"south":{"uv":[8,6.66667,8.66667,12],"texture":"#2"},"west":{"uv":[8,6.66667,8.66667,12],"texture":"#2"},"up":{"uv":[2,14.66667,1.33333,14],"texture":"#2"},"down":{"uv":[14.66667,1.33333,14,2],"texture":"#2"}}},{"from":[7.81,16.65,3.6],"to":[8.19,21.05,7.6],"rotation":{"angle":0,"axis":"y","origin":[7.76,0,0]},"faces":{"north":{"uv":[3.33333,11.33333,3.66667,14.33333],"texture":"#2"},"east":{"uv":[6,0,8.66667,3],"texture":"#2"},"south":{"uv":[4,11.33333,4.33333,14.33333],"texture":"#2"},"west":{"uv":[6,3.33333,8.66667,6.33333],"texture":"#2"},"up":{"uv":[11.66667,8,11.33333,5.33333],"texture":"#2"},"down":{"uv":[11,11.33333,10.66667,14],"texture":"#2"}}},{"from":[7.805,16.57378,2.76679],"to":[8.195,22.57378,5.31679],"rotation":{"angle":-22.5,"axis":"x","origin":[8.005,17.32378,5.26679]},"faces":{"north":{"uv":[8.66667,10.66667,9,14.66667],"texture":"#2"},"east":{"uv":[6,6.66667,7.66667,10.66667],"texture":"#2"},"south":{"uv":[0,11.33333,0.33333,15.33333],"texture":"#2"},"west":{"uv":[0,7.33333,1.66667,11.33333],"texture":"#2"},"up":{"uv":[13,3.66667,12.66667,2],"texture":"#2"},"down":{"uv":[12.33333,12.66667,12,14.33333],"texture":"#2"}}},{"from":[7.975,12.925,-1.675],"to":[8.025,23.925,7.325],"rotation":{"angle":-22.5,"axis":"x","origin":[7.975,18.75,2.75]},"faces":{"east":{"uv":[6,0,0,7.33333],"texture":"#2"},"west":{"uv":[0,0,6,7.33333],"texture":"#2"}}},{"from":[7.975,12.925,8.675],"to":[8.025,23.925,17.675],"rotation":{"angle":22.5,"axis":"x","origin":[7.975,18.75,13.25]},"faces":{"east":{"uv":[0,0,6,7.33333],"texture":"#2"},"west":{"uv":[6,0,0,7.33333],"texture":"#2"}}},{"from":[7.15,18.25,6.5],"to":[8.85,21.25,9.5],"rotation":{"angle":45,"axis":"x","origin":[8,19.75,8]},"faces":{"north":{"uv":[4.5,9.33333,3.33333,11.33333],"texture":"#2"},"east":{"uv":[4,7.33333,2,9.33333],"texture":"#2"},"south":{"uv":[3.16667,9.33333,2,11.33333],"texture":"#2"},"west":{"uv":[6,7.33333,4,9.33333],"texture":"#2"},"up":{"uv":[5.83333,9.33333,4.66667,11.33333],"texture":"#2"},"down":{"uv":[10.5,7.33333,9.33333,5.33333],"texture":"#2"}}},{"from":[7.75,16.09462,7.85754],"to":[8.25,17.09462,9.85754],"rotation":{"angle":-45,"axis":"x","origin":[8,16.59462,8.85754]},"faces":{"north":{"uv":[14.33333,10.66667,14,11.33333],"texture":"#2"},"east":{"uv":[6,11.33333,4.66667,12],"texture":"#2"},"south":{"uv":[11,14,10.66667,14.66667],"texture":"#2"},"west":{"uv":[12.66667,4.66667,11.33333,5.33333],"texture":"#2"},"up":{"uv":[13.66667,10,13.33333,11.33333],"texture":"#2"},"down":{"uv":[11.66667,14.66667,11.33333,13.33333],"texture":"#2"}}},{"from":[7.755,16.94818,9.2082],"to":[8.245,19.94818,9.9182],"rotation":{"angle":0,"axis":"x","origin":[8.005,17.94818,9.4182]},"faces":{"north":{"uv":[13,0,12.66667,2],"texture":"#2"},"east":{"uv":[10.5,2.66667,10,4.66667],"texture":"#2"},"south":{"uv":[8.33333,12,8,14],"texture":"#2"},"west":{"uv":[11.83333,2.66667,11.33333,4.66667],"texture":"#2"},"up":{"uv":[14.33333,14,14,14.5],"texture":"#2"},"down":{"uv":[15,0.5,14.66667,0],"texture":"#2"}}},{"from":[7.76,19.45186,8.84638],"to":[8.24,20.45186,10.09638],"rotation":{"angle":-45,"axis":"x","origin":[8,20.00622,11.17337]},"faces":{"north":{"uv":[14.33333,12,14,12.66667],"texture":"#2"},"east":{"uv":[13.5,4.66667,12.66667,5.33333],"texture":"#2"},"south":{"uv":[14.33333,11.33333,14,12],"texture":"#2"},"west":{"uv":[13.5,12.66667,12.66667,13.33333],"texture":"#2"},"up":{"uv":[5,14,4.66667,14.83333],"texture":"#2"},"down":{"uv":[14.33333,5.5,14,4.66667],"texture":"#2"}}},{"from":[7.765,18.79907,10.34839],"to":[8.235,20.04907,11.27339],"rotation":{"angle":22.5,"axis":"x","origin":[8,20.00622,11.17337]},"faces":{"north":{"uv":[14.33333,6,14,6.83333],"texture":"#2"},"east":{"uv":[14,0,13.33333,0.83333],"texture":"#2"},"south":{"uv":[5.66667,14,5.33333,14.83333],"texture":"#2"},"west":{"uv":[1.33333,13.33333,0.66667,14.16667],"texture":"#2"},"up":{"uv":[13,14,12.66667,14.66667],"texture":"#2"},"down":{"uv":[14.33333,13.33333,14,12.66667],"texture":"#2"}}},{"from":[7.77,20.00753,10.42217],"to":[8.23,21.25753,11.28217],"rotation":{"angle":0,"axis":"x","origin":[8,20.00622,11.17337]},"faces":{"north":{"uv":[7.66667,14,7.33333,14.83333],"texture":"#2"},"east":{"uv":[2.5,14,2,14.83333],"texture":"#2"},"south":{"uv":[7,14,6.66667,14.83333],"texture":"#2"},"west":{"uv":[14.5,2,14,2.83333],"texture":"#2"},"up":{"uv":[1,14.66667,0.66667,15.16667],"texture":"#2"},"down":{"uv":[15,1.16667,14.66667,0.66667],"texture":"#2"}}},{"from":[7.77,20.25753,11.28217],"to":[8.23,21.25753,12.78217],"rotation":{"angle":0,"axis":"x","origin":[8,20.00622,11.17337]},"faces":{"north":{"uv":[14.33333,13.33333,14,14],"texture":"#2"},"east":{"uv":[1.66667,12.66667,0.66667,13.33333],"texture":"#2"},"south":{"uv":[13.66667,14,13.33333,14.66667],"texture":"#2"},"west":{"uv":[3,12.66667,2,13.33333],"texture":"#2"},"up":{"uv":[3,14,2.66667,15],"texture":"#2"},"down":{"uv":[14.33333,4.33333,14,3.33333],"texture":"#2"}}},{"from":[7.81,16.65,8.4],"to":[8.19,21.05,12.4],"rotation":{"angle":0,"axis":"y","origin":[7.76,0,16]},"faces":{"north":{"uv":[4.33333,11.33333,4,14.33333],"texture":"#2"},"east":{"uv":[8.66667,0,6,3],"texture":"#2"},"south":{"uv":[3.66667,11.33333,3.33333,14.33333],"texture":"#2"},"west":{"uv":[8.66667,3.33333,6,6.33333],"texture":"#2"},"up":{"uv":[11.66667,5.33333,11.33333,8],"texture":"#2"},"down":{"uv":[11,14,10.66667,11.33333],"texture":"#2"}}},{"from":[7.805,16.57378,10.68321],"to":[8.195,22.57378,13.23321],"rotation":{"angle":22.5,"axis":"x","origin":[8.005,17.32378,10.73321]},"faces":{"north":{"uv":[0.33333,11.33333,0,15.33333],"texture":"#2"},"east":{"uv":[7.66667,6.66667,6,10.66667],"texture":"#2"},"south":{"uv":[9,10.66667,8.66667,14.66667],"texture":"#2"},"west":{"uv":[1.66667,7.33333,0,11.33333],"texture":"#2"},"up":{"uv":[13,2,12.66667,3.66667],"texture":"#2"},"down":{"uv":[12.33333,14.33333,12,12.66667],"texture":"#2"}}},{"from":[7,18.5,4.625],"to":[7.05,25.25,11.375],"rotation":{"angle":0,"axis":"y","origin":[7,18.5,4.625]},"faces":{"east":{"uv":[16,0,0,16],"texture":"#1"},"west":{"uv":[0,0,16,16],"texture":"#1"}}},{"from":[8.95,18.5,4.625],"to":[9,25.25,11.375],"rotation":{"angle":0,"axis":"y","origin":[9,18.5,4.625]},"faces":{"east":{"uv":[16,0,0,16],"texture":"#1"},"west":{"uv":[0,0,16,16],"texture":"#1"}}}],"gui_light":"front","display":{"thirdperson_righthand":{"translation":[0,3,0.75]},"thirdperson_lefthand":{"translation":[0,3,0.75]},"firstperson_righthand":{"rotation":[-10,0,0],"translation":[0,-0.25,0]},"firstperson_lefthand":{"rotation":[-10,0,0],"translation":[0,-0.25,0]},"ground":{"translation":[0,9.5,0]},"gui":{"rotation":[90,-45,90],"translation":[3.5,-3.5,0],"scale":[0.69141,0.69141,0.69141]},"head":{"scale":[1.5,1.5,1.5],"rotation":[0,90,0]},"fixed":{"rotation":[90,-90,90],"translation":[0,-5,-2],"scale":[2,2,2]}}}