{"credit":"MadebyPolygonMC","texture_size":[40,40],"textures":{"0":"bumble:valerie/items/chest","particle":"bumble:valerie/items/chest"},"elements":[{"from":[3.25,6,3.25],"to":[12.75,7,12.75],"rotation":{"angle":0,"axis":"x","origin":[8,6,12.5]},"faces":{"north":{"uv":[11.6,3.6,15.4,4],"texture":"#0"},"east":{"uv":[11.6,4,15.4,4.4],"texture":"#0"},"south":{"uv":[11.6,4.4,15.4,4.8],"texture":"#0"},"west":{"uv":[11.6,4.8,15.4,5.2],"texture":"#0"},"up":{"uv":[7.8,3.8,4,0],"texture":"#0"},"down":{"uv":[7.8,4,4,7.8],"texture":"#0"}}},{"from":[3.75,7,3.75],"to":[5.75,9,12.25],"rotation":{"angle":0,"axis":"x","origin":[8,6,12.5]},"faces":{"north":{"uv":[8,7.2,8.8,8],"texture":"#0"},"east":{"uv":[11.6,0,15,0.8],"texture":"#0"},"south":{"uv":[8,11.2,8.8,12],"texture":"#0"},"west":{"uv":[11.6,0.8,15,1.6],"texture":"#0"},"up":{"uv":[8,14.6,7.2,11.2],"texture":"#0"}}},{"from":[5.75,7,4.25],"to":[10.25,8.5,11.75],"rotation":{"angle":0,"axis":"x","origin":[8,6,12.5]},"faces":{"north":{"uv":[3.2,12.4,5,13],"texture":"#0"},"south":{"uv":[12.4,7.2,14.2,7.8],"texture":"#0"},"up":{"uv":[9,11,7.2,8],"texture":"#0"}}},{"from":[4.75,9,4],"to":[4.75,11,12],"rotation":{"angle":0,"axis":"x","origin":[8,6,12.5]},"faces":{"north":{"uv":[0,0,0,0.8],"texture":"#0"},"east":{"uv":[11.6,1.6,14.8,2.4],"texture":"#0"},"south":{"uv":[0,0,0,0.8],"texture":"#0"},"west":{"uv":[11.6,1.6,14.8,2.4],"texture":"#0"},"up":{"uv":[0,3.2,0,0],"texture":"#0"},"down":{"uv":[0,0,0,3.2],"texture":"#0"}}},{"from":[10.25,7,3.75],"to":[12.25,9,12.25],"rotation":{"angle":0,"axis":"x","origin":[8,6,12.5]},"faces":{"north":{"uv":[8.8,7.2,8,8],"texture":"#0"},"east":{"uv":[15,0.8,11.6,1.6],"texture":"#0"},"south":{"uv":[8.8,11.2,8,12],"texture":"#0"},"west":{"uv":[15,0,11.6,0.8],"texture":"#0"},"up":{"uv":[7.2,14.6,8,11.2],"texture":"#0"}}},{"from":[11.25,9,4],"to":[11.25,11,12],"rotation":{"angle":0,"axis":"x","origin":[8,6,12.5]},"faces":{"north":{"uv":[0,0,0,0.8],"texture":"#0"},"east":{"uv":[14.8,1.6,11.6,2.4],"texture":"#0"},"south":{"uv":[0,0,0,0.8],"texture":"#0"},"west":{"uv":[14.8,1.6,11.6,2.4],"texture":"#0"},"up":{"uv":[0,3.2,0,0],"texture":"#0"},"down":{"uv":[0,0,0,3.2],"texture":"#0"}}},{"from":[4,9,5],"to":[12,10,5],"rotation":{"angle":0,"axis":"y","origin":[8,6,12.5]},"faces":{"north":{"uv":[7.2,15.2,6.8,12],"rotation":90,"texture":"#0"},"east":{"uv":[0,0,0.4,0],"rotation":90,"texture":"#0"},"south":{"uv":[7.2,15.2,6.8,12],"rotation":90,"texture":"#0"},"west":{"uv":[0,0,0.4,0],"rotation":270,"texture":"#0"},"up":{"uv":[0,0,3.2,0],"texture":"#0"},"down":{"uv":[0,0,3.2,0],"rotation":180,"texture":"#0"}}},{"from":[4,9,11],"to":[12,10,11],"rotation":{"angle":0,"axis":"y","origin":[8,6,12.5]},"faces":{"north":{"uv":[7.2,12,6.8,15.2],"rotation":90,"texture":"#0"},"east":{"uv":[0,0,0.4,0],"rotation":90,"texture":"#0"},"south":{"uv":[7.2,12,6.8,15.2],"rotation":90,"texture":"#0"},"west":{"uv":[0,0,0.4,0],"rotation":270,"texture":"#0"},"up":{"uv":[0,0,3.2,0],"texture":"#0"},"down":{"uv":[0,0,3.2,0],"rotation":180,"texture":"#0"}}},{"from":[13,0.5,4],"to":[14,0.5,12],"rotation":{"angle":0,"axis":"z","origin":[14,0.5,8]},"faces":{"north":{"uv":[0.4,0,0,0],"texture":"#0"},"east":{"uv":[3.2,0,0,0],"texture":"#0"},"south":{"uv":[0.4,0,0,0],"texture":"#0"},"west":{"uv":[3.2,0,0,0],"texture":"#0"},"up":{"uv":[6.8,15.2,7.2,12],"texture":"#0"},"down":{"uv":[6.8,15.2,7.2,12],"texture":"#0"}}},{"from":[3,0,3],"to":[13,1,13],"rotation":{"angle":0,"axis":"y","origin":[3,0,3]},"faces":{"north":{"uv":[11.6,2.4,15.6,2.8],"texture":"#0"},"east":{"uv":[11.6,2.4,15.6,2.8],"texture":"#0"},"south":{"uv":[3.2,11.6,7.2,12],"texture":"#0"},"west":{"uv":[11.6,2.4,15.6,2.8],"texture":"#0"},"up":{"uv":[4,4,0,0],"texture":"#0"},"down":{"uv":[4,4,0,8],"texture":"#0"}}},{"from":[3.5,2,3.5],"to":[12.5,3,12.5],"rotation":{"angle":0,"axis":"y","origin":[3,0,3]},"faces":{"north":{"uv":[11.6,5.2,15.2,5.6],"texture":"#0"},"east":{"uv":[11.6,5.6,15.2,6],"texture":"#0"},"south":{"uv":[11.6,6,15.2,6.4],"texture":"#0"},"west":{"uv":[11.6,6.4,15.2,6.8],"texture":"#0"},"up":{"uv":[3.6,11.6,0,8],"texture":"#0"},"down":{"uv":[11.6,0,8,3.6],"texture":"#0"}}},{"from":[3.5,5,3.5],"to":[12.5,6,12.5],"rotation":{"angle":0,"axis":"y","origin":[3,0,3]},"faces":{"north":{"uv":[11.6,6.8,15.2,7.2],"texture":"#0"},"east":{"uv":[3.2,12,6.8,12.4],"texture":"#0"},"south":{"uv":[8,12,11.6,12.4],"texture":"#0"},"west":{"uv":[11.6,12,15.2,12.4],"texture":"#0"},"up":{"uv":[7.2,11.6,3.6,8],"texture":"#0"},"down":{"uv":[11.6,3.6,8,7.2],"texture":"#0"}}},{"from":[4,1,4],"to":[12,5,12],"rotation":{"angle":0,"axis":"y","origin":[3,0,3]},"faces":{"north":{"uv":[9.2,7.2,12.4,8.8],"texture":"#0"},"east":{"uv":[9.2,8.8,12.4,10.4],"texture":"#0"},"south":{"uv":[9.2,10.4,12.4,12],"texture":"#0"},"west":{"uv":[0,11.6,3.2,13.2],"texture":"#0"}}},{"from":[6.75,2.75,3.025],"to":[9.25,5.25,4.025],"rotation":{"angle":-45,"axis":"z","origin":[8,4,3.525]},"faces":{"north":{"uv":[5.2,12.4,6.2,13.4],"texture":"#0"},"east":{"uv":[6.4,12.4,6.8,13.4],"texture":"#0"},"west":{"uv":[8,12.4,8.4,13.4],"texture":"#0"},"up":{"uv":[13.4,8.4,12.4,8],"texture":"#0"},"down":{"uv":[9.4,12.4,8.4,12.8],"texture":"#0"}}},{"from":[2,0.5,4],"to":[3,0.5,12],"rotation":{"angle":0,"axis":"z","origin":[2,0.5,8]},"faces":{"north":{"uv":[0,0,0.4,0],"texture":"#0"},"east":{"uv":[0,0,3.2,0],"texture":"#0"},"south":{"uv":[0,0,0.4,0],"texture":"#0"},"west":{"uv":[0,0,3.2,0],"texture":"#0"},"up":{"uv":[7.2,15.2,6.8,12],"texture":"#0"},"down":{"uv":[7.2,15.2,6.8,12],"texture":"#0"}}}],"gui_light":"front","display":{"thirdperson_righthand":{"rotation":[60.5,0,0],"translation":[0,4.75,3.5],"scale":[0.68164,0.68164,0.68164]},"thirdperson_lefthand":{"rotation":[60.5,0,0],"translation":[0,4.75,3.5],"scale":[0.68164,0.68164,0.68164]},"firstperson_righthand":{"rotation":[156.5,0,-180],"translation":[-4,7.75,1.75],"scale":[0.78906,0.78906,0.78906]},"firstperson_lefthand":{"rotation":[156.5,0,-180],"translation":[-4,7.75,1.75],"scale":[0.78906,0.78906,0.78906]},"ground":{"translation":[0,9.5,0]},"gui":{"rotation":[0,135,0],"translation":[0,3,0],"scale":[1.20703,1.20703,1.20703]},"head":{"rotation":[0,180,0],"translation":[0,-19,0],"scale":[3.0293,3.0293,3.0293]},"fixed":{"rotation":[-90,0,0],"translation":[0,0,-24],"scale":[3.15625,3.15625,3.15625]}}}