{"credit": "Made by PolygonMC", "texture_size": [20, 20], "textures": {"1": "bumble:valerie/items/crossbow_2", "2": "bumble:valerie/items/animations/animation_1", "particle": "bumble:valerie/items/animations/animation_1"}, "elements": [{"from": [7.5, 7.33839, 3], "to": [8.5, 9.33839, 5], "rotation": {"angle": 0, "axis": "y", "origin": [7.5, 7.33839, 0]}, "faces": {"north": {"uv": [6.4, 7.2, 7.2, 8.8], "texture": "#1"}, "east": {"uv": [2.4, 4, 4, 5.6], "texture": "#1"}, "south": {"uv": [7.2, 6.4, 8, 8], "texture": "#1"}, "west": {"uv": [4, 4, 5.6, 5.6], "texture": "#1"}, "up": {"uv": [8.8, 1.6, 8, 0], "texture": "#1"}, "down": {"uv": [4, 8, 3.2, 9.6], "texture": "#1"}}}, {"from": [7.25, 8.33839, 3.1], "to": [7.75, 10.33839, 4.1], "rotation": {"angle": 0, "axis": "z", "origin": [7.25, 9.33839, 3.35]}, "faces": {"north": {"uv": [9.6, 8, 10, 9.6], "texture": "#1"}, "east": {"uv": [8.8, 0, 9.6, 1.6], "texture": "#1"}, "south": {"uv": [8.8, 9.6, 9.2, 11.2], "texture": "#1"}, "west": {"uv": [0.8, 8.8, 1.6, 10.4], "texture": "#1"}, "up": {"uv": [2.8, 12, 2.4, 11.2], "texture": "#1"}, "down": {"uv": [11.6, 2.4, 11.2, 3.2], "texture": "#1"}}}, {"from": [5.75, 9.08839, 3.1], "to": [7.25, 10.08839, 3.6], "rotation": {"angle": 0, "axis": "z", "origin": [6.75, 9.33839, 3.1]}, "faces": {"north": {"uv": [9.6, 0, 10.8, 0.8], "texture": "#1"}, "east": {"uv": [3.2, 11.2, 3.6, 12], "texture": "#1"}, "south": {"uv": [9.6, 0.8, 10.8, 1.6], "texture": "#1"}, "up": {"uv": [6, 10.8, 4.8, 10.4], "texture": "#1"}, "down": {"uv": [11.6, 6.4, 10.4, 6.8], "texture": "#1"}}}, {"from": [4.28806, 9.08839, 3.29134], "to": [5.78806, 10.08839, 3.79134], "rotation": {"angle": 22.5, "axis": "y", "origin": [5.28806, 9.33839, 3.29134]}, "faces": {"north": {"uv": [9.6, 1.6, 10.8, 2.4], "texture": "#1"}, "south": {"uv": [2.4, 9.6, 3.6, 10.4], "texture": "#1"}, "up": {"uv": [11.6, 7.6, 10.4, 7.2], "texture": "#1"}, "down": {"uv": [11.6, 8, 10.4, 8.4], "texture": "#1"}}}, {"from": [2.71773, 9.08839, 3.32047], "to": [4.21773, 10.08839, 3.82047], "rotation": {"angle": 45, "axis": "y", "origin": [4.71773, 9.33839, 3.32047]}, "faces": {"north": {"uv": [9.6, 3.2, 10.8, 4], "texture": "#1"}, "south": {"uv": [9.6, 4, 10.8, 4.8], "texture": "#1"}, "west": {"uv": [11.2, 3.2, 11.6, 4], "texture": "#1"}, "up": {"uv": [11.6, 9.2, 10.4, 8.8], "texture": "#1"}, "down": {"uv": [10.8, 10.4, 9.6, 10.8], "texture": "#1"}}}, {"from": [7.5, 7.33839, 7], "to": [8.5, 9.33839, 8], "rotation": {"angle": 0, "axis": "y", "origin": [7.5, 7.33839, 0]}, "faces": {"east": {"uv": [7.2, 8, 8, 9.6], "texture": "#1"}, "south": {"uv": [8, 8, 8.8, 9.6], "texture": "#1"}, "west": {"uv": [0, 8.8, 0.8, 10.4], "texture": "#1"}, "up": {"uv": [8.8, 10.4, 8, 9.6], "texture": "#1"}}}, {"from": [7.3975, 6.16161, 7.12359], "to": [8.6025, 6.66161, 8.42359], "rotation": {"angle": 0, "axis": "x", "origin": [8, 6.41161, 7.82359]}, "faces": {"north": {"uv": [10.4, 9.6, 11.4, 10], "texture": "#1"}, "east": {"uv": [0, 11.2, 1, 11.6], "texture": "#1"}, "south": {"uv": [11.2, 0, 12.2, 0.4], "texture": "#1"}, "west": {"uv": [11.2, 0.8, 12.2, 1.2], "texture": "#1"}, "up": {"uv": [5.8, 9.8, 4.8, 8.8], "texture": "#1"}, "down": {"uv": [9.8, 6.4, 8.8, 7.4], "texture": "#1"}}}, {"from": [7.495, 6.38839, 6.975], "to": [8.505, 8.63839, 8.025], "rotation": {"angle": -22.5, "axis": "x", "origin": [8.02, 7.33839, 7.5]}, "faces": {"north": {"uv": [4.8, 6.4, 5.6, 8.2], "texture": "#1"}, "east": {"uv": [6.4, 4.8, 7.2, 6.6], "texture": "#1"}, "south": {"uv": [5.6, 6.4, 6.4, 8.2], "texture": "#1"}, "west": {"uv": [7.2, 0, 8, 1.8], "texture": "#1"}, "up": {"uv": [11.2, 3.2, 10.4, 2.4], "texture": "#1"}, "down": {"uv": [4, 10.4, 3.2, 11.2], "texture": "#1"}}}, {"from": [7.6, 8.53839, 8], "to": [8.4, 9.33839, 12], "rotation": {"angle": 0, "axis": "x", "origin": [8, 8.33839, 10]}, "faces": {"east": {"uv": [2.4, 5.6, 5.6, 6.2], "texture": "#1"}, "south": {"uv": [6.4, 10.4, 7, 11], "texture": "#1"}, "west": {"uv": [5.6, 2.4, 8.8, 3], "texture": "#1"}, "up": {"uv": [6.2, 6.4, 5.6, 3.2], "texture": "#1"}, "down": {"uv": [3, 6.4, 2.4, 9.6], "texture": "#1"}}}, {"from": [7.65, 7.91339, 8], "to": [8.35, 8.53839, 10], "rotation": {"angle": 0, "axis": "x", "origin": [8, 8.28839, 10]}, "faces": {"east": {"uv": [8, 4, 9.6, 4.6], "texture": "#1"}, "west": {"uv": [8.8, 2.4, 10.4, 3], "texture": "#1"}, "down": {"uv": [9.4, 8, 8.8, 9.6], "texture": "#1"}}}, {"from": [7.601, 7.40152, 9.92305], "to": [8.399, 8.95152, 11.92305], "rotation": {"angle": 22.5, "axis": "x", "origin": [8.001, 8.55152, 10.92305]}, "faces": {"north": {"uv": [4, 9.6, 4.6, 10.8], "texture": "#1"}, "east": {"uv": [3.2, 6.4, 4.8, 7.6], "texture": "#1"}, "south": {"uv": [7.2, 9.6, 7.8, 10.8], "texture": "#1"}, "west": {"uv": [6.4, 3.2, 8, 4.4], "texture": "#1"}, "down": {"uv": [7, 8.8, 6.4, 10.4], "texture": "#1"}}}, {"from": [7.5, 8.33839, 5], "to": [8.5, 9.33839, 7], "rotation": {"angle": 0, "axis": "y", "origin": [7.5, 7.33839, 0]}, "faces": {"east": {"uv": [8, 1.6, 9.6, 2.4], "texture": "#1"}, "west": {"uv": [8, 3.2, 9.6, 4], "texture": "#1"}, "up": {"uv": [4.8, 9.6, 4, 8], "texture": "#1"}, "down": {"uv": [8.8, 6.4, 8, 8], "texture": "#1"}}}, {"from": [7.7, 9.33839, 3.25], "to": [8.3, 9.58839, 11.85], "rotation": {"angle": 0, "axis": "y", "origin": [7.5, 7.33839, 0]}, "faces": {"north": {"uv": [10.4, 11.2, 10.8, 11.4], "texture": "#1"}, "east": {"uv": [7.2, 4.8, 14, 5], "texture": "#1"}, "south": {"uv": [11.2, 10.4, 11.6, 10.6], "texture": "#1"}, "west": {"uv": [7.2, 5.6, 14, 5.8], "texture": "#1"}, "up": {"uv": [2, 10.8, 1.6, 4], "texture": "#1"}}}, {"from": [7.75, 7.58839, 6.15], "to": [8.25, 8.58839, 6.65], "rotation": {"angle": -22.5, "axis": "x", "origin": [8, 8.08839, 6.4]}, "faces": {"north": {"uv": [8, 10.4, 8.4, 11.2], "texture": "#1"}, "east": {"uv": [1.6, 11.2, 2, 12], "texture": "#1"}, "west": {"uv": [11.2, 1.6, 11.6, 2.4], "texture": "#1"}, "down": {"uv": [10, 11.2, 9.6, 11.6], "texture": "#1"}}}, {"from": [3, 9.33839, 4.5], "to": [4, 9.83839, 5.5], "rotation": {"angle": 22.5, "axis": "y", "origin": [3.5, 9.58839, 5]}, "faces": {"north": {"uv": [4, 11.2, 4.8, 11.6], "texture": "#1"}, "east": {"uv": [11.2, 4, 12, 4.4], "texture": "#1"}, "south": {"uv": [4.8, 11.2, 5.6, 11.6], "texture": "#1"}, "west": {"uv": [5.6, 11.2, 6.4, 11.6], "texture": "#1"}, "up": {"uv": [10.4, 10.4, 9.6, 9.6], "texture": "#1"}, "down": {"uv": [0.8, 10.4, 0, 11.2], "texture": "#1"}}}, {"from": [7.75, 8.81339, 7.5], "to": [8.25, 9.81339, 8.5], "rotation": {"angle": 22.5, "axis": "x", "origin": [8, 9.31339, 8]}, "faces": {"north": {"uv": [6.4, 11.2, 6.8, 12], "texture": "#1"}, "east": {"uv": [0.8, 10.4, 1.6, 11.2], "texture": "#1"}, "south": {"uv": [7.2, 11.2, 7.6, 12], "texture": "#1"}, "west": {"uv": [2.4, 10.4, 3.2, 11.2], "texture": "#1"}, "up": {"uv": [8.4, 12, 8, 11.2], "texture": "#1"}, "down": {"uv": [9.2, 11.2, 8.8, 12], "texture": "#1"}}}, {"from": [3.75, 9.58839, 4.9], "to": [12.25, 9.63839, 7.9], "rotation": {"angle": 0, "axis": "y", "origin": [5.5, 9.68839, 4.9]}, "faces": {"up": {"uv": [6.8, 2.4, 0, 0], "texture": "#1"}, "down": {"uv": [0, 0, 6.8, 2.4], "texture": "#1"}}}, {"from": [7.98232, 8.83839, -0.35], "to": [8.03232, 10.33839, 7.65], "rotation": {"angle": 45, "axis": "z", "origin": [7.98232, 9.58839, 3.65]}, "faces": {"east": {"uv": [1.2, 2.4, 0, 8.8], "rotation": 270, "texture": "#1"}, "west": {"uv": [1.2, 8.8, 0, 2.4], "rotation": 270, "texture": "#1"}}}, {"from": [7.975, 8.85607, -0.35], "to": [8.025, 10.35607, 7.65], "rotation": {"angle": -45, "axis": "z", "origin": [8, 9.60607, 3.65]}, "faces": {"east": {"uv": [1.2, 2.4, 0, 8.8], "rotation": 270, "texture": "#1"}, "west": {"uv": [1.2, 8.8, 0, 2.4], "rotation": 270, "texture": "#1"}}}, {"from": [1.3033, 9.58839, 2.26777], "to": [6.3033, 9.63839, 4.26777], "rotation": {"angle": 45, "axis": "y", "origin": [4.3033, 9.58839, 3.26777]}, "faces": {"up": {"uv": [5.6, 4, 1.6, 2.4], "texture": "#1"}, "down": {"uv": [5.6, 2.4, 1.6, 4], "texture": "#1"}}}, {"from": [9.6967, 9.58839, 2.26777], "to": [14.6967, 9.63839, 4.26777], "rotation": {"angle": -45, "axis": "y", "origin": [11.6967, 9.58839, 3.26777]}, "faces": {"up": {"uv": [1.6, 4, 5.6, 2.4], "texture": "#1"}, "down": {"uv": [1.6, 2.4, 5.6, 4], "texture": "#1"}}}, {"from": [6.2033, 8.33839, 6.63223], "to": [8.2033, 8.38839, 11.63223], "rotation": {"angle": 0, "axis": "y", "origin": [7.2033, 8.33839, 9.63223]}, "faces": {"up": {"uv": [1.6, 4, 5.6, 2.4], "rotation": 270, "texture": "#1"}, "down": {"uv": [1.6, 2.4, 5.6, 4], "rotation": 90, "texture": "#1"}}}, {"from": [7.7967, 8.33839, 6.63223], "to": [9.7967, 8.38839, 11.63223], "rotation": {"angle": 0, "axis": "y", "origin": [8.7967, 8.33839, 9.63223]}, "faces": {"up": {"uv": [1.6, 2.4, 5.6, 4], "rotation": 270, "texture": "#1"}, "down": {"uv": [1.6, 4, 5.6, 2.4], "rotation": 90, "texture": "#1"}}}, {"from": [12, 9.33839, 4.5], "to": [13, 9.83839, 5.5], "rotation": {"angle": -22.5, "axis": "y", "origin": [12.5, 9.58839, 5]}, "faces": {"north": {"uv": [4.8, 11.2, 4, 11.6], "texture": "#1"}, "east": {"uv": [6.4, 11.2, 5.6, 11.6], "texture": "#1"}, "south": {"uv": [5.6, 11.2, 4.8, 11.6], "texture": "#1"}, "west": {"uv": [12, 4, 11.2, 4.4], "texture": "#1"}, "up": {"uv": [9.6, 10.4, 10.4, 9.6], "texture": "#1"}, "down": {"uv": [0, 10.4, 0.8, 11.2], "texture": "#1"}}}, {"from": [11.78227, 9.08839, 3.32047], "to": [13.28227, 10.08839, 3.82047], "rotation": {"angle": -45, "axis": "y", "origin": [11.28227, 9.33839, 3.32047]}, "faces": {"north": {"uv": [10.8, 3.2, 9.6, 4], "texture": "#1"}, "east": {"uv": [11.6, 3.2, 11.2, 4], "texture": "#1"}, "south": {"uv": [10.8, 4, 9.6, 4.8], "texture": "#1"}, "up": {"uv": [10.4, 9.2, 11.6, 8.8], "texture": "#1"}, "down": {"uv": [9.6, 10.4, 10.8, 10.8], "texture": "#1"}}}, {"from": [10.21194, 9.08839, 3.29134], "to": [11.71194, 10.08839, 3.79134], "rotation": {"angle": -22.5, "axis": "y", "origin": [10.71194, 9.33839, 3.29134]}, "faces": {"north": {"uv": [10.8, 1.6, 9.6, 2.4], "texture": "#1"}, "south": {"uv": [3.6, 9.6, 2.4, 10.4], "texture": "#1"}, "up": {"uv": [10.4, 7.6, 11.6, 7.2], "texture": "#1"}, "down": {"uv": [10.4, 8, 11.6, 8.4], "texture": "#1"}}}, {"from": [8.75, 9.08839, 3.1], "to": [10.25, 10.08839, 3.6], "rotation": {"angle": 0, "axis": "z", "origin": [9.25, 9.33839, 3.1]}, "faces": {"north": {"uv": [10.8, 0, 9.6, 0.8], "texture": "#1"}, "south": {"uv": [10.8, 0.8, 9.6, 1.6], "texture": "#1"}, "west": {"uv": [3.6, 11.2, 3.2, 12], "texture": "#1"}, "up": {"uv": [4.8, 10.8, 6, 10.4], "texture": "#1"}, "down": {"uv": [10.4, 6.4, 11.6, 6.8], "texture": "#1"}}}, {"from": [8.25, 8.33839, 3.1], "to": [8.75, 10.33839, 4.1], "rotation": {"angle": 0, "axis": "z", "origin": [8.75, 9.33839, 3.35]}, "faces": {"north": {"uv": [10, 8, 9.6, 9.6], "texture": "#1"}, "east": {"uv": [1.6, 8.8, 0.8, 10.4], "texture": "#1"}, "south": {"uv": [9.2, 9.6, 8.8, 11.2], "texture": "#1"}, "west": {"uv": [9.6, 0, 8.8, 1.6], "texture": "#1"}, "up": {"uv": [2.4, 12, 2.8, 11.2], "texture": "#1"}, "down": {"uv": [11.2, 2.4, 11.6, 3.2], "texture": "#1"}}}, {"from": [7.975, 9, -3.14268], "to": [8.025, 15.75, 3.60732], "rotation": {"angle": 45, "axis": "y", "origin": [8, 12.375, 0.23232]}, "faces": {"north": {"uv": [0, 0, 0, 8.1], "texture": "#2"}, "east": {"uv": [16, 0, 0, 16], "texture": "#2"}, "south": {"uv": [0, 0, 0, 8.1], "texture": "#2"}, "west": {"uv": [0, 0, 16, 16], "texture": "#2"}, "up": {"uv": [0, 8.1, 0, 0], "texture": "#2"}, "down": {"uv": [0, 0, 0, 8.1], "texture": "#2"}}}, {"from": [4.625, 9, 0.20732], "to": [11.375, 15.75, 0.25732], "rotation": {"angle": 45, "axis": "y", "origin": [8, 12.375, 0.23232]}, "faces": {"north": {"uv": [0, 0, 16, 16], "texture": "#2"}, "east": {"uv": [0, 0, 0, 8.1], "texture": "#2"}, "south": {"uv": [16, 0, 0, 16], "texture": "#2"}, "west": {"uv": [0, 0, 0, 8.1], "texture": "#2"}, "up": {"uv": [0, 8.1, 0, 0], "rotation": 90, "texture": "#2"}, "down": {"uv": [0, 0, 0, 8.1], "rotation": 270, "texture": "#2"}}}], "gui_light": "front", "display": {"thirdperson_righthand": {"translation": [0, -0.25, 2]}, "thirdperson_lefthand": {"translation": [0, -0.25, 2]}, "firstperson_righthand": {"rotation": [0, -10.5, 0], "translation": [0.5, 2.25, 5]}, "firstperson_lefthand": {"rotation": [0, -10, 0], "translation": [0.44, 1, 3.5]}, "ground": {"rotation": [35, 0, 0], "translation": [0, 5.75, 0], "scale": [1.38281, 1.38281, 1.38281]}, "gui": {"rotation": [90, 45, 0], "translation": [3, -3, 0], "scale": [1.54688, 1.54688, 1.54688]}, "head": {"scale": [1.5, 1.5, 1.5], "rotation": [-45, 180, 0]}, "fixed": {"rotation": [-105.25, 0, 0], "translation": [0, 6.5, -4.5], "scale": [3.14648, 3.14648, 3.14648]}}}