{"credit": "Made by PolygonMC", "texture_size": [20, 20], "textures": {"1": "bumble:valerie/items/animations/animation_1", "2": "bumble:valerie/items/fishing_rod_cast", "particle": "bumble:valerie/items/fishing_rod_cast"}, "elements": [{"from": [7.43, -1.32, 7.43], "to": [8.57, -0.18, 8.57], "rotation": {"angle": -45, "axis": "x", "origin": [8, -0.75, 8]}, "faces": {"north": {"uv": [3.2, 11.2, 4.2, 12.2], "texture": "#2"}, "east": {"uv": [4.8, 11.2, 5.8, 12.2], "texture": "#2"}, "south": {"uv": [11.2, 4.8, 12.2, 5.8], "texture": "#2"}, "west": {"uv": [11.2, 8, 12.2, 9], "texture": "#2"}, "up": {"uv": [12.2, 10.6, 11.2, 9.6], "texture": "#2"}, "down": {"uv": [12.2, 11.2, 11.2, 12.2], "texture": "#2"}}}, {"from": [7.5, -0.5, 7.5], "to": [8.5, 0.5, 8.5], "rotation": {"angle": 0, "axis": "y", "origin": [7.5, -0.5, 7.5]}, "faces": {"north": {"uv": [5.6, 6.4, 6.4, 7.2], "texture": "#2"}, "east": {"uv": [1.6, 11.2, 2.4, 12], "texture": "#2"}, "south": {"uv": [4.8, 12.8, 5.6, 13.6], "texture": "#2"}, "west": {"uv": [12.8, 4.8, 13.6, 5.6], "texture": "#2"}, "up": {"uv": [6.4, 13.6, 5.6, 12.8], "texture": "#2"}, "down": {"uv": [13.6, 5.6, 12.8, 6.4], "texture": "#2"}}}, {"from": [7.5, 2.25, 7.5], "to": [8.5, 3.25, 8.5], "rotation": {"angle": 0, "axis": "y", "origin": [7.5, 2.25, 7.5]}, "faces": {"north": {"uv": [12.8, 8, 13.6, 8.8], "texture": "#2"}, "east": {"uv": [12.8, 8.8, 13.6, 9.6], "texture": "#2"}, "south": {"uv": [12.8, 9.6, 13.6, 10.4], "texture": "#2"}, "west": {"uv": [10.4, 12.8, 11.2, 13.6], "texture": "#2"}, "up": {"uv": [13.6, 11.2, 12.8, 10.4], "texture": "#2"}, "down": {"uv": [12, 12.8, 11.2, 13.6], "texture": "#2"}}}, {"from": [7.5, 5, 7.5], "to": [8.5, 6, 8.5], "rotation": {"angle": 0, "axis": "y", "origin": [7.5, 2.25, 7.5]}, "faces": {"north": {"uv": [12.8, 11.2, 13.6, 12], "texture": "#2"}, "east": {"uv": [12, 12.8, 12.8, 13.6], "texture": "#2"}, "south": {"uv": [12.8, 12, 13.6, 12.8], "texture": "#2"}, "west": {"uv": [12.8, 12.8, 13.6, 13.6], "texture": "#2"}, "up": {"uv": [14.4, 0.8, 13.6, 0], "texture": "#2"}, "down": {"uv": [1.6, 13.6, 0.8, 14.4], "texture": "#2"}}}, {"from": [7.5, 6.75, 7.5], "to": [8.5, 7.25, 8.5], "rotation": {"angle": 0, "axis": "y", "origin": [7.5, 6.75, 7.5]}, "faces": {"north": {"uv": [7.2, 14.4, 8, 14.8], "texture": "#2"}, "east": {"uv": [14.4, 7.2, 15.2, 7.6], "texture": "#2"}, "south": {"uv": [8, 14.4, 8.8, 14.8], "texture": "#2"}, "west": {"uv": [14.4, 8, 15.2, 8.4], "texture": "#2"}, "up": {"uv": [14.4, 1.6, 13.6, 0.8], "texture": "#2"}, "down": {"uv": [14.4, 1.6, 13.6, 2.4], "texture": "#2"}}}, {"from": [7.25, 7.25, 7.25], "to": [8.75, 8.25, 8.75], "rotation": {"angle": 0, "axis": "y", "origin": [7.5, 7.25, 7.5]}, "faces": {"north": {"uv": [12, 0, 13.2, 0.8], "texture": "#2"}, "east": {"uv": [12, 0.8, 13.2, 1.6], "texture": "#2"}, "south": {"uv": [1.6, 12, 2.8, 12.8], "texture": "#2"}, "west": {"uv": [12, 1.6, 13.2, 2.4], "texture": "#2"}, "up": {"uv": [10.8, 6, 9.6, 4.8], "texture": "#2"}, "down": {"uv": [6.8, 9.6, 5.6, 10.8], "texture": "#2"}}}, {"from": [7.6, 0.5, 7.6], "to": [8.4, 6.75, 8.4], "rotation": {"angle": 0, "axis": "y", "origin": [7.5, 0.5, 7.5]}, "faces": {"north": {"uv": [7.2, 8.8, 7.8, 13.8], "texture": "#2"}, "east": {"uv": [8, 8.8, 8.6, 13.8], "texture": "#2"}, "south": {"uv": [8.8, 8.8, 9.4, 13.8], "texture": "#2"}, "west": {"uv": [0, 9.6, 0.6, 14.6], "texture": "#2"}, "up": {"uv": [6.2, 15, 5.6, 14.4], "texture": "#2"}, "down": {"uv": [7, 14.4, 6.4, 15], "texture": "#2"}}}, {"from": [6.8, 8.5, 7], "to": [9.2, 10.5, 9], "rotation": {"angle": -45, "axis": "x", "origin": [8, 9.5, 8]}, "faces": {"north": {"uv": [7.2, 7.2, 9.2, 8.8], "texture": "#2"}, "east": {"uv": [8, 4.8, 9.6, 6.4], "texture": "#2"}, "south": {"uv": [8, 0, 10, 1.6], "texture": "#2"}, "west": {"uv": [0.8, 9.6, 2.4, 11.2], "texture": "#2"}, "up": {"uv": [10, 3.2, 8, 1.6], "texture": "#2"}, "down": {"uv": [10, 3.2, 8, 4.8], "texture": "#2"}}}, {"from": [7.75, 5.84462, 6.14246], "to": [8.25, 6.84462, 8.14246], "rotation": {"angle": 45, "axis": "x", "origin": [8, 6.34462, 7.14246]}, "faces": {"north": {"uv": [8.8, 14.4, 9.2, 15.2], "texture": "#2"}, "east": {"uv": [8, 6.4, 9.6, 7.2], "texture": "#2"}, "south": {"uv": [14.4, 8.8, 14.8, 9.6], "texture": "#2"}, "west": {"uv": [10.4, 4, 12, 4.8], "texture": "#2"}, "up": {"uv": [2.8, 15.2, 2.4, 13.6], "texture": "#2"}, "down": {"uv": [3.6, 13.6, 3.2, 15.2], "texture": "#2"}}}, {"from": [7.755, 6.69818, 6.0818], "to": [8.245, 9.69818, 6.7918], "rotation": {"angle": 0, "axis": "x", "origin": [8.005, 7.69818, 6.5818]}, "faces": {"north": {"uv": [6.4, 11.2, 6.8, 13.6], "texture": "#2"}, "east": {"uv": [2.4, 9.6, 3, 12], "texture": "#2"}, "south": {"uv": [9.6, 11.2, 10, 13.6], "texture": "#2"}, "west": {"uv": [9.6, 6.4, 10.2, 8.8], "texture": "#2"}, "up": {"uv": [0.4, 15.8, 0, 15.2], "texture": "#2"}, "down": {"uv": [15.6, 0, 15.2, 0.6], "texture": "#2"}}}, {"from": [7.5, 10.75, 7.5], "to": [8.5, 18.75, 8.5], "rotation": {"angle": 0, "axis": "y", "origin": [7.1, 5.5, 7.1]}, "faces": {"north": {"uv": [3.2, 4.8, 4, 11.2], "texture": "#2"}, "east": {"uv": [4, 4.8, 4.8, 11.2], "texture": "#2"}, "south": {"uv": [4.8, 4.8, 5.6, 11.2], "texture": "#2"}, "west": {"uv": [5.6, 0, 6.4, 6.4], "texture": "#2"}, "up": {"uv": [14.4, 4, 13.6, 3.2], "texture": "#2"}, "down": {"uv": [14.4, 4, 13.6, 4.8], "texture": "#2"}}}, {"from": [7.6, 18.32041, 7.34289], "to": [8.4, 20.72041, 8.14289], "rotation": {"angle": -22.5, "axis": "x", "origin": [8, 19.29541, 7.29289]}, "faces": {"north": {"uv": [10.4, 8, 11, 10], "texture": "#2"}, "east": {"uv": [10.4, 10.4, 11, 12.4], "texture": "#2"}, "south": {"uv": [11.2, 0, 11.8, 2], "texture": "#2"}, "west": {"uv": [0.8, 11.2, 1.4, 13.2], "texture": "#2"}, "up": {"uv": [15, 7, 14.4, 6.4], "texture": "#2"}}}, {"from": [7.688, 20.61225, 6.24517], "to": [8.312, 21.98425, 6.86917], "rotation": {"angle": -45, "axis": "x", "origin": [8, 21.52325, 6.85717]}, "faces": {"north": {"uv": [14.4, 1.6, 14.8, 2.6], "texture": "#2"}, "east": {"uv": [14.4, 3.2, 14.8, 4.2], "texture": "#2"}, "south": {"uv": [4, 14.4, 4.4, 15.4], "texture": "#2"}, "west": {"uv": [14.4, 4.8, 14.8, 5.8], "texture": "#2"}, "up": {"uv": [15.6, 2.8, 15.2, 2.4], "texture": "#2"}}}, {"from": [7.75, 5.84462, 7.85754], "to": [8.25, 6.84462, 9.85754], "rotation": {"angle": -45, "axis": "x", "origin": [8, 6.34462, 8.85754]}, "faces": {"north": {"uv": [14.4, 9.6, 14.8, 10.4], "texture": "#2"}, "east": {"uv": [10.4, 6.4, 12, 7.2], "texture": "#2"}, "south": {"uv": [14.4, 10.4, 14.8, 11.2], "texture": "#2"}, "west": {"uv": [10.4, 7.2, 12, 8], "texture": "#2"}, "up": {"uv": [5.2, 15.2, 4.8, 13.6], "texture": "#2"}, "down": {"uv": [14, 4.8, 13.6, 6.4], "texture": "#2"}}}, {"from": [7.755, 6.69818, 9.2082], "to": [8.245, 9.69818, 9.9182], "rotation": {"angle": 0, "axis": "x", "origin": [8.005, 7.69818, 9.4182]}, "faces": {"north": {"uv": [12, 2.4, 12.4, 4.8], "texture": "#2"}, "east": {"uv": [9.6, 8.8, 10.2, 11.2], "texture": "#2"}, "south": {"uv": [1.6, 12.8, 2, 15.2], "texture": "#2"}, "west": {"uv": [10.4, 0, 11, 2.4], "texture": "#2"}, "up": {"uv": [15.6, 1.4, 15.2, 0.8], "texture": "#2"}, "down": {"uv": [2, 15.2, 1.6, 15.8], "texture": "#2"}}}, {"from": [7.76, 9.20186, 8.84638], "to": [8.24, 10.20186, 10.09638], "rotation": {"angle": -45, "axis": "x", "origin": [8, 9.75622, 11.17337]}, "faces": {"north": {"uv": [14.4, 11.2, 14.8, 12], "texture": "#2"}, "east": {"uv": [2.4, 12.8, 3.4, 13.6], "texture": "#2"}, "south": {"uv": [14.4, 12, 14.8, 12.8], "texture": "#2"}, "west": {"uv": [12.8, 2.4, 13.8, 3.2], "texture": "#2"}, "up": {"uv": [14, 12.2, 13.6, 11.2], "texture": "#2"}, "down": {"uv": [12.4, 13.6, 12, 14.6], "texture": "#2"}}}, {"from": [7.765, 8.54907, 10.34839], "to": [8.235, 9.79907, 11.27339], "rotation": {"angle": 22.5, "axis": "x", "origin": [8, 9.75622, 11.17337]}, "faces": {"north": {"uv": [12.8, 13.6, 13.2, 14.6], "texture": "#2"}, "east": {"uv": [12.8, 3.2, 13.6, 4.2], "texture": "#2"}, "south": {"uv": [13.6, 12.8, 14, 13.8], "texture": "#2"}, "west": {"uv": [4, 12.8, 4.8, 13.8], "texture": "#2"}, "up": {"uv": [14.8, 13.6, 14.4, 12.8], "texture": "#2"}, "down": {"uv": [14, 14.4, 13.6, 15.2], "texture": "#2"}}}, {"from": [7.77, 9.75753, 10.42217], "to": [8.23, 11.00753, 11.28217], "rotation": {"angle": 0, "axis": "x", "origin": [8, 9.75622, 11.17337]}, "faces": {"north": {"uv": [14.4, 0, 14.8, 1], "texture": "#2"}, "east": {"uv": [9.6, 13.6, 10.2, 14.6], "texture": "#2"}, "south": {"uv": [0.8, 14.4, 1.2, 15.4], "texture": "#2"}, "west": {"uv": [13.6, 9.6, 14.2, 10.6], "texture": "#2"}, "up": {"uv": [15.6, 2.2, 15.2, 1.6], "texture": "#2"}, "down": {"uv": [2.8, 15.2, 2.4, 15.8], "texture": "#2"}}}, {"from": [7.77, 10.00753, 11.28217], "to": [8.23, 11.00753, 12.78217], "rotation": {"angle": 0, "axis": "x", "origin": [8, 9.75622, 11.17337]}, "faces": {"north": {"uv": [14.4, 13.6, 14.8, 14.4], "texture": "#2"}, "east": {"uv": [12, 6.4, 13.2, 7.2], "texture": "#2"}, "south": {"uv": [14.4, 14.4, 14.8, 15.2], "texture": "#2"}, "west": {"uv": [12, 7.2, 13.2, 8], "texture": "#2"}, "up": {"uv": [10.8, 14.8, 10.4, 13.6], "texture": "#2"}, "down": {"uv": [11.6, 13.6, 11.2, 14.8], "texture": "#2"}}}, {"from": [7.15, 8, 6.5], "to": [8.85, 11, 9.5], "rotation": {"angle": -45, "axis": "x", "origin": [8, 9.5, 8]}, "faces": {"north": {"uv": [6.4, 0, 7.8, 2.4], "texture": "#2"}, "east": {"uv": [3.2, 0, 5.6, 2.4], "texture": "#2"}, "south": {"uv": [6.4, 2.4, 7.8, 4.8], "texture": "#2"}, "west": {"uv": [3.2, 2.4, 5.6, 4.8], "texture": "#2"}, "up": {"uv": [7.8, 7.2, 6.4, 4.8], "texture": "#2"}, "down": {"uv": [7, 7.2, 5.6, 9.6], "texture": "#2"}}}, {"from": [7.25, 13.5, 6.25], "to": [8.75, 13.55, 7.75], "rotation": {"angle": 0, "axis": "y", "origin": [7.25, 0, 0]}, "faces": {"up": {"uv": [11.6, 3.6, 10.4, 2.4], "texture": "#2"}, "down": {"uv": [10.4, 2.4, 11.6, 3.6], "texture": "#2"}}}, {"from": [7.25, 16.5, 6.25], "to": [8.75, 16.55, 7.75], "rotation": {"angle": 0, "axis": "y", "origin": [7.25, 0, 0]}, "faces": {"up": {"uv": [11.6, 3.6, 10.4, 2.4], "texture": "#2"}, "down": {"uv": [10.4, 2.4, 11.6, 3.6], "texture": "#2"}}}, {"from": [7.25, 19.1, 6], "to": [8.75, 19.15, 7.5], "rotation": {"angle": -22.5, "axis": "x", "origin": [8, 19, 6.75]}, "faces": {"up": {"uv": [11.6, 3.6, 10.4, 2.4], "texture": "#2"}, "down": {"uv": [10.4, 2.4, 11.6, 3.6], "texture": "#2"}}}, {"from": [7.25, 21.225, 5.6], "to": [8.75, 21.275, 7.1], "rotation": {"angle": -45, "axis": "x", "origin": [8, 20.575, 6.25]}, "faces": {"up": {"uv": [11.6, 3.6, 10.4, 2.4], "texture": "#2"}, "down": {"uv": [10.4, 2.4, 11.6, 3.6], "texture": "#2"}}}, {"from": [7.975, 9.75, 3.5], "to": [8.025, 21.75, 7.5], "rotation": {"angle": 0, "axis": "y", "origin": [7.975, 0, 0]}, "faces": {"east": {"uv": [3.2, 0, 0, 9.6], "texture": "#2"}, "west": {"uv": [0, 0, 3.2, 9.6], "texture": "#2"}}}, {"from": [7, 8.5, 4.625], "to": [7.05, 15.25, 11.375], "rotation": {"angle": 0, "axis": "y", "origin": [7, 8.5, 4.625]}, "faces": {"east": {"uv": [16, 0, 0, 16], "texture": "#1"}, "west": {"uv": [0, 0, 16, 16], "texture": "#1"}}}, {"from": [8.95, 8.5, 4.625], "to": [9, 15.25, 11.375], "rotation": {"angle": 0, "axis": "y", "origin": [9, 8.5, 4.625]}, "faces": {"east": {"uv": [16, 0, 0, 16], "texture": "#1"}, "west": {"uv": [0, 0, 16, 16], "texture": "#1"}}}, {"from": [9, 8.5, 4.625], "to": [9, 15.25, 11.375], "rotation": {"angle": 0, "axis": "y", "origin": [9, 8.5, 4.625]}, "faces": {"north": {"uv": [0, 0, 0, 8.1], "texture": "#1"}, "east": {"uv": [16, 0, 0, 16], "texture": "#1"}, "south": {"uv": [0, 0, 0, 8.1], "texture": "#1"}, "up": {"uv": [0, 8.1, 0, 0], "texture": "#1"}, "down": {"uv": [0, 0, 0, 8.1], "texture": "#1"}}}], "gui_light": "front", "display": {"thirdperson_righthand": {"rotation": [10.5, 0, 0], "translation": [0, 1.75, 2.25]}, "thirdperson_lefthand": {"rotation": [10.5, 0, 0], "translation": [0, 1.75, 2.25]}, "firstperson_righthand": {"rotation": [-55, -2, -29], "translation": [-3.5, 3, 5]}, "firstperson_lefthand": {"rotation": [-55, -2, -29], "translation": [-3.5, 3, 5]}, "ground": {"translation": [0, 9.5, 0]}, "gui": {"rotation": [-90, 45, 90], "translation": [2, -1, 0], "scale": [0.89844, 0.89844, 0.89844]}, "head": {"scale": [1.5, 1.5, 1.5], "rotation": [0, 90, 0]}, "fixed": {"rotation": [90, -90, 90], "translation": [0.25, -5, -2], "scale": [2, 2, 2]}}}