{"credit":"MadebyPolygonMC","texture_size":[24,24],"textures":{"2":"bumble:valerie/items/animations/animation_1","3":"bumble:valerie/items/greatsword","particle":"bumble:valerie/items/animations/animation_1"},"elements":[{"from":[7.43,-1.32,7.43],"to":[8.57,-0.18,8.57],"rotation":{"angle":-45,"axis":"x","origin":[8,-0.75,8]},"faces":{"north":{"uv":[12.66667,2.66667,13.5,3.5],"texture":"#3"},"east":{"uv":[12.66667,4,13.5,4.83333],"texture":"#3"},"south":{"uv":[12.66667,5.33333,13.5,6.16667],"texture":"#3"},"west":{"uv":[12.66667,6.66667,13.5,7.5],"texture":"#3"},"up":{"uv":[8.83333,13.5,8,12.66667],"texture":"#3"},"down":{"uv":[13.5,9.33333,12.66667,10.16667],"texture":"#3"}}},{"from":[7.5,-0.5,7.5],"to":[8.5,0.5,8.5],"rotation":{"angle":0,"axis":"y","origin":[7.5,-0.5,7.5]},"faces":{"north":{"uv":[11.33333,13.33333,12,14],"texture":"#3"},"east":{"uv":[12,13.33333,12.66667,14],"texture":"#3"},"south":{"uv":[12.66667,13.33333,13.33333,14],"texture":"#3"},"west":{"uv":[13.33333,13.33333,14,14],"texture":"#3"},"up":{"uv":[0.66667,14.66667,0,14],"texture":"#3"},"down":{"uv":[1.33333,14,0.66667,14.66667],"texture":"#3"}}},{"from":[7.5,2.25,7.5],"to":[8.5,3.25,8.5],"rotation":{"angle":0,"axis":"y","origin":[7.5,2.25,7.5]},"faces":{"north":{"uv":[1.33333,14,2,14.66667],"texture":"#3"},"east":{"uv":[14,1.33333,14.66667,2],"texture":"#3"},"south":{"uv":[2,14,2.66667,14.66667],"texture":"#3"},"west":{"uv":[14,2,14.66667,2.66667],"texture":"#3"},"up":{"uv":[14.66667,3.33333,14,2.66667],"texture":"#3"},"down":{"uv":[14.66667,3.33333,14,4],"texture":"#3"}}},{"from":[7.5,5,7.5],"to":[8.5,6,8.5],"rotation":{"angle":0,"axis":"y","origin":[7.5,5,7.5]},"faces":{"north":{"uv":[14,4,14.66667,4.66667],"texture":"#3"},"east":{"uv":[14,4.66667,14.66667,5.33333],"texture":"#3"},"south":{"uv":[14,5.33333,14.66667,6],"texture":"#3"},"west":{"uv":[14,6,14.66667,6.66667],"texture":"#3"},"up":{"uv":[7.33333,14.66667,6.66667,14],"texture":"#3"},"down":{"uv":[14.66667,6.66667,14,7.33333],"texture":"#3"}}},{"from":[7.5,6.75,7.5],"to":[8.5,7.25,8.5],"rotation":{"angle":0,"axis":"y","origin":[7.5,6.75,7.5]},"faces":{"north":{"uv":[6.66667,14.66667,7.33333,15],"texture":"#3"},"east":{"uv":[14.66667,6.66667,15.33333,7],"texture":"#3"},"south":{"uv":[7.33333,14.66667,8,15],"texture":"#3"},"west":{"uv":[14.66667,7.33333,15.33333,7.66667],"texture":"#3"},"up":{"uv":[14.66667,8,14,7.33333],"texture":"#3"},"down":{"uv":[8.66667,14,8,14.66667],"texture":"#3"}}},{"from":[7.25,7.25,7.25],"to":[8.75,8.25,8.75],"rotation":{"angle":0,"axis":"y","origin":[7.5,7.25,7.5]},"faces":{"north":{"uv":[12.66667,12,13.66667,12.66667],"texture":"#3"},"east":{"uv":[12.66667,12.66667,13.66667,13.33333],"texture":"#3"},"south":{"uv":[13.33333,0,14.33333,0.66667],"texture":"#3"},"west":{"uv":[13.33333,0.66667,14.33333,1.33333],"texture":"#3"},"up":{"uv":[12.33333,7.66667,11.33333,6.66667],"texture":"#3"},"down":{"uv":[9,11.33333,8,12.33333],"texture":"#3"}}},{"from":[7.6,0.5,7.6],"to":[8.4,6.75,8.4],"rotation":{"angle":0,"axis":"y","origin":[7.5,0.5,7.5]},"faces":{"north":{"uv":[9.33333,10.66667,9.83333,14.83333],"texture":"#3"},"east":{"uv":[10,10.66667,10.5,14.83333],"texture":"#3"},"south":{"uv":[10.66667,10.66667,11.16667,14.83333],"texture":"#3"},"west":{"uv":[2.66667,11.33333,3.16667,15.5],"texture":"#3"},"up":{"uv":[2.5,15.16667,2,14.66667],"texture":"#3"},"down":{"uv":[15.16667,2.66667,14.66667,3.16667],"texture":"#3"}}},{"from":[7.15,8,6.5],"to":[8.85,11,9.5],"rotation":{"angle":-45,"axis":"x","origin":[8,9.5,8]},"faces":{"north":{"uv":[2.66667,9.33333,3.83333,11.33333],"texture":"#3"},"east":{"uv":[8,2.66667,10,4.66667],"texture":"#3"},"south":{"uv":[4,9.33333,5.16667,11.33333],"texture":"#3"},"west":{"uv":[8,4.66667,10,6.66667],"texture":"#3"},"up":{"uv":[6.5,11.33333,5.33333,9.33333],"texture":"#3"},"down":{"uv":[9.16667,9.33333,8,11.33333],"texture":"#3"}}},{"from":[6.8,8.5,7],"to":[9.2,10.5,9],"rotation":{"angle":-45,"axis":"x","origin":[8,9.5,8]},"faces":{"north":{"uv":[9.33333,9.33333,11,10.66667],"texture":"#3"},"east":{"uv":[10,6.66667,11.33333,8],"texture":"#3"},"south":{"uv":[10,2.66667,11.66667,4],"texture":"#3"},"west":{"uv":[10,8,11.33333,9.33333],"texture":"#3"},"up":{"uv":[11.66667,5.33333,10,4],"texture":"#3"},"down":{"uv":[11.66667,5.33333,10,6.66667],"texture":"#3"}}},{"from":[7.75,5.84462,6.14246],"to":[8.25,6.84462,8.14246],"rotation":{"angle":45,"axis":"x","origin":[8,6.34462,7.14246]},"faces":{"north":{"uv":[8,14.66667,8.33333,15.33333],"texture":"#3"},"east":{"uv":[12,8,13.33333,8.66667],"texture":"#3"},"south":{"uv":[14.66667,8,15,8.66667],"texture":"#3"},"west":{"uv":[12,8.66667,13.33333,9.33333],"texture":"#3"},"up":{"uv":[9,15.33333,8.66667,14],"texture":"#3"},"down":{"uv":[14.33333,9.33333,14,10.66667],"texture":"#3"}}},{"from":[7.755,6.69818,6.0818],"to":[8.245,9.69818,6.7918],"rotation":{"angle":0,"axis":"x","origin":[8.005,7.69818,6.5818]},"faces":{"north":{"uv":[3.33333,13.33333,3.66667,15.33333],"texture":"#3"},"east":{"uv":[6,11.33333,6.5,13.33333],"texture":"#3"},"south":{"uv":[4,13.33333,4.33333,15.33333],"texture":"#3"},"west":{"uv":[11.33333,8,11.83333,10],"texture":"#3"},"up":{"uv":[15,11.83333,14.66667,11.33333],"texture":"#3"},"down":{"uv":[15,12,14.66667,12.5],"texture":"#3"}}},{"from":[7.5,11,6.5],"to":[8.5,13,9.5],"rotation":{"angle":-45,"axis":"x","origin":[8,12.5,8]},"faces":{"north":{"uv":[7.33333,12,8,13.33333],"texture":"#3"},"east":{"uv":[8,6.66667,10,8],"texture":"#3"},"south":{"uv":[12,9.33333,12.66667,10.66667],"texture":"#3"},"west":{"uv":[8,8,10,9.33333],"texture":"#3"},"up":{"uv":[4,13.33333,3.33333,11.33333],"texture":"#3"},"down":{"uv":[4.66667,11.33333,4,13.33333],"texture":"#3"}}},{"from":[7.5,24.67262,10.67663],"to":[8.5,26.27262,13.27663],"rotation":{"angle":-45,"axis":"x","origin":[8,23,8.99951]},"faces":{"north":{"uv":[13.33333,1.33333,14,2.33333],"texture":"#3"},"east":{"uv":[11.33333,0,13,1],"texture":"#3"},"south":{"uv":[4.66667,13.33333,5.33333,14.33333],"texture":"#3"},"west":{"uv":[11.33333,1.33333,13,2.33333],"texture":"#3"},"up":{"uv":[5.33333,13,4.66667,11.33333],"texture":"#3"},"down":{"uv":[6,11.33333,5.33333,13],"texture":"#3"}}},{"from":[7.525,12.5,7.87132],"to":[8.475,26.5,10.12132],"rotation":{"angle":0,"axis":"x","origin":[8,23,8.99951]},"faces":{"north":{"uv":[6.66667,2.66667,7.33333,12],"texture":"#3"},"east":{"uv":[2.66667,0,4.16667,9.33333],"texture":"#3"},"south":{"uv":[7.33333,2.66667,8,12],"texture":"#3"},"west":{"uv":[4.66667,0,6.16667,9.33333],"texture":"#3"},"up":{"uv":[12,11.5,11.33333,10],"texture":"#3"},"down":{"uv":[12.66667,2.66667,12,4.16667],"texture":"#3"}}},{"from":[7.755,6.69818,9.2082],"to":[8.245,9.69818,9.9182],"rotation":{"angle":0,"axis":"x","origin":[8.005,7.69818,9.4182]},"faces":{"north":{"uv":[5.33333,13.33333,5.66667,15.33333],"texture":"#3"},"east":{"uv":[12,4.66667,12.5,6.66667],"texture":"#3"},"south":{"uv":[6,13.33333,6.33333,15.33333],"texture":"#3"},"west":{"uv":[6.66667,12,7.16667,14],"texture":"#3"},"up":{"uv":[15,13.16667,14.66667,12.66667],"texture":"#3"},"down":{"uv":[15,13.33333,14.66667,13.83333],"texture":"#3"}}},{"from":[7.75,5.84462,7.85754],"to":[8.25,6.84462,9.85754],"rotation":{"angle":-45,"axis":"x","origin":[8,6.34462,8.85754]},"faces":{"north":{"uv":[14.66667,8.66667,15,9.33333],"texture":"#3"},"east":{"uv":[12,10.66667,13.33333,11.33333],"texture":"#3"},"south":{"uv":[14.66667,9.33333,15,10],"texture":"#3"},"west":{"uv":[11.33333,12,12.66667,12.66667],"texture":"#3"},"up":{"uv":[14.33333,12,14,10.66667],"texture":"#3"},"down":{"uv":[11.66667,14,11.33333,15.33333],"texture":"#3"}}},{"from":[7.76,13.03416,10.41806],"to":[8.24,14.28416,11.41806],"rotation":{"angle":-22.5,"axis":"x","origin":[7.9875,12.04476,10.76096]},"faces":{"north":{"uv":[0.33333,14.66667,0,15.5],"rotation":180,"texture":"#3"},"east":{"uv":[13.33333,8,14.16667,8.66667],"rotation":270,"texture":"#3"},"south":{"uv":[14.33333,14.16667,14,13.33333],"texture":"#3"},"west":{"uv":[13.33333,8.66667,14.16667,9.33333],"rotation":90,"texture":"#3"},"up":{"uv":[14.66667,3.33333,15,4],"rotation":180,"texture":"#3"},"down":{"uv":[14.66667,4,15,4.66667],"texture":"#3"}}},{"from":[7.765,12.10658,9.71565],"to":[8.235,13.03158,10.96565],"rotation":{"angle":45,"axis":"x","origin":[7.9875,12.04476,10.76096]},"faces":{"north":{"uv":[15,4.66667,14.66667,5.33333],"rotation":180,"texture":"#3"},"east":{"uv":[7.33333,13.33333,8,14.16667],"rotation":270,"texture":"#3"},"south":{"uv":[5,15.33333,4.66667,14.66667],"texture":"#3"},"west":{"uv":[13.33333,10.66667,14,11.5],"rotation":90,"texture":"#3"},"up":{"uv":[14.66667,0,15,0.83333],"rotation":180,"texture":"#3"},"down":{"uv":[0.66667,14.66667,1,15.5],"texture":"#3"}}},{"from":[7.77,12.02355,10.97373],"to":[8.23,12.88355,12.22373],"rotation":{"angle":22.5,"axis":"x","origin":[7.9875,12.04476,10.76096]},"faces":{"north":{"uv":[15,10.66667,14.66667,11.16667],"rotation":180,"texture":"#3"},"east":{"uv":[12,14,12.5,14.83333],"rotation":270,"texture":"#3"},"south":{"uv":[15,10.5,14.66667,10],"texture":"#3"},"west":{"uv":[14,12,14.5,12.83333],"rotation":90,"texture":"#3"},"up":{"uv":[1.33333,14.66667,1.66667,15.5],"rotation":180,"texture":"#3"},"down":{"uv":[14.66667,1.33333,15,2.16667],"texture":"#3"}}},{"from":[7.77,10.52355,11.22373],"to":[8.23,12.02355,12.22373],"rotation":{"angle":22.5,"axis":"x","origin":[7.9875,12.04476,10.76096]},"faces":{"north":{"uv":[13.66667,14,13.33333,15],"rotation":180,"texture":"#3"},"east":{"uv":[12,11.33333,13,12],"rotation":270,"texture":"#3"},"south":{"uv":[13,15,12.66667,14],"texture":"#3"},"west":{"uv":[11.33333,12.66667,12.33333,13.33333],"rotation":90,"texture":"#3"},"up":{"uv":[14.66667,5.33333,15,6],"rotation":180,"texture":"#3"},"down":{"uv":[14.66667,6,15,6.66667],"texture":"#3"}}},{"from":[7.975,6.99313,9.23362],"to":[8.025,13.99313,13.23362],"rotation":{"angle":0,"axis":"x","origin":[7.9875,12.04476,10.76096]},"faces":{"east":{"uv":[6.66667,2.66667,11.33333,0],"rotation":90,"texture":"#3"},"west":{"uv":[6.66667,0,11.33333,2.66667],"rotation":90,"texture":"#3"}}},{"from":[7,8.25,4.625],"to":[7.05,15,11.375],"rotation":{"angle":0,"axis":"y","origin":[7,8.25,4.625]},"faces":{"east":{"uv":[16,0,0,16],"texture":"#2"},"west":{"uv":[0,0,16,16],"texture":"#2"}}},{"from":[8.95,8.25,4.625],"to":[9,15,11.375],"rotation":{"angle":0,"axis":"y","origin":[9,8.25,4.625]},"faces":{"east":{"uv":[16,0,0,16],"texture":"#2"},"west":{"uv":[0,0,16,16],"texture":"#2"}}},{"from":[9,8.25,4.625],"to":[9,15,11.375],"rotation":{"angle":0,"axis":"y","origin":[9,8.25,4.625]},"faces":{"north":{"uv":[0,0,0,6.75],"texture":"#2"},"east":{"uv":[16,0,0,16],"texture":"#2"},"south":{"uv":[0,0,0,6.75],"texture":"#2"},"west":{"uv":[0,0,0,0],"texture":"#2"},"up":{"uv":[0,6.75,0,0],"texture":"#2"},"down":{"uv":[0,0,0,6.75],"texture":"#2"}}},{"from":[7.975,11,6],"to":[8.025,32,10],"rotation":{"angle":0,"axis":"y","origin":[5.975,11,6]},"faces":{"east":{"uv":[2.66667,0,0,14],"texture":"#3"},"west":{"uv":[0,0,2.66667,14],"texture":"#3"}}}],"gui_light":"front","display":{"thirdperson_righthand":{"translation":[0,3,0.75]},"thirdperson_lefthand":{"translation":[0,3,0.75]},"firstperson_righthand":{"rotation":[-10,0,0],"translation":[0,-0.25,0]},"firstperson_lefthand":{"rotation":[-10,0,0],"translation":[0,-0.25,0]},"ground":{"translation":[0,9.5,0]},"gui":{"rotation":[-90,45,90],"translation":[3,-3.5,0],"scale":[0.69141,0.69141,0.69141]},"head":{"scale":[1.5,1.5,1.5],"rotation":[0,90,0]},"fixed":{"rotation":[90,-90,90],"translation":[1.25,-13,-2],"scale":[2,2,2]}}}