{"credit":"MadebyPolygonMC","texture_size":[12,12],"textures":{"0":"bumble:valerie/items/key","particle":"bumble:valerie/items/key"},"elements":[{"from":[7.25,7.5625,9.875],"to":[8.75,9.5625,11.875],"rotation":{"angle":-45,"axis":"x","origin":[8,8.5625,10.875]},"faces":{"north":{"uv":[2.66667,0,4.66667,2.66667],"texture":"#0"},"east":{"uv":[0,0,2.66667,2.66667],"texture":"#0"},"south":{"uv":[2.66667,2.66667,4.66667,5.33333],"texture":"#0"},"west":{"uv":[0,2.66667,2.66667,5.33333],"texture":"#0"},"up":{"uv":[2,8,0,5.33333],"texture":"#0"},"down":{"uv":[7.33333,0,5.33333,2.66667],"texture":"#0"}}},{"from":[7,7.8125,10.125],"to":[9,9.3125,11.625],"rotation":{"angle":-45,"axis":"x","origin":[8,8.5625,10.875]},"faces":{"north":{"uv":[2.66667,5.33333,5.33333,7.33333],"texture":"#0"},"east":{"uv":[8,0,10,2],"texture":"#0"},"south":{"uv":[5.33333,2.66667,8,4.66667],"texture":"#0"},"west":{"uv":[2.66667,8,4.66667,10],"texture":"#0"},"up":{"uv":[8,7.33333,5.33333,5.33333],"texture":"#0"},"down":{"uv":[2.66667,8,0,10],"texture":"#0"}}},{"from":[7.5,8.0625,8.625],"to":[8.5,9.0625,10.625],"rotation":{"angle":0,"axis":"x","origin":[8,9.0625,9.625]},"faces":{"north":{"uv":[10.66667,4,12,5.33333],"texture":"#0"},"east":{"uv":[8,2.66667,10.66667,4],"texture":"#0"},"west":{"uv":[8,4,10.66667,5.33333],"texture":"#0"},"up":{"uv":[6.66667,10.66667,5.33333,8],"texture":"#0"},"down":{"uv":[9.33333,5.33333,8,8],"texture":"#0"}}},{"from":[7.5,8.0625,4.625],"to":[8.5,9.0625,6.625],"rotation":{"angle":0,"axis":"x","origin":[8,9.0625,5.625]},"faces":{"north":{"uv":[9.33333,10.66667,10.66667,12],"texture":"#0"},"east":{"uv":[6.66667,8,9.33333,9.33333],"texture":"#0"},"south":{"uv":[10.66667,9.33333,12,10.66667],"texture":"#0"},"west":{"uv":[9.33333,5.33333,12,6.66667],"texture":"#0"},"up":{"uv":[8,12,6.66667,9.33333],"texture":"#0"},"down":{"uv":[10.66667,6.66667,9.33333,9.33333],"texture":"#0"}}},{"from":[7.75,6.8125,4.75],"to":[8.25,8.0625,5.5],"rotation":{"angle":0,"axis":"x","origin":[7.75,8.0625,5.75]},"faces":{"north":{"uv":[4,12,4.66667,13.66667],"texture":"#0"},"east":{"uv":[12,0,13,1.66667],"texture":"#0"},"south":{"uv":[12,4,12.66667,5.66667],"texture":"#0"},"west":{"uv":[1.33333,12,2.33333,13.66667],"texture":"#0"},"down":{"uv":[12.66667,6.66667,12,7.66667],"texture":"#0"}}},{"from":[7.75,7.3125,5.75],"to":[8.25,8.0625,6.5],"rotation":{"angle":0,"axis":"x","origin":[7.75,8.0625,6.75]},"faces":{"north":{"uv":[12,8,12.66667,9],"texture":"#0"},"east":{"uv":[5.33333,12,6.33333,13],"texture":"#0"},"south":{"uv":[9.33333,12,10,13],"texture":"#0"},"west":{"uv":[6.66667,12,7.66667,13],"texture":"#0"},"down":{"uv":[12.66667,9.33333,12,10.33333],"texture":"#0"}}},{"from":[7.6,8.1625,6.625],"to":[8.4,8.9625,8.625],"rotation":{"angle":0,"axis":"x","origin":[8,9.0625,7.625]},"faces":{"east":{"uv":[10.66667,2.66667,13.33333,3.66667],"texture":"#0"},"west":{"uv":[4,10.66667,6.66667,11.66667],"texture":"#0"},"up":{"uv":[11.66667,9.33333,10.66667,6.66667],"texture":"#0"},"down":{"uv":[9,10.66667,8,13.33333],"texture":"#0"}}}],"gui_light":"front","display":{"thirdperson_righthand":{"rotation":[86.25,0,0],"translation":[0,2.75,-1]},"thirdperson_lefthand":{"rotation":[86.25,0,0],"translation":[0,2.75,-1]},"firstperson_righthand":{"rotation":[52.5,0,-31],"translation":[-4,6.75,4.25]},"firstperson_lefthand":{"rotation":[52.5,0,-31],"translation":[-4,6.75,4.25]},"ground":{"rotation":[45,0,0],"translation":[0,3.25,-1.25],"scale":[1.71094,1.71094,1.71094]},"gui":{"rotation":[-90,135,90],"translation":[-0.5,-1.25,0],"scale":[2.38281,2.38281,2.38281]},"head":{"scale":[1.5,1.5,1.5]},"fixed":{"rotation":[90,-45,90],"translation":[0.5,-1.5,-0.75],"scale":[2.91016,2.91016,2.91016]}}}