{"credit":"MadebyPolygonMC","texture_size":[24,24],"textures":{"1":"bumble:valerie/items/animations/animation_1","3":"bumble:valerie/items/scythe","particle":"bumble:valerie/items/animations/animation_1"},"elements":[{"from":[7.43,-1.32,7.43],"to":[8.57,-0.18,8.57],"rotation":{"angle":-45,"axis":"x","origin":[8,-0.75,8]},"faces":{"north":{"uv":[10,4.66667,10.83333,5.5],"texture":"#3"},"east":{"uv":[6,10,6.83333,10.83333],"texture":"#3"},"south":{"uv":[10,6,10.83333,6.83333],"texture":"#3"},"west":{"uv":[10,7.33333,10.83333,8.16667],"texture":"#3"},"up":{"uv":[10.83333,9.5,10,8.66667],"texture":"#3"},"down":{"uv":[10.83333,10,10,10.83333],"texture":"#3"}}},{"from":[7.5,-0.5,7.5],"to":[8.5,0.5,8.5],"rotation":{"angle":0,"axis":"y","origin":[7.5,-0.5,7.5]},"faces":{"north":{"uv":[5.33333,4.66667,6,5.33333],"texture":"#3"},"east":{"uv":[3.33333,10.66667,4,11.33333],"texture":"#3"},"south":{"uv":[11.33333,6.66667,12,7.33333],"texture":"#3"},"west":{"uv":[11.33333,7.33333,12,8],"texture":"#3"},"up":{"uv":[12,8.66667,11.33333,8],"texture":"#3"},"down":{"uv":[9.33333,11.33333,8.66667,12],"texture":"#3"}}},{"from":[7.5,2.25,7.5],"to":[8.5,3.25,8.5],"rotation":{"angle":0,"axis":"y","origin":[7.5,2.25,7.5]},"faces":{"north":{"uv":[11.33333,8.66667,12,9.33333],"texture":"#3"},"east":{"uv":[11.33333,9.33333,12,10],"texture":"#3"},"south":{"uv":[10,11.33333,10.66667,12],"texture":"#3"},"west":{"uv":[11.33333,10,12,10.66667],"texture":"#3"},"up":{"uv":[11.33333,12,10.66667,11.33333],"texture":"#3"},"down":{"uv":[12,10.66667,11.33333,11.33333],"texture":"#3"}}},{"from":[7.5,5,7.5],"to":[8.5,6,8.5],"rotation":{"angle":0,"axis":"y","origin":[7.5,2.25,7.5]},"faces":{"north":{"uv":[11.33333,11.33333,12,12],"texture":"#3"},"east":{"uv":[0,12,0.66667,12.66667],"texture":"#3"},"south":{"uv":[12,0,12.66667,0.66667],"texture":"#3"},"west":{"uv":[0.66667,12,1.33333,12.66667],"texture":"#3"},"up":{"uv":[12.66667,1.33333,12,0.66667],"texture":"#3"},"down":{"uv":[2,12,1.33333,12.66667],"texture":"#3"}}},{"from":[7.5,15.75,7.5],"to":[8.5,17.75,8.5],"rotation":{"angle":0,"axis":"y","origin":[7.5,0.25,7.5]},"faces":{"north":{"uv":[8.66667,3.33333,9.33333,4.66667],"texture":"#3"},"east":{"uv":[8.66667,4.66667,9.33333,6],"texture":"#3"},"south":{"uv":[6,8.66667,6.66667,10],"texture":"#3"},"west":{"uv":[6.66667,8.66667,7.33333,10],"texture":"#3"},"up":{"uv":[12.66667,2,12,1.33333],"texture":"#3"},"down":{"uv":[2.66667,12,2,12.66667],"texture":"#3"}}},{"from":[7.5,18.25,7.5],"to":[8.5,19.25,8.5],"rotation":{"angle":0,"axis":"y","origin":[7.5,18.25,7.5]},"faces":{"north":{"uv":[12,2,12.66667,2.66667],"texture":"#3"},"east":{"uv":[12,2.66667,12.66667,3.33333],"texture":"#3"},"south":{"uv":[3.33333,12,4,12.66667],"texture":"#3"},"west":{"uv":[12,3.33333,12.66667,4],"texture":"#3"},"up":{"uv":[4.66667,12.66667,4,12],"texture":"#3"},"down":{"uv":[12.66667,4,12,4.66667],"texture":"#3"}}},{"from":[7.5,20,7.5],"to":[8.5,20.5,8.5],"rotation":{"angle":0,"axis":"y","origin":[7.5,20,7.5]},"faces":{"north":{"uv":[12.66667,6.66667,13.33333,7],"texture":"#3"},"east":{"uv":[7.33333,12.66667,8,13],"texture":"#3"},"south":{"uv":[12.66667,7.33333,13.33333,7.66667],"texture":"#3"},"west":{"uv":[8,12.66667,8.66667,13],"texture":"#3"},"up":{"uv":[5.33333,12.66667,4.66667,12],"texture":"#3"},"down":{"uv":[6,12,5.33333,12.66667],"texture":"#3"}}},{"from":[7.25,20.5,7.25],"to":[8.75,21.5,8.75],"rotation":{"angle":0,"axis":"y","origin":[7.5,20.5,7.5]},"faces":{"north":{"uv":[10.66667,0,11.66667,0.66667],"texture":"#3"},"east":{"uv":[10.66667,0.66667,11.66667,1.33333],"texture":"#3"},"south":{"uv":[10.66667,1.33333,11.66667,2],"texture":"#3"},"west":{"uv":[10.66667,2,11.66667,2.66667],"texture":"#3"},"up":{"uv":[9.66667,1.66667,8.66667,0.66667],"texture":"#3"},"down":{"uv":[9.66667,2,8.66667,3],"texture":"#3"}}},{"from":[7.6,0.5,7.6],"to":[8.4,6.75,8.4],"rotation":{"angle":0,"axis":"y","origin":[7.5,0.5,7.5]},"faces":{"north":{"uv":[4,6.66667,4.5,10.83333],"texture":"#3"},"east":{"uv":[4.66667,6.66667,5.16667,10.83333],"texture":"#3"},"south":{"uv":[5.33333,6.66667,5.83333,10.83333],"texture":"#3"},"west":{"uv":[0,7.33333,0.5,11.5],"texture":"#3"},"up":{"uv":[5.16667,13.16667,4.66667,12.66667],"texture":"#3"},"down":{"uv":[5.83333,12.66667,5.33333,13.16667],"texture":"#3"}}},{"from":[7.5,11.25,7.5],"to":[8.5,12.25,8.5],"rotation":{"angle":0,"axis":"y","origin":[7.5,2.25,7.5]},"faces":{"north":{"uv":[12,5.33333,12.66667,6],"texture":"#3"},"east":{"uv":[12,6,12.66667,6.66667],"texture":"#3"},"south":{"uv":[12,6.66667,12.66667,7.33333],"texture":"#3"},"west":{"uv":[7.33333,12,8,12.66667],"texture":"#3"},"up":{"uv":[12.66667,8,12,7.33333],"texture":"#3"},"down":{"uv":[8.66667,12,8,12.66667],"texture":"#3"}}},{"from":[7.5,14,7.5],"to":[8.5,15,8.5],"rotation":{"angle":0,"axis":"y","origin":[7.5,2.25,7.5]},"faces":{"north":{"uv":[12,8,12.66667,8.66667],"texture":"#3"},"east":{"uv":[8.66667,12,9.33333,12.66667],"texture":"#3"},"south":{"uv":[12,8.66667,12.66667,9.33333],"texture":"#3"},"west":{"uv":[9.33333,12,10,12.66667],"texture":"#3"},"up":{"uv":[12.66667,10,12,9.33333],"texture":"#3"},"down":{"uv":[10.66667,12,10,12.66667],"texture":"#3"}}},{"from":[7.6,9.5,7.6],"to":[8.4,15.75,8.4],"rotation":{"angle":0,"axis":"y","origin":[7.5,0.5,7.5]},"faces":{"north":{"uv":[7.33333,0,7.83333,4.16667],"texture":"#3"},"east":{"uv":[0.66667,7.33333,1.16667,11.5],"texture":"#3"},"south":{"uv":[1.33333,7.33333,1.83333,11.5],"texture":"#3"},"west":{"uv":[2,7.33333,2.5,11.5],"texture":"#3"},"up":{"uv":[13.16667,5.83333,12.66667,5.33333],"texture":"#3"},"down":{"uv":[13.16667,6,12.66667,6.5],"texture":"#3"}}},{"from":[7.6,17.75,7.6],"to":[8.4,20,8.4],"rotation":{"angle":0,"axis":"y","origin":[7.5,3.5,7.5]},"faces":{"north":{"uv":[8.66667,9.33333,9.16667,10.83333],"texture":"#3"},"east":{"uv":[9.33333,8.66667,9.83333,10.16667],"texture":"#3"},"south":{"uv":[10,0.66667,10.5,2.16667],"texture":"#3"},"west":{"uv":[10,2.66667,10.5,4.16667],"texture":"#3"}}},{"from":[7.15,21.25,6.5],"to":[8.85,24.25,9.5],"rotation":{"angle":-45,"axis":"x","origin":[8,22.75,8]},"faces":{"north":{"uv":[4,3.33333,5.16667,5.33333],"texture":"#3"},"east":{"uv":[0,3.33333,2,5.33333],"texture":"#3"},"south":{"uv":[0,5.33333,1.16667,7.33333],"texture":"#3"},"west":{"uv":[2,3.33333,4,5.33333],"texture":"#3"},"up":{"uv":[2.5,7.33333,1.33333,5.33333],"texture":"#3"},"down":{"uv":[3.83333,5.33333,2.66667,7.33333],"texture":"#3"}}},{"from":[6.8,21.75,7],"to":[9.2,23.75,9],"rotation":{"angle":-45,"axis":"x","origin":[8,22.75,8]},"faces":{"north":{"uv":[5.33333,3.33333,7,4.66667],"texture":"#3"},"east":{"uv":[2.66667,7.33333,4,8.66667],"texture":"#3"},"south":{"uv":[4,5.33333,5.66667,6.66667],"texture":"#3"},"west":{"uv":[6,7.33333,7.33333,8.66667],"texture":"#3"},"up":{"uv":[7.66667,6,6,4.66667],"texture":"#3"},"down":{"uv":[7.66667,6,6,7.33333],"texture":"#3"}}},{"from":[7.75,19.09462,6.14246],"to":[8.25,20.09462,8.14246],"rotation":{"angle":45,"axis":"x","origin":[8,19.59462,7.14246]},"faces":{"north":{"uv":[12.66667,8,13,8.66667],"texture":"#3"},"east":{"uv":[8.66667,6,10,6.66667],"texture":"#3"},"south":{"uv":[8.66667,12.66667,9,13.33333],"texture":"#3"},"west":{"uv":[8,8.66667,9.33333,9.33333],"texture":"#3"},"up":{"uv":[12.33333,11.33333,12,10],"texture":"#3"},"down":{"uv":[11,12,10.66667,13.33333],"texture":"#3"}}},{"from":[7.755,19.94818,6.0818],"to":[8.245,22.94818,6.7918],"rotation":{"angle":0,"axis":"x","origin":[8.005,20.94818,6.5818]},"faces":{"north":{"uv":[7.33333,10,7.66667,12],"texture":"#3"},"east":{"uv":[2.66667,8.66667,3.16667,10.66667],"texture":"#3"},"south":{"uv":[2.66667,10.66667,3,12.66667],"texture":"#3"},"west":{"uv":[3.33333,8.66667,3.83333,10.66667],"texture":"#3"},"up":{"uv":[13.66667,1.83333,13.33333,1.33333],"texture":"#3"},"down":{"uv":[13.66667,2,13.33333,2.5],"texture":"#3"}}},{"from":[7.76,22.45186,5.90362],"to":[8.24,23.45186,7.15362],"rotation":{"angle":45,"axis":"x","origin":[8,23.00622,4.82663]},"faces":{"north":{"uv":[12.66667,8.66667,13,9.33333],"texture":"#3"},"east":{"uv":[4.66667,11.33333,5.5,12],"texture":"#3"},"south":{"uv":[9.33333,12.66667,9.66667,13.33333],"texture":"#3"},"west":{"uv":[11.33333,4.66667,12.16667,5.33333],"texture":"#3"},"up":{"uv":[2.33333,13.5,2,12.66667],"texture":"#3"},"down":{"uv":[3,12.66667,2.66667,13.5],"texture":"#3"}}},{"from":[7.765,21.79907,4.72661],"to":[8.235,23.04907,5.65161],"rotation":{"angle":-22.5,"axis":"x","origin":[8,23.00622,4.82663]},"faces":{"north":{"uv":[12.66667,2.66667,13,3.5],"texture":"#3"},"east":{"uv":[9.33333,10.66667,10,11.5],"texture":"#3"},"south":{"uv":[3.33333,12.66667,3.66667,13.5],"texture":"#3"},"west":{"uv":[11.33333,5.33333,12,6.16667],"texture":"#3"},"up":{"uv":[13,10,12.66667,9.33333],"texture":"#3"},"down":{"uv":[10.33333,12.66667,10,13.33333],"texture":"#3"}}},{"from":[7.77,23.00753,4.71783],"to":[8.23,24.25753,5.57783],"rotation":{"angle":0,"axis":"x","origin":[8,23.00622,4.82663]},"faces":{"north":{"uv":[4,12.66667,4.33333,13.5],"texture":"#3"},"east":{"uv":[12,12,12.5,12.83333],"texture":"#3"},"south":{"uv":[12.66667,4,13,4.83333],"texture":"#3"},"west":{"uv":[0,12.66667,0.5,13.5],"texture":"#3"},"up":{"uv":[13.66667,3.16667,13.33333,2.66667],"texture":"#3"},"down":{"uv":[13.66667,3.33333,13.33333,3.83333],"texture":"#3"}}},{"from":[7.5,6.75,7.5],"to":[8.5,9.5,8.5],"rotation":{"angle":0,"axis":"y","origin":[7.1,5.5,7.1]},"faces":{"north":{"uv":[8,0.66667,8.66667,2.5],"texture":"#3"},"east":{"uv":[8,2.66667,8.66667,4.5],"texture":"#3"},"south":{"uv":[8,4.66667,8.66667,6.5],"texture":"#3"},"west":{"uv":[7.33333,8,8,9.83333],"texture":"#3"},"up":{"uv":[12,12.66667,11.33333,12],"texture":"#3"},"down":{"uv":[12.66667,11.33333,12,12],"texture":"#3"}}},{"from":[7.77,23.25753,3.21783],"to":[8.23,24.25753,4.71783],"rotation":{"angle":0,"axis":"y","origin":[8,23.00622,4.82663]},"faces":{"north":{"uv":[13.33333,0,13.66667,0.66667],"texture":"#3"},"east":{"uv":[10.66667,4,11.66667,4.66667],"texture":"#3"},"south":{"uv":[13.33333,0.66667,13.66667,1.33333],"texture":"#3"},"west":{"uv":[3.33333,11.33333,4.33333,12],"texture":"#3"},"up":{"uv":[1.66667,13.66667,1.33333,12.66667],"texture":"#3"},"down":{"uv":[13,1.33333,12.66667,2.33333],"texture":"#3"}}},{"from":[7.75,19.09462,7.85754],"to":[8.25,20.09462,9.85754],"rotation":{"angle":-45,"axis":"x","origin":[8,19.59462,8.85754]},"faces":{"north":{"uv":[9,12.66667,8.66667,13.33333],"texture":"#3"},"east":{"uv":[10,6,8.66667,6.66667],"texture":"#3"},"south":{"uv":[13,8,12.66667,8.66667],"texture":"#3"},"west":{"uv":[9.33333,8.66667,8,9.33333],"texture":"#3"},"up":{"uv":[12.33333,10,12,11.33333],"texture":"#3"},"down":{"uv":[11,13.33333,10.66667,12],"texture":"#3"}}},{"from":[7.755,19.94818,9.2082],"to":[8.245,22.94818,9.9182],"rotation":{"angle":0,"axis":"x","origin":[8.005,20.94818,9.4182]},"faces":{"north":{"uv":[3,10.66667,2.66667,12.66667],"texture":"#3"},"east":{"uv":[3.16667,8.66667,2.66667,10.66667],"texture":"#3"},"south":{"uv":[7.66667,10,7.33333,12],"texture":"#3"},"west":{"uv":[3.83333,8.66667,3.33333,10.66667],"texture":"#3"},"up":{"uv":[13.66667,1.33333,13.33333,1.83333],"texture":"#3"},"down":{"uv":[13.66667,2.5,13.33333,2],"texture":"#3"}}},{"from":[7.76,22.45186,8.84638],"to":[8.24,23.45186,10.09638],"rotation":{"angle":-45,"axis":"x","origin":[8,23.00622,11.17337]},"faces":{"north":{"uv":[9.66667,12.66667,9.33333,13.33333],"texture":"#3"},"east":{"uv":[5.5,11.33333,4.66667,12],"texture":"#3"},"south":{"uv":[13,8.66667,12.66667,9.33333],"texture":"#3"},"west":{"uv":[12.16667,4.66667,11.33333,5.33333],"texture":"#3"},"up":{"uv":[2.33333,12.66667,2,13.5],"texture":"#3"},"down":{"uv":[3,13.5,2.66667,12.66667],"texture":"#3"}}},{"from":[7.765,21.79907,10.34839],"to":[8.235,23.04907,11.27339],"rotation":{"angle":22.5,"axis":"x","origin":[8,23.00622,11.17337]},"faces":{"north":{"uv":[3.66667,12.66667,3.33333,13.5],"texture":"#3"},"east":{"uv":[10,10.66667,9.33333,11.5],"texture":"#3"},"south":{"uv":[13,2.66667,12.66667,3.5],"texture":"#3"},"west":{"uv":[12,5.33333,11.33333,6.16667],"texture":"#3"},"up":{"uv":[13,9.33333,12.66667,10],"texture":"#3"},"down":{"uv":[10.33333,13.33333,10,12.66667],"texture":"#3"}}},{"from":[7.77,23.00753,10.42217],"to":[8.23,24.25753,11.28217],"rotation":{"angle":0,"axis":"x","origin":[8,23.00622,11.17337]},"faces":{"north":{"uv":[13,4,12.66667,4.83333],"texture":"#3"},"east":{"uv":[12.5,12,12,12.83333],"texture":"#3"},"south":{"uv":[4.33333,12.66667,4,13.5],"texture":"#3"},"west":{"uv":[0.5,12.66667,0,13.5],"texture":"#3"},"up":{"uv":[13.66667,2.66667,13.33333,3.16667],"texture":"#3"},"down":{"uv":[13.66667,3.83333,13.33333,3.33333],"texture":"#3"}}},{"from":[7.77,23.25753,11.28217],"to":[8.23,24.25753,12.78217],"rotation":{"angle":0,"axis":"y","origin":[8,23.00622,11.17337]},"faces":{"north":{"uv":[13.66667,0.66667,13.33333,1.33333],"texture":"#3"},"east":{"uv":[11.66667,4,10.66667,4.66667],"texture":"#3"},"south":{"uv":[13.66667,0,13.33333,0.66667],"texture":"#3"},"west":{"uv":[4.33333,11.33333,3.33333,12],"texture":"#3"},"up":{"uv":[1.66667,12.66667,1.33333,13.66667],"texture":"#3"},"down":{"uv":[13,2.33333,12.66667,1.33333],"texture":"#3"}}},{"from":[7.775,22.75753,1.56783],"to":[8.225,23.75753,5.06783],"rotation":{"angle":0,"axis":"y","origin":[8.005,23.00622,4.82663]},"faces":{"north":{"uv":[12.66667,10,13,10.66667],"texture":"#3"},"east":{"uv":[7.33333,7.33333,9.66667,8],"texture":"#3"},"south":{"uv":[12.66667,10.66667,13,11.33333],"texture":"#3"},"west":{"uv":[8,0,10.33333,0.66667],"texture":"#3"},"up":{"uv":[9.66667,5.66667,9.33333,3.33333],"texture":"#3"},"down":{"uv":[8.33333,9.33333,8,11.66667],"texture":"#3"}}},{"from":[7.78,22.12589,-0.60762],"to":[8.22,23.12589,1.89238],"rotation":{"angle":-22.5,"axis":"x","origin":[8.005,22.62589,0.14238]},"faces":{"north":{"uv":[11.33333,12.66667,11.66667,13.33333],"texture":"#3"},"east":{"uv":[8,6.66667,9.66667,7.33333],"texture":"#3"},"south":{"uv":[12.66667,11.33333,13,12],"texture":"#3"},"west":{"uv":[8,8,9.66667,8.66667],"texture":"#3"},"up":{"uv":[6.33333,13,6,11.33333],"texture":"#3"},"down":{"uv":[7,11.33333,6.66667,13],"texture":"#3"}}},{"from":[7.785,21.06338,-1.5222],"to":[8.215,22.06338,-0.0222],"rotation":{"angle":-45,"axis":"x","origin":[8.01,21.56338,-1.2722]},"faces":{"north":{"uv":[12.66667,12,13,12.66667],"texture":"#3"},"east":{"uv":[10.66667,2.66667,11.66667,3.33333],"texture":"#3"},"south":{"uv":[12.66667,12.66667,13,13.33333],"texture":"#3"},"west":{"uv":[10.66667,3.33333,11.66667,4],"texture":"#3"},"up":{"uv":[13,1,12.66667,0],"texture":"#3"},"down":{"uv":[1,12.66667,0.66667,13.66667],"texture":"#3"}}},{"from":[7.975,18.75,-3.275],"to":[8.025,23.75,7.725],"rotation":{"angle":0,"axis":"y","origin":[7.975,3,0]},"faces":{"east":{"uv":[7.33333,0,0,3.33333],"texture":"#3"},"west":{"uv":[0,0,7.33333,3.33333],"texture":"#3"}}},{"from":[7,21.75,4.625],"to":[7.05,28.5,11.375],"rotation":{"angle":0,"axis":"y","origin":[7,21.75,4.625]},"faces":{"east":{"uv":[16,0,0,16],"texture":"#1"},"west":{"uv":[0,0,16,16],"texture":"#1"}}},{"from":[8.95,21.75,4.625],"to":[9,28.5,11.375],"rotation":{"angle":0,"axis":"y","origin":[9,21.75,4.625]},"faces":{"east":{"uv":[16,0,0,16],"texture":"#1"},"west":{"uv":[0,0,16,16],"texture":"#1"}}}],"gui_light":"front","display":{"thirdperson_righthand":{"translation":[0,-3.25,0.75]},"thirdperson_lefthand":{"translation":[0,-3.25,0.75]},"firstperson_righthand":{"rotation":[-10,14,0],"translation":[0,0.25,2]},"firstperson_lefthand":{"rotation":[-10,14,0],"translation":[0,0.25,2]},"ground":{"translation":[0,9.5,0]},"gui":{"rotation":[-90,45,90],"translation":[3.25,-2.5,0],"scale":[0.69141,0.69141,0.69141]},"head":{"scale":[1.5,1.5,1.5],"rotation":[0,90,0]},"fixed":{"rotation":[90,-90,90],"translation":[0,-7.25,-2],"scale":[2,2,2]}}}