{"credit":"MadebyPolygonMC","texture_size":[24,24],"textures":{"1":"bumble:valerie/items/animations/animation_1","2":"bumble:valerie/items/shovel","particle":"bumble:valerie/items/shovel"},"elements":[{"from":[7.43,-1.32,7.43],"to":[8.57,-0.18,8.57],"rotation":{"angle":-45,"axis":"x","origin":[8,-0.75,8]},"faces":{"north":{"uv":[9.33333,10,10.16667,10.83333],"texture":"#2"},"east":{"uv":[10.66667,0.66667,11.5,1.5],"texture":"#2"},"south":{"uv":[10.66667,2,11.5,2.83333],"texture":"#2"},"west":{"uv":[10.66667,3.33333,11.5,4.16667],"texture":"#2"},"up":{"uv":[11.5,5.5,10.66667,4.66667],"texture":"#2"},"down":{"uv":[11.5,6,10.66667,6.83333],"texture":"#2"}}},{"from":[7.5,-0.5,7.5],"to":[8.5,0.5,8.5],"rotation":{"angle":0,"axis":"y","origin":[7.5,-0.5,7.5]},"faces":{"north":{"uv":[2.66667,7.33333,3.33333,8],"texture":"#2"},"east":{"uv":[8,5.33333,8.66667,6],"texture":"#2"},"south":{"uv":[12,0.66667,12.66667,1.33333],"texture":"#2"},"west":{"uv":[12,1.33333,12.66667,2],"texture":"#2"},"up":{"uv":[12.66667,2.66667,12,2],"texture":"#2"},"down":{"uv":[12.66667,2.66667,12,3.33333],"texture":"#2"}}},{"from":[7.5,2.25,7.5],"to":[8.5,3.25,8.5],"rotation":{"angle":0,"axis":"y","origin":[7.5,2.25,7.5]},"faces":{"north":{"uv":[3.33333,12,4,12.66667],"texture":"#2"},"east":{"uv":[12,3.33333,12.66667,4],"texture":"#2"},"south":{"uv":[4,12,4.66667,12.66667],"texture":"#2"},"west":{"uv":[12,4,12.66667,4.66667],"texture":"#2"},"up":{"uv":[5.33333,12.66667,4.66667,12],"texture":"#2"},"down":{"uv":[12.66667,4.66667,12,5.33333],"texture":"#2"}}},{"from":[7.5,5,7.5],"to":[8.5,6,8.5],"rotation":{"angle":0,"axis":"y","origin":[7.5,2.25,7.5]},"faces":{"north":{"uv":[5.33333,12,6,12.66667],"texture":"#2"},"east":{"uv":[12,5.33333,12.66667,6],"texture":"#2"},"south":{"uv":[6,12,6.66667,12.66667],"texture":"#2"},"west":{"uv":[12,6,12.66667,6.66667],"texture":"#2"},"up":{"uv":[12.66667,7.33333,12,6.66667],"texture":"#2"},"down":{"uv":[8,12,7.33333,12.66667],"texture":"#2"}}},{"from":[7.5,11.25,7.5],"to":[8.5,12.25,8.5],"rotation":{"angle":0,"axis":"y","origin":[7.5,11.25,7.5]},"faces":{"north":{"uv":[12,7.33333,12.66667,8],"texture":"#2"},"east":{"uv":[8,12,8.66667,12.66667],"texture":"#2"},"south":{"uv":[12,8,12.66667,8.66667],"texture":"#2"},"west":{"uv":[8.66667,12,9.33333,12.66667],"texture":"#2"},"up":{"uv":[12.66667,9.33333,12,8.66667],"texture":"#2"},"down":{"uv":[10,12,9.33333,12.66667],"texture":"#2"}}},{"from":[7.5,13,7.5],"to":[8.5,13.5,8.5],"rotation":{"angle":0,"axis":"y","origin":[7.5,13,7.5]},"faces":{"north":{"uv":[12.66667,9.33333,13.33333,9.66667],"texture":"#2"},"east":{"uv":[10,12.66667,10.66667,13],"texture":"#2"},"south":{"uv":[12.66667,10,13.33333,10.33333],"texture":"#2"},"west":{"uv":[10.66667,12.66667,11.33333,13],"texture":"#2"},"up":{"uv":[12.66667,10.66667,12,10],"texture":"#2"},"down":{"uv":[12.66667,10.66667,12,11.33333],"texture":"#2"}}},{"from":[7.25,13.5,7.25],"to":[8.75,14.5,8.75],"rotation":{"angle":0,"axis":"y","origin":[7.5,13.5,7.5]},"faces":{"north":{"uv":[6.66667,10.66667,7.66667,11.33333],"texture":"#2"},"east":{"uv":[10.66667,7.33333,11.66667,8],"texture":"#2"},"south":{"uv":[10.66667,8,11.66667,8.66667],"texture":"#2"},"west":{"uv":[10.66667,8.66667,11.66667,9.33333],"texture":"#2"},"up":{"uv":[9.66667,3.66667,8.66667,2.66667],"texture":"#2"},"down":{"uv":[7.66667,9.33333,6.66667,10.33333],"texture":"#2"}}},{"from":[7.6,0.5,7.6],"to":[8.4,6.75,8.4],"rotation":{"angle":0,"axis":"y","origin":[7.5,0.5,7.5]},"faces":{"north":{"uv":[0,9.33333,0.5,13.5],"texture":"#2"},"east":{"uv":[0.66667,9.33333,1.16667,13.5],"texture":"#2"},"south":{"uv":[1.33333,9.33333,1.83333,13.5],"texture":"#2"},"west":{"uv":[2,9.33333,2.5,13.5],"texture":"#2"},"up":{"uv":[13.16667,8.5,12.66667,8],"texture":"#2"},"down":{"uv":[9.16667,12.66667,8.66667,13.16667],"texture":"#2"}}},{"from":[7.6,10.75,7.6],"to":[8.4,13,8.4],"rotation":{"angle":0,"axis":"y","origin":[7.5,-3.5,7.5]},"faces":{"north":{"uv":[3.33333,10,3.83333,11.5],"texture":"#2"},"east":{"uv":[10,3.33333,10.5,4.83333],"texture":"#2"},"south":{"uv":[10,5.33333,10.5,6.83333],"texture":"#2"},"west":{"uv":[10,7.33333,10.5,8.83333],"texture":"#2"}}},{"from":[6.8,14.75,7],"to":[9.2,16.75,9],"rotation":{"angle":-45,"axis":"x","origin":[8,15.75,8]},"faces":{"north":{"uv":[4,8,5.66667,9.33333],"texture":"#2"},"east":{"uv":[8.66667,0,10,1.33333],"texture":"#2"},"south":{"uv":[8,4,9.66667,5.33333],"texture":"#2"},"west":{"uv":[8.66667,1.33333,10,2.66667],"texture":"#2"},"up":{"uv":[7.66667,9.33333,6,8],"texture":"#2"},"down":{"uv":[9.66667,8,8,9.33333],"texture":"#2"}}},{"from":[7.75,12.09462,6.14246],"to":[8.25,13.09462,8.14246],"rotation":{"angle":45,"axis":"x","origin":[8,12.59462,7.14246]},"faces":{"north":{"uv":[12.66667,10.66667,13,11.33333],"texture":"#2"},"east":{"uv":[9.33333,9.33333,10.66667,10],"texture":"#2"},"south":{"uv":[11.33333,12.66667,11.66667,13.33333],"texture":"#2"},"west":{"uv":[10,0,11.33333,0.66667],"texture":"#2"},"up":{"uv":[12.33333,12.66667,12,11.33333],"texture":"#2"},"down":{"uv":[13,0,12.66667,1.33333],"texture":"#2"}}},{"from":[7.755,12.94818,6.0818],"to":[8.245,15.94818,6.7918],"rotation":{"angle":0,"axis":"x","origin":[8.005,13.94818,6.5818]},"faces":{"north":{"uv":[10.66667,9.33333,11,11.33333],"texture":"#2"},"east":{"uv":[8,9.33333,8.5,11.33333],"texture":"#2"},"south":{"uv":[6.66667,11.33333,7,13.33333],"texture":"#2"},"west":{"uv":[8.66667,9.33333,9.16667,11.33333],"texture":"#2"},"up":{"uv":[13.66667,1.83333,13.33333,1.33333],"texture":"#2"},"down":{"uv":[13.66667,2,13.33333,2.5],"texture":"#2"}}},{"from":[7.76,15.45186,5.90362],"to":[8.24,16.45186,7.15362],"rotation":{"angle":45,"axis":"x","origin":[8,16.00622,4.82663]},"faces":{"north":{"uv":[12.66667,11.33333,13,12],"texture":"#2"},"east":{"uv":[8.66667,11.33333,9.5,12],"texture":"#2"},"south":{"uv":[12,12.66667,12.33333,13.33333],"texture":"#2"},"west":{"uv":[11.33333,9.33333,12.16667,10],"texture":"#2"},"up":{"uv":[5.66667,13.5,5.33333,12.66667],"texture":"#2"},"down":{"uv":[13,5.33333,12.66667,6.16667],"texture":"#2"}}},{"from":[7.765,14.79907,4.72661],"to":[8.235,16.04907,5.65161],"rotation":{"angle":-22.5,"axis":"x","origin":[8,16.00622,4.82663]},"faces":{"north":{"uv":[6,12.66667,6.33333,13.5],"texture":"#2"},"east":{"uv":[10,11.33333,10.66667,12.16667],"texture":"#2"},"south":{"uv":[12.66667,6.66667,13,7.5],"texture":"#2"},"west":{"uv":[11.33333,10,12,10.83333],"texture":"#2"},"up":{"uv":[13,12.66667,12.66667,12],"texture":"#2"},"down":{"uv":[13,12.66667,12.66667,13.33333],"texture":"#2"}}},{"from":[7.77,16.00753,4.71783],"to":[8.23,17.25753,5.57783],"rotation":{"angle":0,"axis":"x","origin":[8,16.00622,4.82663]},"faces":{"north":{"uv":[7.33333,12.66667,7.66667,13.5],"texture":"#2"},"east":{"uv":[2.66667,12.66667,3.16667,13.5],"texture":"#2"},"south":{"uv":[8,12.66667,8.33333,13.5],"texture":"#2"},"west":{"uv":[12.66667,2.66667,13.16667,3.5],"texture":"#2"},"up":{"uv":[13.66667,3.16667,13.33333,2.66667],"texture":"#2"},"down":{"uv":[13.66667,3.33333,13.33333,3.83333],"texture":"#2"}}},{"from":[7.77,16.25753,3.21783],"to":[8.23,17.25753,4.71783],"rotation":{"angle":0,"axis":"x","origin":[8,16.00622,4.82663]},"faces":{"north":{"uv":[13.33333,0,13.66667,0.66667],"texture":"#2"},"east":{"uv":[11.33333,0,12.33333,0.66667],"texture":"#2"},"south":{"uv":[13.33333,0.66667,13.66667,1.33333],"texture":"#2"},"west":{"uv":[7.33333,11.33333,8.33333,12],"texture":"#2"},"up":{"uv":[3.66667,13.66667,3.33333,12.66667],"texture":"#2"},"down":{"uv":[4.33333,12.66667,4,13.66667],"texture":"#2"}}},{"from":[7.75,12.09462,7.85754],"to":[8.25,13.09462,9.85754],"rotation":{"angle":-45,"axis":"x","origin":[8,12.59462,8.85754]},"faces":{"north":{"uv":[11.66667,12.66667,11.33333,13.33333],"texture":"#2"},"east":{"uv":[10.66667,9.33333,9.33333,10],"texture":"#2"},"south":{"uv":[13,10.66667,12.66667,11.33333],"texture":"#2"},"west":{"uv":[11.33333,0,10,0.66667],"texture":"#2"},"up":{"uv":[12.33333,11.33333,12,12.66667],"texture":"#2"},"down":{"uv":[13,1.33333,12.66667,0],"texture":"#2"}}},{"from":[7.755,12.94818,9.2082],"to":[8.245,15.94818,9.9182],"rotation":{"angle":0,"axis":"x","origin":[8.005,13.94818,9.4182]},"faces":{"north":{"uv":[7,11.33333,6.66667,13.33333],"texture":"#2"},"east":{"uv":[8.5,9.33333,8,11.33333],"texture":"#2"},"south":{"uv":[11,9.33333,10.66667,11.33333],"texture":"#2"},"west":{"uv":[9.16667,9.33333,8.66667,11.33333],"texture":"#2"},"up":{"uv":[13.66667,1.33333,13.33333,1.83333],"texture":"#2"},"down":{"uv":[13.66667,2.5,13.33333,2],"texture":"#2"}}},{"from":[7.76,15.45186,8.84638],"to":[8.24,16.45186,10.09638],"rotation":{"angle":-45,"axis":"x","origin":[8,16.00622,11.17337]},"faces":{"north":{"uv":[12.33333,12.66667,12,13.33333],"texture":"#2"},"east":{"uv":[9.5,11.33333,8.66667,12],"texture":"#2"},"south":{"uv":[13,11.33333,12.66667,12],"texture":"#2"},"west":{"uv":[12.16667,9.33333,11.33333,10],"texture":"#2"},"up":{"uv":[5.66667,12.66667,5.33333,13.5],"texture":"#2"},"down":{"uv":[13,6.16667,12.66667,5.33333],"texture":"#2"}}},{"from":[7.765,14.79907,10.34839],"to":[8.235,16.04907,11.27339],"rotation":{"angle":22.5,"axis":"x","origin":[8,16.00622,11.17337]},"faces":{"north":{"uv":[13,6.66667,12.66667,7.5],"texture":"#2"},"east":{"uv":[10.66667,11.33333,10,12.16667],"texture":"#2"},"south":{"uv":[6.33333,12.66667,6,13.5],"texture":"#2"},"west":{"uv":[12,10,11.33333,10.83333],"texture":"#2"},"up":{"uv":[13,12,12.66667,12.66667],"texture":"#2"},"down":{"uv":[13,13.33333,12.66667,12.66667],"texture":"#2"}}},{"from":[7.77,16.00753,10.42217],"to":[8.23,17.25753,11.28217],"rotation":{"angle":0,"axis":"x","origin":[8,16.00622,11.17337]},"faces":{"north":{"uv":[8.33333,12.66667,8,13.5],"texture":"#2"},"east":{"uv":[3.16667,12.66667,2.66667,13.5],"texture":"#2"},"south":{"uv":[7.66667,12.66667,7.33333,13.5],"texture":"#2"},"west":{"uv":[13.16667,2.66667,12.66667,3.5],"texture":"#2"},"up":{"uv":[13.66667,2.66667,13.33333,3.16667],"texture":"#2"},"down":{"uv":[13.66667,3.83333,13.33333,3.33333],"texture":"#2"}}},{"from":[7.77,16.25753,11.28217],"to":[8.23,17.25753,12.78217],"rotation":{"angle":0,"axis":"x","origin":[8,16.00622,11.17337]},"faces":{"north":{"uv":[13.66667,0.66667,13.33333,1.33333],"texture":"#2"},"east":{"uv":[12.33333,0,11.33333,0.66667],"texture":"#2"},"south":{"uv":[13.66667,0,13.33333,0.66667],"texture":"#2"},"west":{"uv":[8.33333,11.33333,7.33333,12],"texture":"#2"},"up":{"uv":[3.66667,12.66667,3.33333,13.66667],"texture":"#2"},"down":{"uv":[4.33333,13.66667,4,12.66667],"texture":"#2"}}},{"from":[7.775,17.0091,4.96678],"to":[8.225,18.5091,5.76678],"rotation":{"angle":22.5,"axis":"x","origin":[8.005,17.7591,5.46678]},"faces":{"north":{"uv":[12.66667,4,13,5],"texture":"#2"},"east":{"uv":[10.66667,11.33333,11.16667,12.33333],"texture":"#2"},"south":{"uv":[4.66667,12.66667,5,13.66667],"texture":"#2"},"west":{"uv":[11.33333,11.33333,11.83333,12.33333],"texture":"#2"},"up":{"uv":[13.66667,4.5,13.33333,4],"texture":"#2"},"down":{"uv":[13.66667,4.66667,13.33333,5.16667],"texture":"#2"}}},{"from":[7.785,21.38772,5.7161],"to":[8.215,22.13772,6.4411],"rotation":{"angle":45,"axis":"x","origin":[8.01,22.13772,6.0411]},"faces":{"north":{"uv":[6.66667,13.33333,7,13.83333],"texture":"#2"},"east":{"uv":[12.66667,8.66667,13.16667,9.16667],"texture":"#2"},"south":{"uv":[13.33333,6.66667,13.66667,7.16667],"texture":"#2"},"west":{"uv":[9.33333,12.66667,9.83333,13.16667],"texture":"#2"},"up":{"uv":[13.66667,7.83333,13.33333,7.33333],"texture":"#2"},"down":{"uv":[13.66667,8,13.33333,8.5],"texture":"#2"}}},{"from":[7.78,18.3372,5.28096],"to":[8.22,21.8372,6.03096],"rotation":{"angle":0,"axis":"x","origin":[8.005,19.0872,5.63096]},"faces":{"north":{"uv":[10,0.66667,10.33333,3],"texture":"#2"},"east":{"uv":[9.33333,5.33333,9.83333,7.66667],"texture":"#2"},"south":{"uv":[2.66667,10,3,12.33333],"texture":"#2"},"west":{"uv":[6,9.33333,6.5,11.66667],"texture":"#2"},"up":{"uv":[13.66667,5.83333,13.33333,5.33333],"texture":"#2"},"down":{"uv":[13.66667,6,13.33333,6.5],"texture":"#2"}}},{"from":[7.785,21.38772,9.5589],"to":[8.215,22.13772,10.2839],"rotation":{"angle":-45,"axis":"x","origin":[8.01,22.13772,9.9589]},"faces":{"north":{"uv":[13.66667,6.66667,13.33333,7.16667],"texture":"#2"},"east":{"uv":[13.16667,8.66667,12.66667,9.16667],"texture":"#2"},"south":{"uv":[7,13.33333,6.66667,13.83333],"texture":"#2"},"west":{"uv":[9.83333,12.66667,9.33333,13.16667],"texture":"#2"},"up":{"uv":[13.66667,7.33333,13.33333,7.83333],"texture":"#2"},"down":{"uv":[13.66667,8.5,13.33333,8],"texture":"#2"}}},{"from":[7.78,18.3372,9.96904],"to":[8.22,21.8372,10.71904],"rotation":{"angle":0,"axis":"x","origin":[8.005,19.0872,10.36904]},"faces":{"north":{"uv":[3,10,2.66667,12.33333],"texture":"#2"},"east":{"uv":[9.83333,5.33333,9.33333,7.66667],"texture":"#2"},"south":{"uv":[10.33333,0.66667,10,3],"texture":"#2"},"west":{"uv":[6.5,9.33333,6,11.66667],"texture":"#2"},"up":{"uv":[13.66667,5.33333,13.33333,5.83333],"texture":"#2"},"down":{"uv":[13.66667,6.5,13.33333,6],"texture":"#2"}}},{"from":[7.775,17.0091,10.23322],"to":[8.225,18.5091,11.03322],"rotation":{"angle":-22.5,"axis":"x","origin":[8.005,17.7591,10.53322]},"faces":{"north":{"uv":[5,12.66667,4.66667,13.66667],"texture":"#2"},"east":{"uv":[11.16667,11.33333,10.66667,12.33333],"texture":"#2"},"south":{"uv":[13,4,12.66667,5],"texture":"#2"},"west":{"uv":[11.83333,11.33333,11.33333,12.33333],"texture":"#2"},"up":{"uv":[13.66667,4,13.33333,4.5],"texture":"#2"},"down":{"uv":[13.66667,5.16667,13.33333,4.66667],"texture":"#2"}}},{"from":[7.5,6.75,7.5],"to":[8.5,10.75,8.5],"rotation":{"angle":0,"axis":"y","origin":[7.1,5.5,7.1]},"faces":{"north":{"uv":[8.66667,5.33333,9.33333,8],"texture":"#2"},"east":{"uv":[8.66667,5.33333,9.33333,8],"texture":"#2"},"south":{"uv":[8.66667,5.33333,9.33333,8],"texture":"#2"},"west":{"uv":[8.66667,5.33333,9.33333,8],"texture":"#2"},"up":{"uv":[13.33333,2,12.66667,1.33333],"texture":"#2"},"down":{"uv":[13.33333,2,12.66667,2.66667],"texture":"#2"}}},{"from":[7.15,14.25,6.5],"to":[8.85,17.25,9.5],"rotation":{"angle":-45,"axis":"x","origin":[8,15.75,8]},"faces":{"north":{"uv":[1.33333,7.33333,2.5,9.33333],"texture":"#2"},"east":{"uv":[5.33333,0,7.33333,2],"texture":"#2"},"south":{"uv":[7.33333,2,8.5,4],"texture":"#2"},"west":{"uv":[5.33333,2,7.33333,4],"texture":"#2"},"up":{"uv":[8.5,8,7.33333,6],"texture":"#2"},"down":{"uv":[3.83333,8,2.66667,10],"texture":"#2"}}},{"from":[7.975,15.35,5.5],"to":[8.025,22.85,10.5],"rotation":{"angle":0,"axis":"y","origin":[7.975,7,5.5]},"faces":{"east":{"uv":[3.33333,0,0,5],"texture":"#2"},"west":{"uv":[0,0,3.33333,5],"texture":"#2"}}},{"from":[7,14.5,4.625],"to":[7.05,21.25,11.375],"rotation":{"angle":0,"axis":"y","origin":[7,14.5,4.625]},"faces":{"east":{"uv":[16,0,0,16],"texture":"#1"},"west":{"uv":[0,0,16,16],"texture":"#1"}}},{"from":[8.95,14.5,4.625],"to":[9,21.25,11.375],"rotation":{"angle":0,"axis":"y","origin":[9,14.5,4.625]},"faces":{"east":{"uv":[16,0,0,16],"texture":"#1"},"west":{"uv":[0,0,16,16],"texture":"#1"}}}],"gui_light":"front","display":{"thirdperson_righthand":{"translation":[0,3,0.75]},"thirdperson_lefthand":{"translation":[0,3,0.75]},"firstperson_righthand":{"rotation":[-10,0,0],"translation":[0,-0.25,0]},"firstperson_lefthand":{"rotation":[-10,0,0],"translation":[0,-0.25,0]},"ground":{"translation":[0,9.5,0]},"gui":{"rotation":[90,-45,90],"translation":[2,-2,0],"scale":[0.69141,0.69141,0.69141]},"head":{"scale":[1.5,1.5,1.5],"rotation":[0,90,0]},"fixed":{"rotation":[90,-90,90],"translation":[0,-5,-2],"scale":[2,2,2]}}}