{"credit":"MadebyPolygonMC","texture_size":[24,24],"textures":{"1":"bumble:valerie/items/animations/animation_1","2":"bumble:valerie/items/staff","particle":"bumble:valerie/items/animations/animation_1"},"elements":[{"from":[7.43,-1.32,7.43],"to":[8.57,-0.18,8.57],"rotation":{"angle":-45,"axis":"x","origin":[8,-0.75,8]},"faces":{"north":{"uv":[6,11.33333,6.83333,12.16667],"texture":"#2"},"east":{"uv":[11.33333,7.33333,12.16667,8.16667],"texture":"#2"},"south":{"uv":[8.66667,11.33333,9.5,12.16667],"texture":"#2"},"west":{"uv":[10,11.33333,10.83333,12.16667],"texture":"#2"},"up":{"uv":[12.16667,10.83333,11.33333,10],"texture":"#2"},"down":{"uv":[12.16667,11.33333,11.33333,12.16667],"texture":"#2"}}},{"from":[7.5,-0.5,7.5],"to":[8.5,0.5,8.5],"rotation":{"angle":0,"axis":"y","origin":[7.5,-0.5,7.5]},"faces":{"north":{"uv":[12,9.33333,12.66667,10],"texture":"#2"},"east":{"uv":[0,12.66667,0.66667,13.33333],"texture":"#2"},"south":{"uv":[0.66667,12.66667,1.33333,13.33333],"texture":"#2"},"west":{"uv":[1.33333,12.66667,2,13.33333],"texture":"#2"},"up":{"uv":[13.33333,2,12.66667,1.33333],"texture":"#2"},"down":{"uv":[2.66667,12.66667,2,13.33333],"texture":"#2"}}},{"from":[7.5,2.25,7.5],"to":[8.5,3.25,8.5],"rotation":{"angle":0,"axis":"y","origin":[7.5,2.25,7.5]},"faces":{"north":{"uv":[12.66667,2,13.33333,2.66667],"texture":"#2"},"east":{"uv":[12.66667,2.66667,13.33333,3.33333],"texture":"#2"},"south":{"uv":[6,12.66667,6.66667,13.33333],"texture":"#2"},"west":{"uv":[12.66667,6,13.33333,6.66667],"texture":"#2"},"up":{"uv":[7.33333,13.33333,6.66667,12.66667],"texture":"#2"},"down":{"uv":[13.33333,6.66667,12.66667,7.33333],"texture":"#2"}}},{"from":[7.5,5,7.5],"to":[8.5,6,8.5],"rotation":{"angle":0,"axis":"y","origin":[7.5,2.25,7.5]},"faces":{"north":{"uv":[12.66667,7.33333,13.33333,8],"texture":"#2"},"east":{"uv":[8,12.66667,8.66667,13.33333],"texture":"#2"},"south":{"uv":[12.66667,8,13.33333,8.66667],"texture":"#2"},"west":{"uv":[8.66667,12.66667,9.33333,13.33333],"texture":"#2"},"up":{"uv":[13.33333,9.33333,12.66667,8.66667],"texture":"#2"},"down":{"uv":[10,12.66667,9.33333,13.33333],"texture":"#2"}}},{"from":[7.5,15.75,7.5],"to":[8.5,17.75,8.5],"rotation":{"angle":0,"axis":"y","origin":[7.5,0.25,7.5]},"faces":{"north":{"uv":[4.66667,10.66667,5.33333,12],"texture":"#2"},"east":{"uv":[10.66667,5.33333,11.33333,6.66667],"texture":"#2"},"south":{"uv":[10.66667,6.66667,11.33333,8],"texture":"#2"},"west":{"uv":[10.66667,8,11.33333,9.33333],"texture":"#2"},"up":{"uv":[13.33333,10,12.66667,9.33333],"texture":"#2"},"down":{"uv":[10.66667,12.66667,10,13.33333],"texture":"#2"}}},{"from":[7.5,18.25,7.5],"to":[8.5,19.25,8.5],"rotation":{"angle":0,"axis":"y","origin":[7.5,18.25,7.5]},"faces":{"north":{"uv":[12.66667,10,13.33333,10.66667],"texture":"#2"},"east":{"uv":[10.66667,12.66667,11.33333,13.33333],"texture":"#2"},"south":{"uv":[12.66667,10.66667,13.33333,11.33333],"texture":"#2"},"west":{"uv":[11.33333,12.66667,12,13.33333],"texture":"#2"},"up":{"uv":[13.33333,12,12.66667,11.33333],"texture":"#2"},"down":{"uv":[12.66667,12.66667,12,13.33333],"texture":"#2"}}},{"from":[7.5,20,7.5],"to":[8.5,20.5,8.5],"rotation":{"angle":0,"axis":"y","origin":[7.5,20,7.5]},"faces":{"north":{"uv":[1.33333,14,2,14.33333],"texture":"#2"},"east":{"uv":[14,1.33333,14.66667,1.66667],"texture":"#2"},"south":{"uv":[2,14,2.66667,14.33333],"texture":"#2"},"west":{"uv":[14,2,14.66667,2.33333],"texture":"#2"},"up":{"uv":[13.33333,12.66667,12.66667,12],"texture":"#2"},"down":{"uv":[13.33333,12.66667,12.66667,13.33333],"texture":"#2"}}},{"from":[7.25,20.5,7.25],"to":[8.75,21.5,8.75],"rotation":{"angle":0,"axis":"y","origin":[7.5,20.5,7.5]},"faces":{"north":{"uv":[11.33333,8.66667,12.33333,9.33333],"texture":"#2"},"east":{"uv":[0,12,1,12.66667],"texture":"#2"},"south":{"uv":[12,0,13,0.66667],"texture":"#2"},"west":{"uv":[12,0.66667,13,1.33333],"texture":"#2"},"up":{"uv":[11,11,10,10],"texture":"#2"},"down":{"uv":[11.66667,0,10.66667,1],"texture":"#2"}}},{"from":[7.6,0.5,7.6],"to":[8.4,6.75,8.4],"rotation":{"angle":0,"axis":"y","origin":[7.5,0.5,7.5]},"faces":{"north":{"uv":[1.33333,8,1.83333,12.16667],"texture":"#2"},"east":{"uv":[2,8,2.5,12.16667],"texture":"#2"},"south":{"uv":[8,3.33333,8.5,7.5],"texture":"#2"},"west":{"uv":[8,8,8.5,12.16667],"texture":"#2"},"up":{"uv":[0.5,14.5,0,14],"texture":"#2"},"down":{"uv":[14.5,0,14,0.5],"texture":"#2"}}},{"from":[7.5,11.25,7.5],"to":[8.5,12.25,8.5],"rotation":{"angle":0,"axis":"y","origin":[7.5,2.25,7.5]},"faces":{"north":{"uv":[0,13.33333,0.66667,14],"texture":"#2"},"east":{"uv":[13.33333,0,14,0.66667],"texture":"#2"},"south":{"uv":[0.66667,13.33333,1.33333,14],"texture":"#2"},"west":{"uv":[13.33333,0.66667,14,1.33333],"texture":"#2"},"up":{"uv":[2,14,1.33333,13.33333],"texture":"#2"},"down":{"uv":[14,1.33333,13.33333,2],"texture":"#2"}}},{"from":[7.5,14,7.5],"to":[8.5,15,8.5],"rotation":{"angle":0,"axis":"y","origin":[7.5,2.25,7.5]},"faces":{"north":{"uv":[2,13.33333,2.66667,14],"texture":"#2"},"east":{"uv":[13.33333,2,14,2.66667],"texture":"#2"},"south":{"uv":[2.66667,13.33333,3.33333,14],"texture":"#2"},"west":{"uv":[13.33333,2.66667,14,3.33333],"texture":"#2"},"up":{"uv":[4,14,3.33333,13.33333],"texture":"#2"},"down":{"uv":[14,3.33333,13.33333,4],"texture":"#2"}}},{"from":[7.6,9.5,7.6],"to":[8.4,15.75,8.4],"rotation":{"angle":0,"axis":"y","origin":[7.5,0.5,7.5]},"faces":{"north":{"uv":[2.66667,8.66667,3.16667,12.83333],"texture":"#2"},"east":{"uv":[3.33333,8.66667,3.83333,12.83333],"texture":"#2"},"south":{"uv":[8.66667,3.33333,9.16667,7.5],"texture":"#2"},"west":{"uv":[4,8.66667,4.5,12.83333],"texture":"#2"},"up":{"uv":[1.16667,14.5,0.66667,14],"texture":"#2"},"down":{"uv":[14.5,0.66667,14,1.16667],"texture":"#2"}}},{"from":[7.6,17.75,7.6],"to":[8.4,20,8.4],"rotation":{"angle":0,"axis":"y","origin":[7.5,3.5,7.5]},"faces":{"north":{"uv":[11.33333,1.33333,11.83333,2.83333],"texture":"#2"},"east":{"uv":[11.33333,3.33333,11.83333,4.83333],"texture":"#2"},"south":{"uv":[5.33333,11.33333,5.83333,12.83333],"texture":"#2"},"west":{"uv":[11.33333,5.33333,11.83333,6.83333],"texture":"#2"}}},{"from":[7.75,19.09462,6.14246],"to":[8.25,20.09462,8.14246],"rotation":{"angle":45,"axis":"x","origin":[8,19.59462,7.14246]},"faces":{"north":{"uv":[2.66667,14,3,14.66667],"texture":"#2"},"east":{"uv":[10.66667,9.33333,12,10],"texture":"#2"},"south":{"uv":[14,2.66667,14.33333,3.33333],"texture":"#2"},"west":{"uv":[0,11.33333,1.33333,12],"texture":"#2"},"up":{"uv":[4.33333,14.66667,4,13.33333],"texture":"#2"},"down":{"uv":[13.66667,4,13.33333,5.33333],"texture":"#2"}}},{"from":[7.755,19.94818,6.0818],"to":[8.245,22.94818,6.7918],"rotation":{"angle":0,"axis":"x","origin":[8.005,20.94818,6.5818]},"faces":{"north":{"uv":[7.33333,11.33333,7.66667,13.33333],"texture":"#2"},"east":{"uv":[10.66667,1.33333,11.16667,3.33333],"texture":"#2"},"south":{"uv":[12,1.33333,12.33333,3.33333],"texture":"#2"},"west":{"uv":[10.66667,3.33333,11.16667,5.33333],"texture":"#2"},"up":{"uv":[14.33333,5.83333,14,5.33333],"texture":"#2"},"down":{"uv":[6.33333,14,6,14.5],"texture":"#2"}}},{"from":[7.76,22.45186,5.90362],"to":[8.24,23.45186,7.15362],"rotation":{"angle":45,"axis":"x","origin":[8,23.00622,4.82663]},"faces":{"north":{"uv":[3.33333,14,3.66667,14.66667],"texture":"#2"},"east":{"uv":[12,4.66667,12.83333,5.33333],"texture":"#2"},"south":{"uv":[14,3.33333,14.33333,4],"texture":"#2"},"west":{"uv":[12,5.33333,12.83333,6],"texture":"#2"},"up":{"uv":[11,14.16667,10.66667,13.33333],"texture":"#2"},"down":{"uv":[11.66667,13.33333,11.33333,14.16667],"texture":"#2"}}},{"from":[7.765,21.79907,4.72661],"to":[8.235,23.04907,5.65161],"rotation":{"angle":-22.5,"axis":"x","origin":[8,23.00622,4.82663]},"faces":{"north":{"uv":[13.33333,11.33333,13.66667,12.16667],"texture":"#2"},"east":{"uv":[4.66667,12,5.33333,12.83333],"texture":"#2"},"south":{"uv":[12,13.33333,12.33333,14.16667],"texture":"#2"},"west":{"uv":[12,6,12.66667,6.83333],"texture":"#2"},"up":{"uv":[14.33333,4.66667,14,4],"texture":"#2"},"down":{"uv":[5,14,4.66667,14.66667],"texture":"#2"}}},{"from":[7.77,23.00753,4.71783],"to":[8.23,24.25753,5.57783],"rotation":{"angle":0,"axis":"x","origin":[8,23.00622,4.82663]},"faces":{"north":{"uv":[12.66667,13.33333,13,14.16667],"texture":"#2"},"east":{"uv":[13.33333,8.66667,13.83333,9.5],"texture":"#2"},"south":{"uv":[13.33333,12.66667,13.66667,13.5],"texture":"#2"},"west":{"uv":[9.33333,13.33333,9.83333,14.16667],"texture":"#2"},"up":{"uv":[14.33333,6.5,14,6],"texture":"#2"},"down":{"uv":[7,14,6.66667,14.5],"texture":"#2"}}},{"from":[7.5,6.75,7.5],"to":[8.5,9.5,8.5],"rotation":{"angle":0,"axis":"y","origin":[7.1,5.5,7.1]},"faces":{"north":{"uv":[9.33333,9.33333,10,11.16667],"texture":"#2"},"east":{"uv":[10,4,10.66667,5.83333],"texture":"#2"},"south":{"uv":[10,6,10.66667,7.83333],"texture":"#2"},"west":{"uv":[10,8,10.66667,9.83333],"texture":"#2"},"up":{"uv":[5.33333,14,4.66667,13.33333],"texture":"#2"},"down":{"uv":[6,13.33333,5.33333,14],"texture":"#2"}}},{"from":[7.77,23.25753,3.21783],"to":[8.23,24.25753,4.71783],"rotation":{"angle":0,"axis":"y","origin":[8,23.00622,4.82663]},"faces":{"north":{"uv":[14,4.66667,14.33333,5.33333],"texture":"#2"},"east":{"uv":[12,3.33333,13,4],"texture":"#2"},"south":{"uv":[5.33333,14,5.66667,14.66667],"texture":"#2"},"west":{"uv":[12,4,13,4.66667],"texture":"#2"},"up":{"uv":[10.33333,14.33333,10,13.33333],"texture":"#2"},"down":{"uv":[13.66667,10,13.33333,11],"texture":"#2"}}},{"from":[7.75,19.09462,7.85754],"to":[8.25,20.09462,9.85754],"rotation":{"angle":-45,"axis":"x","origin":[8,19.59462,8.85754]},"faces":{"north":{"uv":[14.33333,2.66667,14,3.33333],"texture":"#2"},"east":{"uv":[12,9.33333,10.66667,10],"texture":"#2"},"south":{"uv":[3,14,2.66667,14.66667],"texture":"#2"},"west":{"uv":[1.33333,11.33333,0,12],"texture":"#2"},"up":{"uv":[4.33333,13.33333,4,14.66667],"texture":"#2"},"down":{"uv":[13.66667,5.33333,13.33333,4],"texture":"#2"}}},{"from":[7.755,19.94818,9.2082],"to":[8.245,22.94818,9.9182],"rotation":{"angle":0,"axis":"x","origin":[8.005,20.94818,9.4182]},"faces":{"north":{"uv":[12.33333,1.33333,12,3.33333],"texture":"#2"},"east":{"uv":[11.16667,1.33333,10.66667,3.33333],"texture":"#2"},"south":{"uv":[7.66667,11.33333,7.33333,13.33333],"texture":"#2"},"west":{"uv":[11.16667,3.33333,10.66667,5.33333],"texture":"#2"},"up":{"uv":[14.33333,5.33333,14,5.83333],"texture":"#2"},"down":{"uv":[6.33333,14.5,6,14],"texture":"#2"}}},{"from":[7.76,22.45186,8.84638],"to":[8.24,23.45186,10.09638],"rotation":{"angle":-45,"axis":"x","origin":[8,23.00622,11.17337]},"faces":{"north":{"uv":[14.33333,3.33333,14,4],"texture":"#2"},"east":{"uv":[12.83333,4.66667,12,5.33333],"texture":"#2"},"south":{"uv":[3.66667,14,3.33333,14.66667],"texture":"#2"},"west":{"uv":[12.83333,5.33333,12,6],"texture":"#2"},"up":{"uv":[11,13.33333,10.66667,14.16667],"texture":"#2"},"down":{"uv":[11.66667,14.16667,11.33333,13.33333],"texture":"#2"}}},{"from":[7.765,21.79907,10.34839],"to":[8.235,23.04907,11.27339],"rotation":{"angle":22.5,"axis":"x","origin":[8,23.00622,11.17337]},"faces":{"north":{"uv":[12.33333,13.33333,12,14.16667],"texture":"#2"},"east":{"uv":[5.33333,12,4.66667,12.83333],"texture":"#2"},"south":{"uv":[13.66667,11.33333,13.33333,12.16667],"texture":"#2"},"west":{"uv":[12.66667,6,12,6.83333],"texture":"#2"},"up":{"uv":[14.33333,4,14,4.66667],"texture":"#2"},"down":{"uv":[5,14.66667,4.66667,14],"texture":"#2"}}},{"from":[7.77,23.00753,10.42217],"to":[8.23,24.25753,11.28217],"rotation":{"angle":0,"axis":"x","origin":[8,23.00622,11.17337]},"faces":{"north":{"uv":[13.66667,12.66667,13.33333,13.5],"texture":"#2"},"east":{"uv":[13.83333,8.66667,13.33333,9.5],"texture":"#2"},"south":{"uv":[13,13.33333,12.66667,14.16667],"texture":"#2"},"west":{"uv":[9.83333,13.33333,9.33333,14.16667],"texture":"#2"},"up":{"uv":[14.33333,6,14,6.5],"texture":"#2"},"down":{"uv":[7,14.5,6.66667,14],"texture":"#2"}}},{"from":[7.77,23.25753,11.28217],"to":[8.23,24.25753,12.78217],"rotation":{"angle":0,"axis":"y","origin":[8,23.00622,11.17337]},"faces":{"north":{"uv":[5.66667,14,5.33333,14.66667],"texture":"#2"},"east":{"uv":[13,3.33333,12,4],"texture":"#2"},"south":{"uv":[14.33333,4.66667,14,5.33333],"texture":"#2"},"west":{"uv":[13,4,12,4.66667],"texture":"#2"},"up":{"uv":[10.33333,13.33333,10,14.33333],"texture":"#2"},"down":{"uv":[13.66667,11,13.33333,10],"texture":"#2"}}},{"from":[7.86544,19.09789,7.75],"to":[9.86544,20.09789,8.25],"rotation":{"angle":-45,"axis":"z","origin":[8,21.67607,8]},"faces":{"north":{"uv":[1.33333,11.33333,0,12],"texture":"#2"},"east":{"uv":[14.33333,2.66667,14,3.33333],"texture":"#2"},"south":{"uv":[12,9.33333,10.66667,10],"texture":"#2"},"west":{"uv":[3,14,2.66667,14.66667],"texture":"#2"},"up":{"uv":[4.33333,13.33333,4,14.66667],"rotation":90,"texture":"#2"},"down":{"uv":[13.66667,5.33333,13.33333,4],"rotation":270,"texture":"#2"}}},{"from":[6.0818,19.94818,7.755],"to":[6.7918,22.94818,8.245],"rotation":{"angle":0,"axis":"x","origin":[8,21.67607,8]},"faces":{"north":{"uv":[11.16667,3.33333,10.66667,5.33333],"texture":"#2"},"east":{"uv":[12.33333,1.33333,12,3.33333],"texture":"#2"},"south":{"uv":[11.16667,1.33333,10.66667,3.33333],"texture":"#2"},"west":{"uv":[7.66667,11.33333,7.33333,13.33333],"texture":"#2"},"up":{"uv":[14.33333,5.33333,14,5.83333],"rotation":90,"texture":"#2"},"down":{"uv":[6.33333,14.5,6,14],"rotation":270,"texture":"#2"}}},{"from":[5.89252,19.81836,7.76],"to":[7.14252,20.81836,8.24],"rotation":{"angle":-45,"axis":"z","origin":[8,21.67607,8]},"faces":{"north":{"uv":[12.83333,5.33333,12,6],"texture":"#2"},"east":{"uv":[14.33333,3.33333,14,4],"texture":"#2"},"south":{"uv":[12.83333,4.66667,12,5.33333],"texture":"#2"},"west":{"uv":[3.66667,14,3.33333,14.66667],"texture":"#2"},"up":{"uv":[11,13.33333,10.66667,14.16667],"rotation":90,"texture":"#2"},"down":{"uv":[11.66667,14.16667,11.33333,13.33333],"rotation":270,"texture":"#2"}}},{"from":[5.47719,22.91221,7.765],"to":[6.40219,24.16221,8.235],"rotation":{"angle":22.5,"axis":"z","origin":[8,21.67607,8]},"faces":{"north":{"uv":[12.66667,6,12,6.83333],"texture":"#2"},"east":{"uv":[12.33333,13.33333,12,14.16667],"texture":"#2"},"south":{"uv":[5.33333,12,4.66667,12.83333],"texture":"#2"},"west":{"uv":[13.66667,11.33333,13.33333,12.16667],"texture":"#2"},"up":{"uv":[14.33333,4,14,4.66667],"rotation":90,"texture":"#2"},"down":{"uv":[5,14.66667,4.66667,14],"rotation":270,"texture":"#2"}}},{"from":[4.71783,23.00753,7.77],"to":[5.57783,24.25753,8.23],"rotation":{"angle":0,"axis":"x","origin":[8,21.67607,8]},"faces":{"north":{"uv":[9.83333,13.33333,9.33333,14.16667],"texture":"#2"},"east":{"uv":[13.66667,12.66667,13.33333,13.5],"texture":"#2"},"south":{"uv":[13.83333,8.66667,13.33333,9.5],"texture":"#2"},"west":{"uv":[13,13.33333,12.66667,14.16667],"texture":"#2"},"up":{"uv":[14.33333,6,14,6.5],"rotation":90,"texture":"#2"},"down":{"uv":[7,14.5,6.66667,14],"rotation":270,"texture":"#2"}}},{"from":[3.21783,23.25753,7.77],"to":[4.71783,24.25753,8.23],"rotation":{"angle":0,"axis":"y","origin":[8,21.67607,8]},"faces":{"north":{"uv":[13,4,12,4.66667],"texture":"#2"},"east":{"uv":[5.66667,14,5.33333,14.66667],"texture":"#2"},"south":{"uv":[13,3.33333,12,4],"texture":"#2"},"west":{"uv":[14.33333,4.66667,14,5.33333],"texture":"#2"},"up":{"uv":[10.33333,13.33333,10,14.33333],"rotation":90,"texture":"#2"},"down":{"uv":[13.66667,11,13.33333,10],"rotation":270,"texture":"#2"}}},{"from":[9.2082,19.94818,7.755],"to":[9.9182,22.94818,8.245],"rotation":{"angle":0,"axis":"x","origin":[8,21.67607,8]},"faces":{"north":{"uv":[10.66667,3.33333,11.16667,5.33333],"texture":"#2"},"east":{"uv":[7.33333,11.33333,7.66667,13.33333],"texture":"#2"},"south":{"uv":[10.66667,1.33333,11.16667,3.33333],"texture":"#2"},"west":{"uv":[12,1.33333,12.33333,3.33333],"texture":"#2"},"up":{"uv":[14.33333,5.83333,14,5.33333],"rotation":90,"texture":"#2"},"down":{"uv":[6.33333,14,6,14.5],"rotation":270,"texture":"#2"}}},{"from":[6.13456,19.09789,7.75],"to":[8.13456,20.09789,8.25],"rotation":{"angle":45,"axis":"z","origin":[8,21.67607,8]},"faces":{"north":{"uv":[0,11.33333,1.33333,12],"texture":"#2"},"east":{"uv":[2.66667,14,3,14.66667],"texture":"#2"},"south":{"uv":[10.66667,9.33333,12,10],"texture":"#2"},"west":{"uv":[14,2.66667,14.33333,3.33333],"texture":"#2"},"up":{"uv":[4.33333,14.66667,4,13.33333],"rotation":90,"texture":"#2"},"down":{"uv":[13.66667,4,13.33333,5.33333],"rotation":270,"texture":"#2"}}},{"from":[8.85748,19.81836,7.76],"to":[10.10748,20.81836,8.24],"rotation":{"angle":45,"axis":"z","origin":[8,21.67607,8]},"faces":{"north":{"uv":[12,5.33333,12.83333,6],"texture":"#2"},"east":{"uv":[3.33333,14,3.66667,14.66667],"texture":"#2"},"south":{"uv":[12,4.66667,12.83333,5.33333],"texture":"#2"},"west":{"uv":[14,3.33333,14.33333,4],"texture":"#2"},"up":{"uv":[11,14.16667,10.66667,13.33333],"rotation":90,"texture":"#2"},"down":{"uv":[11.66667,13.33333,11.33333,14.16667],"rotation":270,"texture":"#2"}}},{"from":[9.59781,22.91221,7.765],"to":[10.52281,24.16221,8.235],"rotation":{"angle":-22.5,"axis":"z","origin":[8,21.67607,8]},"faces":{"north":{"uv":[12,6,12.66667,6.83333],"texture":"#2"},"east":{"uv":[13.33333,11.33333,13.66667,12.16667],"texture":"#2"},"south":{"uv":[4.66667,12,5.33333,12.83333],"texture":"#2"},"west":{"uv":[12,13.33333,12.33333,14.16667],"texture":"#2"},"up":{"uv":[14.33333,4.66667,14,4],"rotation":90,"texture":"#2"},"down":{"uv":[5,14,4.66667,14.66667],"rotation":270,"texture":"#2"}}},{"from":[10.42217,23.00753,7.77],"to":[11.28217,24.25753,8.23],"rotation":{"angle":0,"axis":"x","origin":[8,21.67607,8]},"faces":{"north":{"uv":[9.33333,13.33333,9.83333,14.16667],"texture":"#2"},"east":{"uv":[12.66667,13.33333,13,14.16667],"texture":"#2"},"south":{"uv":[13.33333,8.66667,13.83333,9.5],"texture":"#2"},"west":{"uv":[13.33333,12.66667,13.66667,13.5],"texture":"#2"},"up":{"uv":[14.33333,6.5,14,6],"rotation":90,"texture":"#2"},"down":{"uv":[7,14,6.66667,14.5],"rotation":270,"texture":"#2"}}},{"from":[11.28217,23.25753,7.77],"to":[12.78217,24.25753,8.23],"rotation":{"angle":0,"axis":"y","origin":[8,21.67607,8]},"faces":{"north":{"uv":[12,4,13,4.66667],"texture":"#2"},"east":{"uv":[14,4.66667,14.33333,5.33333],"texture":"#2"},"south":{"uv":[12,3.33333,13,4],"texture":"#2"},"west":{"uv":[5.33333,14,5.66667,14.66667],"texture":"#2"},"up":{"uv":[10.33333,14.33333,10,13.33333],"rotation":90,"texture":"#2"},"down":{"uv":[13.66667,10,13.33333,11],"rotation":270,"texture":"#2"}}},{"from":[2.99779,25.15,9.28284],"to":[9.74779,31.9,9.33284],"rotation":{"angle":-45,"axis":"y","origin":[6.37279,28.525,9.78284]},"faces":{"north":{"uv":[16,0,0,16],"texture":"#1"},"south":{"uv":[0,0,16,16],"texture":"#1"}}},{"from":[8.26547,24.45,2.8042],"to":[8.31547,31.2,9.5542],"rotation":{"angle":-45,"axis":"y","origin":[8.29047,27.825,6.1792]},"faces":{"east":{"uv":[16,0,0,16],"texture":"#1"},"west":{"uv":[0,0,16,16],"texture":"#1"}}},{"from":[6.08011,24.95,7.77552],"to":[12.83011,31.7,7.82552],"rotation":{"angle":-45,"axis":"y","origin":[9.45511,28.325,7.80052]},"faces":{"north":{"uv":[0,0,16,16],"texture":"#1"},"south":{"uv":[16,0,0,16],"texture":"#1"}}},{"from":[6.34,21.34,6.34],"to":[9.66,24.66,9.66],"rotation":{"angle":-45,"axis":"x","origin":[8,23,8]},"faces":{"north":{"uv":[2.66667,2.66667,4.83333,4.83333],"texture":"#2"},"east":{"uv":[2.66667,2.66667,4.83333,4.83333],"texture":"#2"},"south":{"uv":[2.66667,2.66667,4.83333,4.83333],"texture":"#2"},"west":{"uv":[2.66667,2.66667,4.83333,4.83333],"texture":"#2"},"up":{"uv":[2.66667,2.66667,4.83333,4.83333],"texture":"#2"},"down":{"uv":[2.66667,2.66667,4.83333,4.83333],"texture":"#2"}}},{"from":[7.075,24,7],"to":[9.075,29,9],"rotation":{"angle":0,"axis":"y","origin":[-1.3,5.25,8]},"faces":{"north":{"uv":[6.66667,6,5.33333,9.33333],"texture":"#2"},"east":{"uv":[5.33333,2.66667,6.66667,6],"texture":"#2"},"south":{"uv":[6.66667,2.66667,5.33333,6],"texture":"#2"},"west":{"uv":[5.33333,6,6.66667,9.33333],"texture":"#2"},"up":{"uv":[10,9.33333,8.66667,8],"texture":"#2"},"down":{"uv":[10.66667,0,9.33333,1.33333],"texture":"#2"}}},{"from":[8.075,26,8],"to":[10.075,31,10],"rotation":{"angle":0,"axis":"y","origin":[0.45,10.75,9]},"faces":{"north":{"uv":[6.66667,6,5.33333,2.66667],"texture":"#2"},"east":{"uv":[5.33333,9.33333,6.66667,6],"texture":"#2"},"south":{"uv":[6.66667,9.33333,5.33333,6],"texture":"#2"},"west":{"uv":[5.33333,6,6.66667,2.66667],"texture":"#2"},"up":{"uv":[10.66667,1.33333,9.33333,0],"rotation":180,"texture":"#2"},"down":{"uv":[10,8,8.66667,9.33333],"rotation":180,"texture":"#2"}}},{"from":[7.825,23,5.75],"to":[8.825,26,6.75],"rotation":{"angle":-22.5,"axis":"x","origin":[8.075,26,7]},"faces":{"north":{"uv":[6.66667,9.33333,6,11.33333],"texture":"#2"},"east":{"uv":[6,9.33333,6.66667,11.33333],"texture":"#2"},"south":{"uv":[6.66667,9.33333,6,11.33333],"texture":"#2"},"west":{"uv":[6,9.33333,6.66667,11.33333],"texture":"#2"},"up":{"uv":[14,6,13.33333,5.33333],"texture":"#2"},"down":{"uv":[6.66667,13.33333,6,14],"texture":"#2"}}},{"from":[6.1,25.1,7.475],"to":[7.1,26.1,8.475],"rotation":{"angle":22.5,"axis":"z","origin":[8.075,26,7]},"faces":{"north":{"uv":[8,13.33333,8.66667,14],"texture":"#2"},"east":{"uv":[8.66667,13.33333,8,14],"texture":"#2"},"south":{"uv":[8,13.33333,8.66667,14],"texture":"#2"},"west":{"uv":[8.66667,13.33333,8,14],"texture":"#2"},"up":{"uv":[14,8.66667,13.33333,8],"rotation":270,"texture":"#2"},"down":{"uv":[9.33333,13.33333,8.66667,14],"rotation":90,"texture":"#2"}}},{"from":[6.375,23.75,8.5],"to":[7.375,26.75,9.5],"rotation":{"angle":22.5,"axis":"x","origin":[6.325,25.25,9]},"faces":{"north":{"uv":[9.33333,9.33333,8.66667,11.33333],"texture":"#2"},"east":{"uv":[8.66667,9.33333,9.33333,11.33333],"texture":"#2"},"south":{"uv":[9.33333,9.33333,8.66667,11.33333],"texture":"#2"},"west":{"uv":[8.66667,9.33333,9.33333,11.33333],"texture":"#2"},"up":{"uv":[14,6.66667,13.33333,6],"texture":"#2"},"down":{"uv":[7.33333,13.33333,6.66667,14],"texture":"#2"}}}],"gui_light":"front","display":{"thirdperson_righthand":{"translation":[0,-3.25,0.75]},"thirdperson_lefthand":{"translation":[0,-3.25,0.75]},"firstperson_righthand":{"rotation":[-10,14,0],"translation":[0,-5.25,2]},"firstperson_lefthand":{"rotation":[-10,14,0],"translation":[0,-5.25,2]},"ground":{"translation":[0,9.5,0]},"gui":{"rotation":[-90,45,90],"translation":[3.25,-3.25,0],"scale":[0.69141,0.69141,0.69141]},"head":{"scale":[1.5,1.5,1.5],"rotation":[0,90,0]},"fixed":{"rotation":[90,-90,90],"translation":[0,-7.25,-2],"scale":[2,2,2]}}}