{"credit":"Made with Blockbench","texture_size":[128,128],"textures":{"0":"elitecreatures:scarecrow_animated_weapon_set/scarecrow_texture","1":"elitecreatures:scarecrow_animated_weapon_set/scarecrow_animation_01","2":"elitecreatures:scarecrow_animated_weapon_set/scarecrow_animation_02","5":"elitecreatures:scarecrow_animated_weapon_set/scarecrow_animation_03","particle":"elitecreatures:scarecrow_animated_weapon_set/scarecrow_texture"},"elements":[{"from":[7.25,-9.1,7],"to":[8.75,-1.1,9],"rotation":{"angle":0,"axis":"y","origin":[-0.2,-4,16.5]},"faces":{"north":{"uv":[7.25,1,7.4375,2],"texture":"#0"},"east":{"uv":[7,1,7.25,2],"texture":"#0"},"south":{"uv":[7.25,1,7.4375,2],"texture":"#0"},"west":{"uv":[7,1,7.25,2],"texture":"#0"},"up":{"uv":[7,1,6.8125,1.25],"texture":"#0"},"down":{"uv":[7,1,6.8125,1.25],"texture":"#0"}}},{"from":[7,-8.7,6.75],"to":[9,-1.7,9.25],"rotation":{"angle":0,"axis":"y","origin":[0,-1,-2.5]},"faces":{"north":{"uv":[5.6875,2,5.9375,2.875],"texture":"#0"},"east":{"uv":[5.375,2,5.6875,2.875],"texture":"#0"},"south":{"uv":[5.6875,2,5.9375,2.875],"texture":"#0"},"west":{"uv":[5.375,2,5.6875,2.875],"texture":"#0"},"up":{"uv":[5.9375,2,6.1875,2.3125],"texture":"#0"},"down":{"uv":[5.9375,2,6.1875,2.3125],"texture":"#0"}}},{"from":[7,-1.7,6.75],"to":[7,-0.2,9.25],"rotation":{"angle":22.5,"axis":"z","origin":[7,-1.7,8]},"faces":{"north":{"uv":[5.6875,2,5.9375,2.875],"texture":"#0"},"east":{"uv":[6.6875,1.8125,6.375,2],"texture":"#0"},"south":{"uv":[5.6875,2,5.9375,2.875],"texture":"#0"},"west":{"uv":[6.375,1.8125,6.6875,2],"texture":"#0"},"up":{"uv":[5.9375,2,6.1875,2.3125],"texture":"#0"},"down":{"uv":[5.9375,2,6.1875,2.3125],"texture":"#0"}}},{"from":[9,-1.7,6.75],"to":[9,-0.2,9.25],"rotation":{"angle":-22.5,"axis":"z","origin":[9,-1.7,8]},"faces":{"north":{"uv":[5.9375,2,5.6875,2.875],"texture":"#0"},"east":{"uv":[6.6875,1.8125,6.375,2],"texture":"#0"},"south":{"uv":[5.9375,2,5.6875,2.875],"texture":"#0"},"west":{"uv":[6.375,1.8125,6.6875,2],"texture":"#0"},"up":{"uv":[6.1875,2,5.9375,2.3125],"texture":"#0"},"down":{"uv":[6.1875,2,5.9375,2.3125],"texture":"#0"}}},{"from":[7,-10.2,6.75],"to":[7,-8.7,9.25],"rotation":{"angle":-22.5,"axis":"z","origin":[7,-8.7,8]},"faces":{"north":{"uv":[5.6875,2.875,5.9375,2],"texture":"#0"},"east":{"uv":[6.6875,2,6.375,1.8125],"texture":"#0"},"south":{"uv":[5.6875,2.875,5.9375,2],"texture":"#0"},"west":{"uv":[6.375,2,6.6875,1.8125],"texture":"#0"},"up":{"uv":[5.9375,2.3125,6.1875,2],"texture":"#0"},"down":{"uv":[5.9375,2.3125,6.1875,2],"texture":"#0"}}},{"from":[9,-10.2,6.75],"to":[9,-8.7,9.25],"rotation":{"angle":22.5,"axis":"z","origin":[9,-8.7,8]},"faces":{"north":{"uv":[5.9375,2.875,5.6875,2],"texture":"#0"},"east":{"uv":[6.6875,2,6.375,1.8125],"texture":"#0"},"south":{"uv":[5.9375,2.875,5.6875,2],"texture":"#0"},"west":{"uv":[6.375,2,6.6875,1.8125],"texture":"#0"},"up":{"uv":[6.1875,2.3125,5.9375,2],"texture":"#0"},"down":{"uv":[6.1875,2.3125,5.9375,2],"texture":"#0"}}},{"from":[7,-1.7,6.8],"to":[9,-0.2,6.8],"rotation":{"angle":-22.5,"axis":"x","origin":[7.7,-1.7,6.8]},"faces":{"north":{"uv":[6.375,1.8125,6.625,2],"texture":"#0"},"east":{"uv":[5.6875,2,5.6875,2.1875],"texture":"#0"},"south":{"uv":[6.625,1.8125,6.375,2],"texture":"#0"},"west":{"uv":[5.6875,2,5.6875,2.1875],"texture":"#0"},"up":{"uv":[5.9375,2,5.9375,2.25],"rotation":90,"texture":"#0"},"down":{"uv":[5.9375,2,5.9375,2.25],"rotation":270,"texture":"#0"}}},{"from":[7,-1.7,9.2],"to":[9,-0.2,9.2],"rotation":{"angle":22.5,"axis":"x","origin":[7.7,-1.7,9.2]},"faces":{"north":{"uv":[6.375,1.8125,6.625,2],"texture":"#0"},"east":{"uv":[5.6875,2,5.6875,2.1875],"texture":"#0"},"south":{"uv":[6.625,1.8125,6.375,2],"texture":"#0"},"west":{"uv":[5.6875,2,5.6875,2.1875],"texture":"#0"},"up":{"uv":[5.9375,2,5.9375,2.25],"rotation":90,"texture":"#0"},"down":{"uv":[5.9375,2,5.9375,2.25],"rotation":270,"texture":"#0"}}},{"from":[7,-10.1,9.2],"to":[9,-8.6,9.2],"rotation":{"angle":-22.5,"axis":"x","origin":[7.7,-8.6,9.2]},"faces":{"north":{"uv":[6.375,2,6.625,1.8125],"texture":"#0"},"east":{"uv":[5.6875,2.1875,5.6875,2],"texture":"#0"},"south":{"uv":[6.625,2,6.375,1.8125],"texture":"#0"},"west":{"uv":[5.6875,2.1875,5.6875,2],"texture":"#0"},"up":{"uv":[5.9375,2,5.9375,2.25],"rotation":270,"texture":"#0"},"down":{"uv":[5.9375,2,5.9375,2.25],"rotation":90,"texture":"#0"}}},{"from":[7,-10.1,6.8],"to":[9,-8.6,6.8],"rotation":{"angle":22.5,"axis":"x","origin":[7.7,-8.6,6.8]},"faces":{"north":{"uv":[6.375,2,6.625,1.8125],"texture":"#0"},"east":{"uv":[5.6875,2.1875,5.6875,2],"texture":"#0"},"south":{"uv":[6.625,2,6.375,1.8125],"texture":"#0"},"west":{"uv":[5.6875,2.1875,5.6875,2],"texture":"#0"},"up":{"uv":[5.9375,2,5.9375,2.25],"rotation":270,"texture":"#0"},"down":{"uv":[5.9375,2,5.9375,2.25],"rotation":90,"texture":"#0"}}},{"from":[7.25,-14.1,7],"to":[7.25,-9.1,9],"rotation":{"angle":0,"axis":"y","origin":[4.5,12,4.5]},"faces":{"north":{"uv":[0,4,0,4.625],"texture":"#0"},"east":{"uv":[1.5,0.1875,1.25,0.8125],"texture":"#0"},"south":{"uv":[0,4,0,4.625],"texture":"#0"},"west":{"uv":[0.3125,0.1875,0.5625,0.8125],"texture":"#0"},"up":{"uv":[0,5,0,5.25],"texture":"#0"},"down":{"uv":[0,5,0,5.25],"texture":"#0"}}},{"from":[8.75,-14.1,7],"to":[8.75,-9.1,9],"rotation":{"angle":0,"axis":"y","origin":[11.5,12,4.5]},"faces":{"north":{"uv":[0,4,0,4.625],"texture":"#0"},"east":{"uv":[0.5625,0.1875,0.3125,0.8125],"texture":"#0"},"south":{"uv":[0,4,0,4.625],"texture":"#0"},"west":{"uv":[1.25,0.1875,1.5,0.8125],"texture":"#0"},"up":{"uv":[0,5,0,5.25],"texture":"#0"},"down":{"uv":[0,5,0,5.25],"texture":"#0"}}},{"from":[7.25,-14.1,7],"to":[8.75,-9.1,7],"rotation":{"angle":0,"axis":"y","origin":[4.5,12,4.5]},"faces":{"north":{"uv":[0.8125,1.375,1,0.75],"texture":"#0"},"east":{"uv":[0,4,0,4.625],"texture":"#0"},"south":{"uv":[2.125,1.375,1.9375,0.75],"texture":"#0"},"west":{"uv":[0,4,0,4.625],"texture":"#0"},"up":{"uv":[0,5,0,5.1875],"rotation":90,"texture":"#0"},"down":{"uv":[0,5,0,5.1875],"rotation":270,"texture":"#0"}}},{"from":[7.25,-14.1,9],"to":[8.75,-9.1,9],"rotation":{"angle":0,"axis":"y","origin":[4.5,12,6.5]},"faces":{"north":{"uv":[1.9375,1.375,2.125,0.75],"texture":"#0"},"east":{"uv":[0,4,0,4.625],"texture":"#0"},"south":{"uv":[1,1.375,0.8125,0.75],"texture":"#0"},"west":{"uv":[0,4,0,4.625],"texture":"#0"},"up":{"uv":[0,5,0,5.1875],"rotation":90,"texture":"#0"},"down":{"uv":[0,5,0,5.1875],"rotation":270,"texture":"#0"}}},{"from":[8,-15.9,6.6],"to":[8,-11.9,9.6],"rotation":{"angle":0,"axis":"y","origin":[3.4,17.1,4.5]},"faces":{"north":{"uv":[0,0,0,8],"rotation":180,"texture":"#1"},"east":{"uv":[0,0,6,8],"rotation":180,"texture":"#1"},"south":{"uv":[0,0,0,8],"rotation":180,"texture":"#1"},"west":{"uv":[6,0,0,8],"rotation":180,"texture":"#1"},"up":{"uv":[0,0,0,6],"rotation":180,"texture":"#1"},"down":{"uv":[0,6,0,0],"rotation":180,"texture":"#1"}}},{"from":[7.25,-1.1,7],"to":[8.75,0.9,9],"rotation":{"angle":0,"axis":"y","origin":[-0.2,-4,16.5]},"faces":{"north":{"uv":[7.25,1,7.4375,1.25],"texture":"#0"},"east":{"uv":[7,1,7.25,1.25],"texture":"#0"},"south":{"uv":[7.25,1,7.4375,1.25],"texture":"#0"},"west":{"uv":[7,1,7.25,1.25],"texture":"#0"},"up":{"uv":[7,1,6.8125,1.25],"texture":"#0"},"down":{"uv":[7,1,6.8125,1.25],"texture":"#0"}}},{"from":[7.25,3.9,7],"to":[8.75,6.9,9],"rotation":{"angle":0,"axis":"y","origin":[-0.2,-4,16.5]},"faces":{"north":{"uv":[7.25,1,7.4375,1.375],"texture":"#0"},"east":{"uv":[7,1,7.25,1.375],"texture":"#0"},"south":{"uv":[7.25,1,7.4375,1.375],"texture":"#0"},"west":{"uv":[7,1,7.25,1.375],"texture":"#0"},"up":{"uv":[7,1,6.8125,1.25],"texture":"#0"},"down":{"uv":[7,1,6.8125,1.25],"texture":"#0"}}},{"from":[7,1.73074,11.6928],"to":[9,1.73074,13.1928],"rotation":{"angle":22.5,"axis":"x","origin":[8,1.5,8]},"faces":{"north":{"uv":[5.9375,2,5.9375,2.25],"rotation":90,"texture":"#0"},"east":{"uv":[5.6875,2,5.6875,2.1875],"rotation":270,"texture":"#0"},"south":{"uv":[5.9375,2,5.9375,2.25],"rotation":90,"texture":"#0"},"west":{"uv":[5.6875,2,5.6875,2.1875],"rotation":90,"texture":"#0"},"up":{"uv":[6.375,1.8125,6.625,2],"rotation":180,"texture":"#0"},"down":{"uv":[6.625,1.8125,6.375,2],"texture":"#0"}}},{"from":[8.41551,0.25,11.61626],"to":[8.41551,2.75,13.11626],"rotation":{"angle":-22.5,"axis":"y","origin":[8,1.5,8]},"faces":{"north":{"uv":[5.9375,2,6.1875,2.3125],"rotation":180,"texture":"#0"},"east":{"uv":[6.6875,1.8125,6.375,2],"rotation":270,"texture":"#0"},"south":{"uv":[5.9375,2,6.1875,2.3125],"texture":"#0"},"west":{"uv":[6.375,1.8125,6.6875,2],"rotation":90,"texture":"#0"},"up":{"uv":[5.6875,2,5.9375,2.875],"rotation":180,"texture":"#0"},"down":{"uv":[5.6875,2,5.9375,2.875],"texture":"#0"}}},{"from":[7,1.26926,11.6928],"to":[9,1.26926,13.1928],"rotation":{"angle":-22.5,"axis":"x","origin":[8,1.5,8]},"faces":{"north":{"uv":[5.9375,2,5.9375,2.25],"rotation":90,"texture":"#0"},"east":{"uv":[5.6875,2,5.6875,2.1875],"rotation":270,"texture":"#0"},"south":{"uv":[5.9375,2,5.9375,2.25],"rotation":90,"texture":"#0"},"west":{"uv":[5.6875,2,5.6875,2.1875],"rotation":90,"texture":"#0"},"up":{"uv":[6.375,1.8125,6.625,2],"rotation":180,"texture":"#0"},"down":{"uv":[6.625,1.8125,6.375,2],"texture":"#0"}}},{"from":[7.58449,0.25,11.61626],"to":[7.58449,2.75,13.11626],"rotation":{"angle":22.5,"axis":"y","origin":[8,1.5,8]},"faces":{"north":{"uv":[6.1875,2,5.9375,2.3125],"rotation":180,"texture":"#0"},"east":{"uv":[6.6875,1.8125,6.375,2],"rotation":270,"texture":"#0"},"south":{"uv":[6.1875,2,5.9375,2.3125],"texture":"#0"},"west":{"uv":[6.375,1.8125,6.6875,2],"rotation":90,"texture":"#0"},"up":{"uv":[5.9375,2,5.6875,2.875],"rotation":180,"texture":"#0"},"down":{"uv":[5.9375,2,5.6875,2.875],"texture":"#0"}}},{"from":[7.58449,0.25,2.88374],"to":[7.58449,2.75,4.38374],"rotation":{"angle":-22.5,"axis":"y","origin":[8,1.5,8]},"faces":{"north":{"uv":[6.1875,2.3125,5.9375,2],"rotation":180,"texture":"#0"},"east":{"uv":[6.6875,2,6.375,1.8125],"rotation":270,"texture":"#0"},"south":{"uv":[6.1875,2.3125,5.9375,2],"texture":"#0"},"west":{"uv":[6.375,2,6.6875,1.8125],"rotation":90,"texture":"#0"},"up":{"uv":[5.9375,2.875,5.6875,2],"rotation":180,"texture":"#0"},"down":{"uv":[5.9375,2.875,5.6875,2],"texture":"#0"}}},{"from":[7,1.30753,2.89959],"to":[9,1.30753,4.39959],"rotation":{"angle":22.5,"axis":"x","origin":[8,1.5,8]},"faces":{"north":{"uv":[5.9375,2,5.9375,2.25],"rotation":270,"texture":"#0"},"east":{"uv":[5.6875,2.1875,5.6875,2],"rotation":270,"texture":"#0"},"south":{"uv":[5.9375,2,5.9375,2.25],"rotation":270,"texture":"#0"},"west":{"uv":[5.6875,2.1875,5.6875,2],"rotation":90,"texture":"#0"},"up":{"uv":[6.375,2,6.625,1.8125],"rotation":180,"texture":"#0"},"down":{"uv":[6.625,2,6.375,1.8125],"texture":"#0"}}},{"from":[7,1.69247,2.89959],"to":[9,1.69247,4.39959],"rotation":{"angle":-22.5,"axis":"x","origin":[8,1.5,8]},"faces":{"north":{"uv":[5.9375,2,5.9375,2.25],"rotation":270,"texture":"#0"},"east":{"uv":[5.6875,2.1875,5.6875,2],"rotation":270,"texture":"#0"},"south":{"uv":[5.9375,2,5.9375,2.25],"rotation":270,"texture":"#0"},"west":{"uv":[5.6875,2.1875,5.6875,2],"rotation":90,"texture":"#0"},"up":{"uv":[6.375,2,6.625,1.8125],"rotation":180,"texture":"#0"},"down":{"uv":[6.625,2,6.375,1.8125],"texture":"#0"}}},{"from":[8.41551,0.25,2.88374],"to":[8.41551,2.75,4.38374],"rotation":{"angle":22.5,"axis":"y","origin":[8,1.5,8]},"faces":{"north":{"uv":[5.9375,2.3125,6.1875,2],"rotation":180,"texture":"#0"},"east":{"uv":[6.6875,2,6.375,1.8125],"rotation":270,"texture":"#0"},"south":{"uv":[5.9375,2.3125,6.1875,2],"texture":"#0"},"west":{"uv":[6.375,2,6.6875,1.8125],"rotation":90,"texture":"#0"},"up":{"uv":[5.6875,2.875,5.9375,2],"rotation":180,"texture":"#0"},"down":{"uv":[5.6875,2.875,5.9375,2],"texture":"#0"}}},{"from":[7,0.25,4.5],"to":[9,2.75,11.5],"rotation":{"angle":0,"axis":"y","origin":[8,1.5,8]},"faces":{"north":{"uv":[5.9375,2,6.1875,2.3125],"rotation":180,"texture":"#0"},"east":{"uv":[5.375,2,5.6875,2.875],"rotation":270,"texture":"#0"},"south":{"uv":[5.9375,2,6.1875,2.3125],"texture":"#0"},"west":{"uv":[5.375,2,5.6875,2.875],"rotation":90,"texture":"#0"},"up":{"uv":[5.6875,2,5.9375,2.875],"rotation":180,"texture":"#0"},"down":{"uv":[5.6875,2,5.9375,2.875],"texture":"#0"}}},{"from":[6,1.20711,8.5],"to":[10,3.20711,10.5],"rotation":{"angle":-45,"axis":"x","origin":[8,0.70711,8]},"faces":{"north":{"uv":[2.75,3.25,2.25,3.5],"texture":"#0"},"east":{"uv":[2.25,3.25,2,3.5],"texture":"#0"},"south":{"uv":[2.75,3.25,2.25,3.5],"texture":"#0"},"west":{"uv":[2,3.25,2.25,3.5],"texture":"#0"},"up":{"uv":[2.75,3.5,2.25,3.25],"texture":"#0"},"down":{"uv":[2.75,3.25,2.25,3.5],"texture":"#0"}}},{"from":[6.25,4.5,5.5],"to":[6.25,5.5,10.5],"rotation":{"angle":-22.5,"axis":"z","origin":[6.25,5.5,8]},"faces":{"north":{"uv":[3.625,2.4375,3.75,2.4375],"rotation":90,"texture":"#0"},"east":{"uv":[6.1875,2.625,6.3125,2],"rotation":270,"texture":"#0"},"south":{"uv":[3.625,2.4375,3.75,2.4375],"rotation":270,"texture":"#0"},"west":{"uv":[6.1875,2,6.3125,2.625],"rotation":270,"texture":"#0"},"up":{"uv":[3,2.4375,3.625,2.4375],"rotation":270,"texture":"#0"},"down":{"uv":[3,2.4375,3.625,2.4375],"rotation":270,"texture":"#0"}}},{"from":[9.75,4.5,5.5],"to":[9.75,5.5,10.5],"rotation":{"angle":22.5,"axis":"z","origin":[9.75,5.5,8]},"faces":{"north":{"uv":[3.625,2.4375,3.75,2.4375],"rotation":90,"texture":"#0"},"east":{"uv":[6.1875,2.625,6.3125,2],"rotation":270,"texture":"#0"},"south":{"uv":[3.625,2.4375,3.75,2.4375],"rotation":270,"texture":"#0"},"west":{"uv":[6.1875,2,6.3125,2.625],"rotation":270,"texture":"#0"},"up":{"uv":[3,2.4375,3.625,2.4375],"rotation":270,"texture":"#0"},"down":{"uv":[3,2.4375,3.625,2.4375],"rotation":270,"texture":"#0"}}},{"from":[6.3,2.7,10.05],"to":[9.8,3.7,10.05],"rotation":{"angle":-22.5,"axis":"x","origin":[8.05,5.8,5.7]},"faces":{"north":{"uv":[6.3125,2.4375,6.1875,2],"rotation":90,"texture":"#0"},"east":{"uv":[3.75,2.4375,3.625,2.4375],"rotation":270,"texture":"#0"},"south":{"uv":[6.3125,2,6.1875,2.4375],"rotation":90,"texture":"#0"},"west":{"uv":[3.75,2.4375,3.625,2.4375],"rotation":90,"texture":"#0"},"up":{"uv":[3.4375,2.4375,3,2.4375],"rotation":180,"texture":"#0"},"down":{"uv":[3.4375,2.4375,3,2.4375],"texture":"#0"}}},{"from":[6.3,2.7,5.95],"to":[9.8,3.7,5.95],"rotation":{"angle":22.5,"axis":"x","origin":[8.05,5.8,10.3]},"faces":{"north":{"uv":[6.3125,2.4375,6.1875,2],"rotation":90,"texture":"#0"},"east":{"uv":[3.75,2.4375,3.625,2.4375],"rotation":270,"texture":"#0"},"south":{"uv":[6.3125,2,6.1875,2.4375],"rotation":90,"texture":"#0"},"west":{"uv":[3.75,2.4375,3.625,2.4375],"rotation":90,"texture":"#0"},"up":{"uv":[3.4375,2.4375,3,2.4375],"rotation":180,"texture":"#0"},"down":{"uv":[3.4375,2.4375,3,2.4375],"texture":"#0"}}},{"from":[6.5,0,8],"to":[9.5,4,12],"rotation":{"angle":-45,"axis":"x","origin":[8,0,8]},"faces":{"north":{"uv":[3.5,3.0625,4,3.4375],"rotation":90,"texture":"#0"},"east":{"uv":[3,3.1875,3.5,2.6875],"rotation":90,"texture":"#0"},"south":{"uv":[3.5,3.0625,4,3.4375],"rotation":90,"texture":"#0"},"west":{"uv":[3,2.6875,3.5,3.1875],"rotation":90,"texture":"#0"},"up":{"uv":[4,2.6875,3.5,3.0625],"rotation":90,"texture":"#0"},"down":{"uv":[4,2.6875,3.5,3.0625],"rotation":90,"texture":"#0"}}},{"from":[7.25,0.55,0.65],"to":[8.75,0.55,5.65],"rotation":{"angle":0,"axis":"y","origin":[8,-12.75,8]},"faces":{"north":{"uv":[0,5,0,5.1875],"rotation":90,"texture":"#0"},"east":{"uv":[0,4,0,4.625],"rotation":270,"texture":"#0"},"south":{"uv":[0,5,0,5.1875],"rotation":90,"texture":"#0"},"west":{"uv":[0,4,0,4.625],"rotation":90,"texture":"#0"},"up":{"uv":[1.9375,1.375,2.125,0.75],"rotation":180,"texture":"#0"},"down":{"uv":[1,1.375,0.8125,0.75],"texture":"#0"}}},{"from":[8,-0.05,-1.15],"to":[8,2.95,2.85],"rotation":{"angle":0,"axis":"y","origin":[8,-12.75,8]},"faces":{"north":{"uv":[0,6,0,0],"texture":"#1"},"east":{"uv":[0,0,6,8],"rotation":90,"texture":"#1"},"south":{"uv":[0,0,0,6],"rotation":180,"texture":"#1"},"west":{"uv":[6,0,0,8],"rotation":270,"texture":"#1"},"up":{"uv":[0,0,0,8],"texture":"#1"},"down":{"uv":[0,0,0,8],"rotation":180,"texture":"#1"}}},{"from":[8.75,0.55,0.65],"to":[8.75,2.55,5.65],"rotation":{"angle":0,"axis":"y","origin":[8,-12.75,8]},"faces":{"north":{"uv":[0,5,0,5.25],"rotation":180,"texture":"#0"},"east":{"uv":[0.5625,0.1875,0.3125,0.8125],"rotation":270,"texture":"#0"},"south":{"uv":[0,5,0,5.25],"texture":"#0"},"west":{"uv":[1.25,0.1875,1.5,0.8125],"rotation":90,"texture":"#0"},"up":{"uv":[0,4,0,4.625],"rotation":180,"texture":"#0"},"down":{"uv":[0,4,0,4.625],"texture":"#0"}}},{"from":[7.25,2.55,0.65],"to":[8.75,2.55,5.65],"rotation":{"angle":0,"axis":"y","origin":[8,-12.75,8]},"faces":{"north":{"uv":[0,5,0,5.1875],"rotation":90,"texture":"#0"},"east":{"uv":[0,4,0,4.625],"rotation":270,"texture":"#0"},"south":{"uv":[0,5,0,5.1875],"rotation":90,"texture":"#0"},"west":{"uv":[0,4,0,4.625],"rotation":90,"texture":"#0"},"up":{"uv":[0.8125,1.375,1,0.75],"rotation":180,"texture":"#0"},"down":{"uv":[2.125,1.375,1.9375,0.75],"texture":"#0"}}},{"from":[7.25,0.55,0.65],"to":[7.25,2.55,5.65],"rotation":{"angle":0,"axis":"y","origin":[8,-12.75,8]},"faces":{"north":{"uv":[0,5,0,5.25],"rotation":180,"texture":"#0"},"east":{"uv":[1.5,0.1875,1.25,0.8125],"rotation":270,"texture":"#0"},"south":{"uv":[0,5,0,5.25],"texture":"#0"},"west":{"uv":[0.3125,0.1875,0.5625,0.8125],"rotation":90,"texture":"#0"},"up":{"uv":[0,4,0,4.625],"rotation":180,"texture":"#0"},"down":{"uv":[0,4,0,4.625],"texture":"#0"}}},{"from":[7.25,0.55,10.35],"to":[8.75,0.55,15.35],"rotation":{"angle":0,"axis":"y","origin":[8,-12.75,8]},"faces":{"north":{"uv":[0,5.1875,0,5],"rotation":90,"texture":"#0"},"east":{"uv":[0,4.625,0,4],"rotation":270,"texture":"#0"},"south":{"uv":[0,5.1875,0,5],"rotation":90,"texture":"#0"},"west":{"uv":[0,4.625,0,4],"rotation":90,"texture":"#0"},"up":{"uv":[1.9375,0.75,2.125,1.375],"rotation":180,"texture":"#0"},"down":{"uv":[1,0.75,0.8125,1.375],"texture":"#0"}}},{"from":[8,-0.05,13.15],"to":[8,2.95,17.15],"rotation":{"angle":0,"axis":"y","origin":[8,-12.75,8]},"faces":{"north":{"uv":[0,0,0,6],"rotation":180,"texture":"#1"},"east":{"uv":[0,8,6,0],"rotation":90,"texture":"#1"},"south":{"uv":[0,6,0,0],"texture":"#1"},"west":{"uv":[6,8,0,0],"rotation":270,"texture":"#1"},"up":{"uv":[0,8,0,0],"texture":"#1"},"down":{"uv":[0,8,0,0],"rotation":180,"texture":"#1"}}},{"from":[8.75,0.55,10.35],"to":[8.75,2.55,15.35],"rotation":{"angle":0,"axis":"y","origin":[8,-12.75,8]},"faces":{"north":{"uv":[0,5,0,5.25],"texture":"#0"},"east":{"uv":[0.5625,0.8125,0.3125,0.1875],"rotation":270,"texture":"#0"},"south":{"uv":[0,5,0,5.25],"rotation":180,"texture":"#0"},"west":{"uv":[1.25,0.8125,1.5,0.1875],"rotation":90,"texture":"#0"},"up":{"uv":[0,4.625,0,4],"rotation":180,"texture":"#0"},"down":{"uv":[0,4.625,0,4],"texture":"#0"}}},{"from":[7.25,2.55,10.35],"to":[8.75,2.55,15.35],"rotation":{"angle":0,"axis":"y","origin":[8,-12.75,8]},"faces":{"north":{"uv":[0,5.1875,0,5],"rotation":90,"texture":"#0"},"east":{"uv":[0,4.625,0,4],"rotation":270,"texture":"#0"},"south":{"uv":[0,5.1875,0,5],"rotation":90,"texture":"#0"},"west":{"uv":[0,4.625,0,4],"rotation":90,"texture":"#0"},"up":{"uv":[0.8125,0.75,1,1.375],"rotation":180,"texture":"#0"},"down":{"uv":[2.125,0.75,1.9375,1.375],"texture":"#0"}}},{"from":[7.25,0.55,10.35],"to":[7.25,2.55,15.35],"rotation":{"angle":0,"axis":"y","origin":[8,-12.75,8]},"faces":{"north":{"uv":[0,5,0,5.25],"texture":"#0"},"east":{"uv":[1.5,0.8125,1.25,0.1875],"rotation":270,"texture":"#0"},"south":{"uv":[0,5,0,5.25],"rotation":180,"texture":"#0"},"west":{"uv":[0.3125,0.8125,0.5625,0.1875],"rotation":90,"texture":"#0"},"up":{"uv":[0,4.625,0,4],"rotation":180,"texture":"#0"},"down":{"uv":[0,4.625,0,4],"texture":"#0"}}},{"from":[11.8,8,6],"to":[11.8,12,9],"rotation":{"angle":-22.5,"axis":"z","origin":[12.6,17.1,4.5]},"faces":{"north":{"uv":[0,0,0,0.5],"texture":"#1"},"east":{"uv":[6,0,0,8],"texture":"#1"},"south":{"uv":[0,0,0,0.5],"texture":"#1"},"west":{"uv":[0,0,0.375,0.5],"texture":"#1"},"up":{"uv":[0,0.375,0,0],"texture":"#1"},"down":{"uv":[0,0,0,0.375],"texture":"#1"}}},{"from":[0.6,3,6.8],"to":[0.6,7,9.8],"rotation":{"angle":22.5,"axis":"z","origin":[3.4,17.1,4.5]},"faces":{"north":{"uv":[0,0,0,0.5],"texture":"#1"},"east":{"uv":[6,0,0,8],"texture":"#1"},"south":{"uv":[0,0,0,0.5],"texture":"#1"},"west":{"uv":[0,0,6,8],"texture":"#1"},"up":{"uv":[0,0.375,0,0],"texture":"#1"},"down":{"uv":[0,0,0,0.375],"texture":"#1"}}},{"from":[3.6,14.7,4.5],"to":[3.6,18.7,7.5],"rotation":{"angle":22.5,"axis":"z","origin":[3.4,17.1,4.5]},"faces":{"north":{"uv":[0,0,0,0.5],"texture":"#1"},"east":{"uv":[6,0,0,8],"texture":"#1"},"south":{"uv":[0,0,0,0.5],"texture":"#1"},"west":{"uv":[0,0,6,8],"texture":"#1"},"up":{"uv":[0,0.375,0,0],"texture":"#1"},"down":{"uv":[0,0,0,0.375],"texture":"#1"}}},{"from":[6,15.4,3.8],"to":[9,19.4,3.8],"rotation":{"angle":-22.5,"axis":"x","origin":[3.4,17.1,4.5]},"faces":{"north":{"uv":[0,0,6,8],"texture":"#1"},"east":{"uv":[0,0,0,0.5],"texture":"#1"},"south":{"uv":[6,0,0,8],"texture":"#1"},"west":{"uv":[0,0,0,0.5],"texture":"#1"},"up":{"uv":[0,0.375,0,0],"rotation":90,"texture":"#1"},"down":{"uv":[0,0,0,0.375],"rotation":270,"texture":"#1"}}},{"from":[6,15.4,12.2],"to":[9,19.4,12.2],"rotation":{"angle":22.5,"axis":"x","origin":[3.4,17.1,11.5]},"faces":{"north":{"uv":[0,0,6,8],"texture":"#1"},"east":{"uv":[0,0,0,0.5],"texture":"#1"},"south":{"uv":[6,0,0,8],"texture":"#1"},"west":{"uv":[0,0,0,0.5],"texture":"#1"},"up":{"uv":[0,0.375,0,0],"rotation":90,"texture":"#1"},"down":{"uv":[0,0,0,0.375],"rotation":270,"texture":"#1"}}},{"from":[3.5,27.4,7.2],"to":[6.5,31.4,7.2],"rotation":{"angle":22.5,"axis":"x","origin":[3.4,17.1,11.5]},"faces":{"north":{"uv":[0,0,6,8],"texture":"#1"},"east":{"uv":[0,0,0,0.5],"texture":"#1"},"south":{"uv":[6,0,0,8],"texture":"#1"},"west":{"uv":[0,0,0,0.5],"texture":"#1"},"up":{"uv":[0,0.375,0,0],"rotation":90,"texture":"#1"},"down":{"uv":[0,0,0,0.375],"rotation":270,"texture":"#1"}}},{"from":[9,27.4,7.2],"to":[12,31.4,7.2],"rotation":{"angle":22.5,"axis":"x","origin":[3.4,17.1,11.5]},"faces":{"north":{"uv":[0,0,6,8],"texture":"#1"},"east":{"uv":[0,0,0,0.5],"texture":"#1"},"south":{"uv":[6,0,0,8],"texture":"#1"},"west":{"uv":[0,0,0,0.5],"texture":"#1"},"up":{"uv":[0,0.375,0,0],"rotation":90,"texture":"#1"},"down":{"uv":[0,0,0,0.375],"rotation":270,"texture":"#1"}}},{"from":[12.4,14.7,9],"to":[12.4,18.7,12],"rotation":{"angle":-22.5,"axis":"z","origin":[12.6,17.1,4.5]},"faces":{"north":{"uv":[0,0,0,0.5],"texture":"#1"},"east":{"uv":[6,0,0,8],"texture":"#1"},"south":{"uv":[0,0,0,0.5],"texture":"#1"},"west":{"uv":[0,0,6,8],"texture":"#1"},"up":{"uv":[0,0.375,0,0],"texture":"#1"},"down":{"uv":[0,0,0,0.375],"texture":"#1"}}},{"from":[1.6,9.7,9],"to":[1.6,13.7,12],"rotation":{"angle":22.5,"axis":"z","origin":[3.4,17.1,4.5]},"faces":{"north":{"uv":[0,0,0,0.5],"texture":"#1"},"east":{"uv":[6,0,0,8],"texture":"#1"},"south":{"uv":[0,0,0,0.5],"texture":"#1"},"west":{"uv":[0,0,6,8],"texture":"#1"},"up":{"uv":[0,0.375,0,0],"texture":"#1"},"down":{"uv":[0,0,0,0.375],"texture":"#1"}}},{"from":[6.3,-3,5.5],"to":[6.3,1,12.5],"rotation":{"angle":-22.5,"axis":"x","origin":[12,11,-3]},"faces":{"north":{"uv":[0,0,0,8],"texture":"#missing"},"east":{"uv":[0,0,14,8],"texture":"#5"},"south":{"uv":[0,0,0,8],"texture":"#missing"},"west":{"uv":[0,0,14,8],"texture":"#5"},"up":{"uv":[0,14,0,0],"texture":"#missing"},"down":{"uv":[0,0,0,14],"texture":"#missing"}}},{"from":[6.25,5.5,5.5],"to":[9.75,7.5,10.5],"rotation":{"angle":0,"axis":"y","origin":[0,-1,-2.5]},"faces":{"north":{"uv":[3.625,2.4375,4.0625,2.6875],"texture":"#0"},"east":{"uv":[3,2.4375,3.625,2.6875],"texture":"#0"},"south":{"uv":[3.625,2.4375,4.0625,2.6875],"texture":"#0"},"west":{"uv":[3,2.4375,3.625,2.6875],"texture":"#0"},"up":{"uv":[4.0625,2.4375,4.5,3.0625],"texture":"#0"},"down":{"uv":[4.0625,2.4375,4.5,3.0625],"texture":"#0"}}},{"from":[6.3,-3,5.5],"to":[6.3,1,12.5],"rotation":{"angle":-22.5,"axis":"x","origin":[12,11,-3]},"faces":{"north":{"uv":[0,0,0,8],"texture":"#missing"},"east":{"uv":[0,0,14,8],"texture":"#5"},"south":{"uv":[0,0,0,8],"texture":"#missing"},"west":{"uv":[0,0,14,8],"texture":"#5"},"up":{"uv":[0,14,0,0],"texture":"#missing"},"down":{"uv":[0,0,0,14],"texture":"#missing"}}},{"from":[9.3,-10,5.5],"to":[9.3,-6,12.5],"rotation":{"angle":22.5,"axis":"x","origin":[12,11,24]},"faces":{"north":{"uv":[0,0,0,8],"texture":"#missing"},"east":{"uv":[0,0,14,8],"texture":"#5"},"south":{"uv":[0,0,0,8],"texture":"#missing"},"west":{"uv":[14,0,0,8],"texture":"#5"},"up":{"uv":[0,0,0,14],"texture":"#missing"},"down":{"uv":[0,14,0,0],"texture":"#missing"}}},{"from":[4.5,6.5,4.5],"to":[11.5,29.5,11.5],"rotation":{"angle":0,"axis":"y","origin":[8,15.75,8]},"faces":{"north":{"uv":[0.875,6.5,1.75,9.375],"texture":"#0"},"east":{"uv":[0,6.5,0.875,9.375],"texture":"#0"},"south":{"uv":[1.75,6.5,0.875,9.375],"texture":"#0"},"west":{"uv":[0,6.5,0.875,9.375],"texture":"#0"},"up":{"uv":[1.75,6.5,2.625,7.375],"texture":"#0"},"down":{"uv":[3.75,5,4.625,5.875],"texture":"#0"}}},{"from":[3.5,24,6],"to":[3.5,31.5,12],"rotation":{"angle":22.5,"axis":"x","origin":[4.5,24,7]},"faces":{"north":{"uv":[0,5,0,5.9375],"rotation":180,"texture":"#0"},"east":{"uv":[1.875,0,0.9375,0.75],"rotation":270,"texture":"#0"},"south":{"uv":[0,5,0,5.9375],"texture":"#0"},"west":{"uv":[0,0,0.9375,0.75],"rotation":90,"texture":"#0"},"up":{"uv":[0,4,0,4.75],"rotation":180,"texture":"#0"},"down":{"uv":[0,4,0,4.75],"texture":"#0"}}},{"from":[3.4,24,4],"to":[3.4,32,9],"rotation":{"angle":-22.5,"axis":"x","origin":[4.5,24,9]},"faces":{"north":{"uv":[0,0,0,1],"rotation":180,"texture":"#0"},"east":{"uv":[4.25,0.75,3.25,1.375],"rotation":270,"texture":"#0"},"south":{"uv":[0,0,0,1],"texture":"#0"},"west":{"uv":[2.25,0.75,3.25,1.375],"rotation":90,"texture":"#0"},"up":{"uv":[0,0,0,0.625],"rotation":180,"texture":"#0"},"down":{"uv":[0,0,0,0.625],"texture":"#0"}}},{"from":[3.6,22,4],"to":[12.4,24,12],"rotation":{"angle":0,"axis":"y","origin":[0.5,31,-6]},"faces":{"north":{"uv":[4.25,1.25,5.375,1.5],"rotation":180,"texture":"#0"},"east":{"uv":[6.5,0,6.75,1],"rotation":270,"texture":"#0"},"south":{"uv":[4.25,1.25,5.375,1.5],"texture":"#0"},"west":{"uv":[6.5,0,6.75,1],"rotation":90,"texture":"#0"},"up":{"uv":[4.25,0,5.375,1],"rotation":180,"texture":"#0"},"down":{"uv":[5.375,0,6.5,1],"texture":"#0"}}},{"from":[3.5,31.5,6],"to":[12.5,31.5,12],"rotation":{"angle":22.5,"axis":"x","origin":[4.5,24,7]},"faces":{"north":{"uv":[0,0,1.125,0],"rotation":180,"texture":"#0"},"east":{"uv":[0,4,0,4.75],"rotation":270,"texture":"#0"},"south":{"uv":[0,0,1.125,0],"texture":"#0"},"west":{"uv":[0,4,0,4.75],"rotation":90,"texture":"#0"},"up":{"uv":[1.875,0,3,0.75],"rotation":180,"texture":"#0"},"down":{"uv":[4.125,0,3,0.75],"texture":"#0"}}},{"from":[3.4,32,4],"to":[12.6,32,9],"rotation":{"angle":-22.5,"axis":"x","origin":[4.5,24,9]},"faces":{"north":{"uv":[0,0,1.125,0],"rotation":180,"texture":"#0"},"east":{"uv":[0,0,0,0.625],"rotation":270,"texture":"#0"},"south":{"uv":[0,0,1.125,0],"texture":"#0"},"west":{"uv":[0,0,0,0.625],"rotation":90,"texture":"#0"},"up":{"uv":[0,0.75,1.125,1.375],"rotation":180,"texture":"#0"},"down":{"uv":[2.25,0.75,1.125,1.375],"texture":"#0"}}},{"from":[12.5,24,6],"to":[12.5,31.5,12],"rotation":{"angle":22.5,"axis":"x","origin":[11.5,24,7]},"faces":{"north":{"uv":[0,5,0,5.9375],"rotation":180,"texture":"#0"},"east":{"uv":[0.9375,0,0,0.75],"rotation":270,"texture":"#0"},"south":{"uv":[0,5,0,5.9375],"texture":"#0"},"west":{"uv":[1.875,0,0.9375,0.75],"rotation":90,"texture":"#0"},"up":{"uv":[0,4,0,4.75],"rotation":180,"texture":"#0"},"down":{"uv":[0,4,0,4.75],"texture":"#0"}}},{"from":[12.6,24,4],"to":[12.6,32,9],"rotation":{"angle":-22.5,"axis":"x","origin":[11.5,24,9]},"faces":{"north":{"uv":[0,0,0,1],"rotation":180,"texture":"#0"},"east":{"uv":[3.25,0.75,2.25,1.375],"rotation":270,"texture":"#0"},"south":{"uv":[0,0,0,1],"texture":"#0"},"west":{"uv":[3.25,0.75,4.25,1.375],"rotation":90,"texture":"#0"},"up":{"uv":[0,0,0,0.625],"rotation":180,"texture":"#0"},"down":{"uv":[0,0,0,0.625],"texture":"#0"}}},{"from":[3.4,24,4],"to":[12.6,32,4],"rotation":{"angle":-22.5,"axis":"x","origin":[4.5,24,9]},"faces":{"north":{"uv":[1.125,1.375,2.25,2.375],"rotation":180,"texture":"#0"},"east":{"uv":[0,0,2048,0],"rotation":270,"texture":"#missing"},"south":{"uv":[0,1.375,1.125,2.375],"texture":"#0"},"west":{"uv":[0,0,2048,0],"rotation":90,"texture":"#missing"},"up":{"uv":[0,0,2304,0],"rotation":180,"texture":"#missing"},"down":{"uv":[0,0,2304,0],"texture":"#missing"}}},{"from":[3.5,24,12],"to":[12.5,31.5,12],"rotation":{"angle":22.5,"axis":"x","origin":[4.5,24,7]},"faces":{"north":{"uv":[3.375,1.5,4.5,2.4375],"rotation":180,"texture":"#0"},"east":{"uv":[0,0,0.9375,0],"rotation":270,"texture":"#0"},"south":{"uv":[2.25,1.375,3.375,2.3125],"texture":"#0"},"west":{"uv":[0,0,0.9375,0],"rotation":90,"texture":"#0"},"up":{"uv":[0,0,1.125,0],"rotation":180,"texture":"#0"},"down":{"uv":[0,0,1.125,0],"texture":"#0"}}},{"from":[5,29.46447,6.03553],"to":[5,31.46447,9.03553],"rotation":{"angle":0,"axis":"y","origin":[8,26.46447,16.53553]},"faces":{"north":{"uv":[0,8,0,0],"rotation":180,"texture":"#2"},"east":{"uv":[6,8,0,4],"rotation":180,"texture":"#2"},"south":{"uv":[0,4,0,0],"rotation":180,"texture":"#2"},"west":{"uv":[0,8,6,4],"rotation":180,"texture":"#2"},"up":{"uv":[0,6,0,0],"rotation":180,"texture":"#2"},"down":{"uv":[0,0,0,6],"rotation":180,"texture":"#2"}}},{"from":[11,29.46447,6.03553],"to":[11,31.46447,9.03553],"rotation":{"angle":0,"axis":"y","origin":[8,26.46447,16.53553]},"faces":{"north":{"uv":[0,8,0,0],"rotation":180,"texture":"#2"},"east":{"uv":[6,8,0,4],"rotation":180,"texture":"#2"},"south":{"uv":[0,4,0,0],"rotation":180,"texture":"#2"},"west":{"uv":[0,8,6,4],"rotation":180,"texture":"#2"},"up":{"uv":[0,6,0,0],"rotation":180,"texture":"#2"},"down":{"uv":[0,0,0,6],"rotation":180,"texture":"#2"}}}],"gui_light":"front","display":{"thirdperson_righthand":{"translation":[0,6,1.5],"scale":[0.6,0.6,0.6]},"thirdperson_lefthand":{"translation":[0,6,1.5],"scale":[0.6,0.6,0.6]},"firstperson_righthand":{"rotation":[10,0,0],"translation":[5,4,0],"scale":[0.32266,0.32266,0.32266]},"firstperson_lefthand":{"rotation":[10,0,0],"translation":[5,4,0],"scale":[0.32266,0.32266,0.32266]},"ground":{"rotation":[-45,0,0],"translation":[0,9,0],"scale":[0.45,0.45,0.45]},"gui":{"rotation":[-90,-45,-90],"translation":[-1,-1,-1.5],"scale":[0.43984,0.43984,0.43984]},"head":{"scale":[0,0,0]},"fixed":{"rotation":[0,-90,0],"translation":[0,3,-3.5],"scale":[1.4,1.4,1.4]}}}