{"credit":"Made with Blockbench","texture_size":[128,128],"textures":{"0":"elitecreatures:scarecrow_animated_weapon_set/scarecrow_texture","1":"elitecreatures:scarecrow_animated_weapon_set/scarecrow_animation_01","3":"elitecreatures:scarecrow_animated_weapon_set/scarecrow_animation_03","particle":"elitecreatures:scarecrow_animated_weapon_set/scarecrow_texture"},"elements":[{"from":[7.25,-14.1,7],"to":[7.25,-9.1,9],"rotation":{"angle":0,"axis":"y","origin":[4.5,12,4.5]},"faces":{"north":{"uv":[0,4,0,4.625],"texture":"#0"},"east":{"uv":[1.5,0.1875,1.25,0.8125],"texture":"#0"},"south":{"uv":[0,4,0,4.625],"texture":"#0"},"west":{"uv":[0.3125,0.1875,0.5625,0.8125],"texture":"#0"},"up":{"uv":[0,5,0,5.25],"texture":"#0"},"down":{"uv":[0,5,0,5.25],"texture":"#0"}}},{"from":[8.75,-14.1,7],"to":[8.75,-9.1,9],"rotation":{"angle":0,"axis":"y","origin":[11.5,12,4.5]},"faces":{"north":{"uv":[0,4,0,4.625],"texture":"#0"},"east":{"uv":[0.5625,0.1875,0.3125,0.8125],"texture":"#0"},"south":{"uv":[0,4,0,4.625],"texture":"#0"},"west":{"uv":[1.25,0.1875,1.5,0.8125],"texture":"#0"},"up":{"uv":[0,5,0,5.25],"texture":"#0"},"down":{"uv":[0,5,0,5.25],"texture":"#0"}}},{"from":[7.25,-14.1,7],"to":[8.75,-9.1,7],"rotation":{"angle":0,"axis":"y","origin":[4.5,12,4.5]},"faces":{"north":{"uv":[0.8125,1.375,1,0.75],"texture":"#0"},"east":{"uv":[0,4,0,4.625],"texture":"#0"},"south":{"uv":[2.125,1.375,1.9375,0.75],"texture":"#0"},"west":{"uv":[0,4,0,4.625],"texture":"#0"},"up":{"uv":[0,5,0,5.1875],"rotation":90,"texture":"#0"},"down":{"uv":[0,5,0,5.1875],"rotation":270,"texture":"#0"}}},{"from":[7.25,-14.1,9],"to":[8.75,-9.1,9],"rotation":{"angle":0,"axis":"y","origin":[4.5,12,6.5]},"faces":{"north":{"uv":[1.9375,1.375,2.125,0.75],"texture":"#0"},"east":{"uv":[0,4,0,4.625],"texture":"#0"},"south":{"uv":[1,1.375,0.8125,0.75],"texture":"#0"},"west":{"uv":[0,4,0,4.625],"texture":"#0"},"up":{"uv":[0,5,0,5.1875],"rotation":90,"texture":"#0"},"down":{"uv":[0,5,0,5.1875],"rotation":270,"texture":"#0"}}},{"from":[7.25,0.55,1.65],"to":[7.25,2.55,6.65],"rotation":{"angle":0,"axis":"y","origin":[8,-12.75,8]},"faces":{"north":{"uv":[0,5,0,5.25],"rotation":180,"texture":"#0"},"east":{"uv":[1.5,0.1875,1.25,0.8125],"rotation":270,"texture":"#0"},"south":{"uv":[0,5,0,5.25],"texture":"#0"},"west":{"uv":[0.3125,0.1875,0.5625,0.8125],"rotation":90,"texture":"#0"},"up":{"uv":[0,4,0,4.625],"rotation":180,"texture":"#0"},"down":{"uv":[0,4,0,4.625],"texture":"#0"}}},{"from":[7.25,2.55,1.65],"to":[8.75,2.55,6.65],"rotation":{"angle":0,"axis":"y","origin":[8,-12.75,8]},"faces":{"north":{"uv":[0,5,0,5.1875],"rotation":90,"texture":"#0"},"east":{"uv":[0,4,0,4.625],"rotation":270,"texture":"#0"},"south":{"uv":[0,5,0,5.1875],"rotation":90,"texture":"#0"},"west":{"uv":[0,4,0,4.625],"rotation":90,"texture":"#0"},"up":{"uv":[0.8125,1.375,1,0.75],"rotation":180,"texture":"#0"},"down":{"uv":[2.125,1.375,1.9375,0.75],"texture":"#0"}}},{"from":[8.75,0.55,1.65],"to":[8.75,2.55,6.65],"rotation":{"angle":0,"axis":"y","origin":[8,-12.75,8]},"faces":{"north":{"uv":[0,5,0,5.25],"rotation":180,"texture":"#0"},"east":{"uv":[0.5625,0.1875,0.3125,0.8125],"rotation":270,"texture":"#0"},"south":{"uv":[0,5,0,5.25],"texture":"#0"},"west":{"uv":[1.25,0.1875,1.5,0.8125],"rotation":90,"texture":"#0"},"up":{"uv":[0,4,0,4.625],"rotation":180,"texture":"#0"},"down":{"uv":[0,4,0,4.625],"texture":"#0"}}},{"from":[7.25,0.55,1.65],"to":[8.75,0.55,6.65],"rotation":{"angle":0,"axis":"y","origin":[8,-12.75,8]},"faces":{"north":{"uv":[0,5,0,5.1875],"rotation":90,"texture":"#0"},"east":{"uv":[0,4,0,4.625],"rotation":270,"texture":"#0"},"south":{"uv":[0,5,0,5.1875],"rotation":90,"texture":"#0"},"west":{"uv":[0,4,0,4.625],"rotation":90,"texture":"#0"},"up":{"uv":[1.9375,1.375,2.125,0.75],"rotation":180,"texture":"#0"},"down":{"uv":[1,1.375,0.8125,0.75],"texture":"#0"}}},{"from":[7.25,0.55,9.35],"to":[7.25,2.55,14.35],"rotation":{"angle":0,"axis":"y","origin":[8,-12.75,8]},"faces":{"north":{"uv":[0,5,0,5.25],"texture":"#0"},"east":{"uv":[1.5,0.8125,1.25,0.1875],"rotation":270,"texture":"#0"},"south":{"uv":[0,5,0,5.25],"rotation":180,"texture":"#0"},"west":{"uv":[0.3125,0.8125,0.5625,0.1875],"rotation":90,"texture":"#0"},"up":{"uv":[0,4.625,0,4],"rotation":180,"texture":"#0"},"down":{"uv":[0,4.625,0,4],"texture":"#0"}}},{"from":[7.25,2.55,9.35],"to":[8.75,2.55,14.35],"rotation":{"angle":0,"axis":"y","origin":[8,-12.75,8]},"faces":{"north":{"uv":[0,5.1875,0,5],"rotation":90,"texture":"#0"},"east":{"uv":[0,4.625,0,4],"rotation":270,"texture":"#0"},"south":{"uv":[0,5.1875,0,5],"rotation":90,"texture":"#0"},"west":{"uv":[0,4.625,0,4],"rotation":90,"texture":"#0"},"up":{"uv":[0.8125,0.75,1,1.375],"rotation":180,"texture":"#0"},"down":{"uv":[2.125,0.75,1.9375,1.375],"texture":"#0"}}},{"from":[8.75,0.55,9.35],"to":[8.75,2.55,14.35],"rotation":{"angle":0,"axis":"y","origin":[8,-12.75,8]},"faces":{"north":{"uv":[0,5,0,5.25],"texture":"#0"},"east":{"uv":[0.5625,0.8125,0.3125,0.1875],"rotation":270,"texture":"#0"},"south":{"uv":[0,5,0,5.25],"rotation":180,"texture":"#0"},"west":{"uv":[1.25,0.8125,1.5,0.1875],"rotation":90,"texture":"#0"},"up":{"uv":[0,4.625,0,4],"rotation":180,"texture":"#0"},"down":{"uv":[0,4.625,0,4],"texture":"#0"}}},{"from":[7.25,0.55,9.35],"to":[8.75,0.55,14.35],"rotation":{"angle":0,"axis":"y","origin":[8,-12.75,8]},"faces":{"north":{"uv":[0,5.1875,0,5],"rotation":90,"texture":"#0"},"east":{"uv":[0,4.625,0,4],"rotation":270,"texture":"#0"},"south":{"uv":[0,5.1875,0,5],"rotation":90,"texture":"#0"},"west":{"uv":[0,4.625,0,4],"rotation":90,"texture":"#0"},"up":{"uv":[1.9375,0.75,2.125,1.375],"rotation":180,"texture":"#0"},"down":{"uv":[1,0.75,0.8125,1.375],"texture":"#0"}}},{"from":[7,-8.7,6.75],"to":[9,-1.7,9.25],"rotation":{"angle":0,"axis":"y","origin":[0,-1,-2.5]},"faces":{"north":{"uv":[5.6875,2,5.9375,2.875],"texture":"#0"},"east":{"uv":[5.375,2,5.6875,2.875],"texture":"#0"},"south":{"uv":[5.6875,2,5.9375,2.875],"texture":"#0"},"west":{"uv":[5.375,2,5.6875,2.875],"texture":"#0"},"up":{"uv":[5.9375,2,6.1875,2.3125],"texture":"#0"},"down":{"uv":[5.9375,2,6.1875,2.3125],"texture":"#0"}}},{"from":[7,-1.7,6.75],"to":[7,-0.2,9.25],"rotation":{"angle":22.5,"axis":"z","origin":[7,-1.7,8]},"faces":{"north":{"uv":[5.6875,2,5.9375,2.875],"texture":"#0"},"east":{"uv":[6.6875,1.8125,6.375,2],"texture":"#0"},"south":{"uv":[5.6875,2,5.9375,2.875],"texture":"#0"},"west":{"uv":[6.375,1.8125,6.6875,2],"texture":"#0"},"up":{"uv":[5.9375,2,6.1875,2.3125],"texture":"#0"},"down":{"uv":[5.9375,2,6.1875,2.3125],"texture":"#0"}}},{"from":[9,-1.7,6.75],"to":[9,-0.2,9.25],"rotation":{"angle":-22.5,"axis":"z","origin":[9,-1.7,8]},"faces":{"north":{"uv":[5.9375,2,5.6875,2.875],"texture":"#0"},"east":{"uv":[6.6875,1.8125,6.375,2],"texture":"#0"},"south":{"uv":[5.9375,2,5.6875,2.875],"texture":"#0"},"west":{"uv":[6.375,1.8125,6.6875,2],"texture":"#0"},"up":{"uv":[6.1875,2,5.9375,2.3125],"texture":"#0"},"down":{"uv":[6.1875,2,5.9375,2.3125],"texture":"#0"}}},{"from":[7,-1.7,6.8],"to":[9,-0.2,6.8],"rotation":{"angle":-22.5,"axis":"x","origin":[7.7,-1.7,6.8]},"faces":{"north":{"uv":[6.375,1.8125,6.625,2],"texture":"#0"},"east":{"uv":[5.6875,2,5.6875,2.1875],"texture":"#0"},"south":{"uv":[6.625,1.8125,6.375,2],"texture":"#0"},"west":{"uv":[5.6875,2,5.6875,2.1875],"texture":"#0"},"up":{"uv":[5.9375,2,5.9375,2.25],"rotation":90,"texture":"#0"},"down":{"uv":[5.9375,2,5.9375,2.25],"rotation":270,"texture":"#0"}}},{"from":[7,-1.7,9.2],"to":[9,-0.2,9.2],"rotation":{"angle":22.5,"axis":"x","origin":[7.7,-1.7,9.2]},"faces":{"north":{"uv":[6.375,1.8125,6.625,2],"texture":"#0"},"east":{"uv":[5.6875,2,5.6875,2.1875],"texture":"#0"},"south":{"uv":[6.625,1.8125,6.375,2],"texture":"#0"},"west":{"uv":[5.6875,2,5.6875,2.1875],"texture":"#0"},"up":{"uv":[5.9375,2,5.9375,2.25],"rotation":90,"texture":"#0"},"down":{"uv":[5.9375,2,5.9375,2.25],"rotation":270,"texture":"#0"}}},{"from":[7,-10.1,6.8],"to":[9,-8.6,6.8],"rotation":{"angle":22.5,"axis":"x","origin":[7.7,-8.6,6.8]},"faces":{"north":{"uv":[6.375,2,6.625,1.8125],"texture":"#0"},"east":{"uv":[5.6875,2.1875,5.6875,2],"texture":"#0"},"south":{"uv":[6.625,2,6.375,1.8125],"texture":"#0"},"west":{"uv":[5.6875,2.1875,5.6875,2],"texture":"#0"},"up":{"uv":[5.9375,2,5.9375,2.25],"rotation":270,"texture":"#0"},"down":{"uv":[5.9375,2,5.9375,2.25],"rotation":90,"texture":"#0"}}},{"from":[7,-10.1,9.2],"to":[9,-8.6,9.2],"rotation":{"angle":-22.5,"axis":"x","origin":[7.7,-8.6,9.2]},"faces":{"north":{"uv":[6.375,2,6.625,1.8125],"texture":"#0"},"east":{"uv":[5.6875,2.1875,5.6875,2],"texture":"#0"},"south":{"uv":[6.625,2,6.375,1.8125],"texture":"#0"},"west":{"uv":[5.6875,2.1875,5.6875,2],"texture":"#0"},"up":{"uv":[5.9375,2,5.9375,2.25],"rotation":270,"texture":"#0"},"down":{"uv":[5.9375,2,5.9375,2.25],"rotation":90,"texture":"#0"}}},{"from":[9,-10.2,6.75],"to":[9,-8.7,9.25],"rotation":{"angle":22.5,"axis":"z","origin":[9,-8.7,8]},"faces":{"north":{"uv":[5.9375,2.875,5.6875,2],"texture":"#0"},"east":{"uv":[6.6875,2,6.375,1.8125],"texture":"#0"},"south":{"uv":[5.9375,2.875,5.6875,2],"texture":"#0"},"west":{"uv":[6.375,2,6.6875,1.8125],"texture":"#0"},"up":{"uv":[6.1875,2.3125,5.9375,2],"texture":"#0"},"down":{"uv":[6.1875,2.3125,5.9375,2],"texture":"#0"}}},{"from":[7,-10.2,6.75],"to":[7,-8.7,9.25],"rotation":{"angle":-22.5,"axis":"z","origin":[7,-8.7,8]},"faces":{"north":{"uv":[5.6875,2.875,5.9375,2],"texture":"#0"},"east":{"uv":[6.6875,2,6.375,1.8125],"texture":"#0"},"south":{"uv":[5.6875,2.875,5.9375,2],"texture":"#0"},"west":{"uv":[6.375,2,6.6875,1.8125],"texture":"#0"},"up":{"uv":[5.9375,2.3125,6.1875,2],"texture":"#0"},"down":{"uv":[5.9375,2.3125,6.1875,2],"texture":"#0"}}},{"from":[7,0.25,5.5],"to":[9,2.75,10.5],"rotation":{"angle":0,"axis":"y","origin":[8,1.5,8]},"faces":{"north":{"uv":[5.9375,2,6.1875,2.3125],"rotation":180,"texture":"#0"},"east":{"uv":[5.375,2.125,5.6875,2.75],"rotation":90,"texture":"#0"},"south":{"uv":[5.9375,2,6.1875,2.3125],"texture":"#0"},"west":{"uv":[5.375,2.125,5.6875,2.75],"rotation":90,"texture":"#0"},"up":{"uv":[5.6875,2.125,5.9375,2.75],"texture":"#0"},"down":{"uv":[5.6875,2.125,5.9375,2.75],"texture":"#0"}}},{"from":[7.58449,0.25,10.61626],"to":[7.58449,2.75,12.11626],"rotation":{"angle":22.5,"axis":"y","origin":[8,1.5,7]},"faces":{"north":{"uv":[6.1875,2,5.9375,2.3125],"rotation":180,"texture":"#0"},"east":{"uv":[6.6875,1.8125,6.375,2],"rotation":270,"texture":"#0"},"south":{"uv":[6.1875,2,5.9375,2.3125],"texture":"#0"},"west":{"uv":[6.375,1.8125,6.6875,2],"rotation":90,"texture":"#0"},"up":{"uv":[5.9375,2,5.6875,2.875],"rotation":180,"texture":"#0"},"down":{"uv":[5.9375,2,5.6875,2.875],"texture":"#0"}}},{"from":[7,1.26926,10.6928],"to":[9,1.26926,12.1928],"rotation":{"angle":-22.5,"axis":"x","origin":[8,1.5,7]},"faces":{"north":{"uv":[5.9375,2,5.9375,2.25],"rotation":90,"texture":"#0"},"east":{"uv":[5.6875,2,5.6875,2.1875],"rotation":270,"texture":"#0"},"south":{"uv":[5.9375,2,5.9375,2.25],"rotation":90,"texture":"#0"},"west":{"uv":[5.6875,2,5.6875,2.1875],"rotation":90,"texture":"#0"},"up":{"uv":[6.375,1.8125,6.625,2],"rotation":180,"texture":"#0"},"down":{"uv":[6.625,1.8125,6.375,2],"texture":"#0"}}},{"from":[8.41551,0.25,10.61626],"to":[8.41551,2.75,12.11626],"rotation":{"angle":-22.5,"axis":"y","origin":[8,1.5,7]},"faces":{"north":{"uv":[5.9375,2,6.1875,2.3125],"rotation":180,"texture":"#0"},"east":{"uv":[6.6875,1.8125,6.375,2],"rotation":270,"texture":"#0"},"south":{"uv":[5.9375,2,6.1875,2.3125],"texture":"#0"},"west":{"uv":[6.375,1.8125,6.6875,2],"rotation":90,"texture":"#0"},"up":{"uv":[5.6875,2,5.9375,2.875],"rotation":180,"texture":"#0"},"down":{"uv":[5.6875,2,5.9375,2.875],"texture":"#0"}}},{"from":[7,1.73074,10.6928],"to":[9,1.73074,12.1928],"rotation":{"angle":22.5,"axis":"x","origin":[8,1.5,7]},"faces":{"north":{"uv":[5.9375,2,5.9375,2.25],"rotation":90,"texture":"#0"},"east":{"uv":[5.6875,2,5.6875,2.1875],"rotation":270,"texture":"#0"},"south":{"uv":[5.9375,2,5.9375,2.25],"rotation":90,"texture":"#0"},"west":{"uv":[5.6875,2,5.6875,2.1875],"rotation":90,"texture":"#0"},"up":{"uv":[6.375,1.8125,6.625,2],"rotation":180,"texture":"#0"},"down":{"uv":[6.625,1.8125,6.375,2],"texture":"#0"}}},{"from":[8.41551,0.25,3.88374],"to":[8.41551,2.75,5.38374],"rotation":{"angle":22.5,"axis":"y","origin":[8,1.5,9]},"faces":{"north":{"uv":[6.1875,2,5.9375,2.3125],"texture":"#0"},"east":{"uv":[6.6875,2,6.375,1.8125],"rotation":270,"texture":"#0"},"south":{"uv":[6.1875,2,5.9375,2.3125],"rotation":180,"texture":"#0"},"west":{"uv":[6.375,2,6.6875,1.8125],"rotation":90,"texture":"#0"},"up":{"uv":[5.6875,2.875,5.9375,2],"rotation":180,"texture":"#0"},"down":{"uv":[5.6875,2.875,5.9375,2],"texture":"#0"}}},{"from":[7.58449,0.25,3.88374],"to":[7.58449,2.75,5.38374],"rotation":{"angle":-22.5,"axis":"y","origin":[8,1.5,9]},"faces":{"north":{"uv":[5.9375,2,6.1875,2.3125],"texture":"#0"},"east":{"uv":[6.6875,2,6.375,1.8125],"rotation":270,"texture":"#0"},"south":{"uv":[5.9375,2,6.1875,2.3125],"rotation":180,"texture":"#0"},"west":{"uv":[6.375,2,6.6875,1.8125],"rotation":90,"texture":"#0"},"up":{"uv":[5.9375,2.875,5.6875,2],"rotation":180,"texture":"#0"},"down":{"uv":[5.9375,2.875,5.6875,2],"texture":"#0"}}},{"from":[7,1.26926,3.8072],"to":[9,1.26926,5.3072],"rotation":{"angle":22.5,"axis":"x","origin":[8,1.5,9]},"faces":{"north":{"uv":[5.9375,2.25,5.9375,2],"rotation":90,"texture":"#0"},"east":{"uv":[5.6875,2.1875,5.6875,2],"rotation":270,"texture":"#0"},"south":{"uv":[5.9375,2.25,5.9375,2],"rotation":90,"texture":"#0"},"west":{"uv":[5.6875,2.1875,5.6875,2],"rotation":90,"texture":"#0"},"up":{"uv":[6.375,2,6.625,1.8125],"rotation":180,"texture":"#0"},"down":{"uv":[6.625,2,6.375,1.8125],"texture":"#0"}}},{"from":[7,1.73074,3.8072],"to":[9,1.73074,5.3072],"rotation":{"angle":-22.5,"axis":"x","origin":[8,1.5,9]},"faces":{"north":{"uv":[5.9375,2.25,5.9375,2],"rotation":90,"texture":"#0"},"east":{"uv":[5.6875,2.1875,5.6875,2],"rotation":270,"texture":"#0"},"south":{"uv":[5.9375,2.25,5.9375,2],"rotation":90,"texture":"#0"},"west":{"uv":[5.6875,2.1875,5.6875,2],"rotation":90,"texture":"#0"},"up":{"uv":[6.375,2,6.625,1.8125],"rotation":180,"texture":"#0"},"down":{"uv":[6.625,2,6.375,1.8125],"texture":"#0"}}},{"from":[7.25,-9.1,7],"to":[8.75,-1.1,9],"rotation":{"angle":0,"axis":"y","origin":[-0.2,-4,16.5]},"faces":{"north":{"uv":[7.25,1,7.4375,2],"texture":"#0"},"east":{"uv":[7,1,7.25,2],"texture":"#0"},"south":{"uv":[7.25,1,7.4375,2],"texture":"#0"},"west":{"uv":[7,1,7.25,2],"texture":"#0"},"up":{"uv":[7,1,6.8125,1.25],"texture":"#0"},"down":{"uv":[7,1,6.8125,1.25],"texture":"#0"}}},{"from":[6.5,0,8],"to":[9.5,4,12],"rotation":{"angle":-45,"axis":"x","origin":[8,0,8]},"faces":{"north":{"uv":[3.5,3.0625,4,3.4375],"rotation":90,"texture":"#0"},"east":{"uv":[3,3.1875,3.5,2.6875],"rotation":90,"texture":"#0"},"south":{"uv":[3.5,3.0625,4,3.4375],"rotation":90,"texture":"#0"},"west":{"uv":[3,2.6875,3.5,3.1875],"rotation":90,"texture":"#0"},"up":{"uv":[4,2.6875,3.5,3.0625],"rotation":90,"texture":"#0"},"down":{"uv":[4,2.6875,3.5,3.0625],"rotation":90,"texture":"#0"}}},{"from":[6,1.20711,8.5],"to":[10,3.20711,10.5],"rotation":{"angle":-45,"axis":"x","origin":[8,0.70711,8]},"faces":{"north":{"uv":[2.75,3.25,2.25,3.5],"texture":"#0"},"east":{"uv":[2.25,3.25,2,3.5],"texture":"#0"},"south":{"uv":[2.75,3.25,2.25,3.5],"texture":"#0"},"west":{"uv":[2,3.25,2.25,3.5],"texture":"#0"},"up":{"uv":[2.75,3.5,2.25,3.25],"texture":"#0"},"down":{"uv":[2.75,3.25,2.25,3.5],"texture":"#0"}}},{"from":[7.25,-1.1,7],"to":[8.75,0.9,9],"rotation":{"angle":0,"axis":"y","origin":[-0.2,-4,16.5]},"faces":{"north":{"uv":[7.25,1,7.4375,1.25],"texture":"#0"},"east":{"uv":[7,1,7.25,1.25],"texture":"#0"},"south":{"uv":[7.25,1,7.4375,1.25],"texture":"#0"},"west":{"uv":[7,1,7.25,1.25],"texture":"#0"},"up":{"uv":[7,1,6.8125,1.25],"texture":"#0"},"down":{"uv":[7,1,6.8125,1.25],"texture":"#0"}}},{"from":[8,-15.9,6.6],"to":[8,-11.9,9.6],"rotation":{"angle":0,"axis":"y","origin":[3.4,17.1,4.5]},"faces":{"north":{"uv":[0,0,0,8],"rotation":180,"texture":"#1"},"east":{"uv":[0,0,6,8],"rotation":180,"texture":"#1"},"south":{"uv":[0,0,0,8],"rotation":180,"texture":"#1"},"west":{"uv":[6,0,0,8],"rotation":180,"texture":"#1"},"up":{"uv":[0,0,0,6],"rotation":180,"texture":"#1"},"down":{"uv":[0,6,0,0],"rotation":180,"texture":"#1"}}},{"from":[8,-0.05,0.85],"to":[8,2.95,4.85],"rotation":{"angle":0,"axis":"y","origin":[8,-12.75,8]},"faces":{"north":{"uv":[0,6,0,0],"texture":"#1"},"east":{"uv":[0,0,6,8],"rotation":90,"texture":"#1"},"south":{"uv":[0,0,0,6],"rotation":180,"texture":"#1"},"west":{"uv":[6,0,0,8],"rotation":270,"texture":"#1"},"up":{"uv":[0,0,0,8],"texture":"#1"},"down":{"uv":[0,0,0,8],"rotation":180,"texture":"#1"}}},{"from":[8,-0.05,11.15],"to":[8,2.95,15.15],"rotation":{"angle":0,"axis":"y","origin":[8,-12.75,8]},"faces":{"north":{"uv":[0,0,0,6],"rotation":180,"texture":"#1"},"east":{"uv":[0,8,6,0],"rotation":90,"texture":"#1"},"south":{"uv":[0,6,0,0],"texture":"#1"},"west":{"uv":[6,8,0,0],"rotation":270,"texture":"#1"},"up":{"uv":[0,8,0,0],"texture":"#1"},"down":{"uv":[0,8,0,0],"rotation":180,"texture":"#1"}}},{"from":[8,3,3.5],"to":[8,20,11.5],"rotation":{"angle":0,"axis":"y","origin":[0,-2,0]},"faces":{"north":{"uv":[0,0,0,3.5],"texture":"#missing"},"east":{"uv":[12.5,2.875,13.5,5],"texture":"#0"},"south":{"uv":[0,0,0,3.5],"texture":"#missing"},"west":{"uv":[13.5,2.875,12.5,5],"texture":"#0"},"up":{"uv":[0,0,0,1.25],"texture":"#missing"},"down":{"uv":[0,0,0,1.25],"texture":"#missing"}}},{"from":[6.3,-3,5.5],"to":[6.3,1,12.5],"rotation":{"angle":-22.5,"axis":"x","origin":[12,11,-3]},"faces":{"north":{"uv":[0,0,0,8],"texture":"#3"},"east":{"uv":[14,0,0,8],"texture":"#3"},"south":{"uv":[0,0,0,8],"texture":"#3"},"west":{"uv":[0,0,14,8],"texture":"#3"},"up":{"uv":[0,14,0,0],"texture":"#3"},"down":{"uv":[0,0,0,14],"texture":"#3"}}},{"from":[7,5.4,7.75],"to":[7,6.9,10.25],"rotation":{"angle":45,"axis":"x","origin":[7,4.7,8]},"faces":{"north":{"uv":[5.6875,2,5.9375,2.875],"texture":"#0"},"east":{"uv":[6.6875,1.8125,6.375,2],"texture":"#0"},"south":{"uv":[5.6875,2,5.9375,2.875],"texture":"#0"},"west":{"uv":[6.375,1.8125,6.6875,2],"texture":"#0"},"up":{"uv":[5.9375,2,6.1875,2.3125],"texture":"#0"},"down":{"uv":[5.9375,2,6.1875,2.3125],"texture":"#0"}}},{"from":[7,5.4,5.75],"to":[7,6.9,8.25],"rotation":{"angle":-45,"axis":"x","origin":[7,4.7,8]},"faces":{"north":{"uv":[5.9375,2,5.6875,2.875],"texture":"#0"},"east":{"uv":[6.6875,1.8125,6.375,2],"texture":"#0"},"south":{"uv":[5.9375,2,5.6875,2.875],"texture":"#0"},"west":{"uv":[6.375,1.8125,6.6875,2],"texture":"#0"},"up":{"uv":[5.9375,2.3125,6.1875,2],"texture":"#0"},"down":{"uv":[5.9375,2.3125,6.1875,2],"texture":"#0"}}},{"from":[9.3,-10,5.5],"to":[9.3,-6,12.5],"rotation":{"angle":22.5,"axis":"x","origin":[12,11,24]},"faces":{"north":{"uv":[0,0,0,8],"texture":"#3"},"east":{"uv":[0,0,14,8],"texture":"#3"},"south":{"uv":[0,0,0,8],"texture":"#3"},"west":{"uv":[14,0,0,8],"texture":"#3"},"up":{"uv":[0,0,0,14],"texture":"#3"},"down":{"uv":[0,14,0,0],"texture":"#3"}}},{"from":[9,5.4,7.75],"to":[9,6.9,10.25],"rotation":{"angle":45,"axis":"x","origin":[9,4.7,8]},"faces":{"north":{"uv":[5.9375,2,5.6875,2.875],"texture":"#0"},"east":{"uv":[6.6875,1.8125,6.375,2],"texture":"#0"},"south":{"uv":[5.9375,2,5.6875,2.875],"texture":"#0"},"west":{"uv":[6.375,1.8125,6.6875,2],"texture":"#0"},"up":{"uv":[6.1875,2,5.9375,2.3125],"texture":"#0"},"down":{"uv":[6.1875,2,5.9375,2.3125],"texture":"#0"}}},{"from":[9,5.4,5.75],"to":[9,6.9,8.25],"rotation":{"angle":-45,"axis":"x","origin":[9,4.7,8]},"faces":{"north":{"uv":[5.6875,2,5.9375,2.875],"texture":"#0"},"east":{"uv":[6.6875,1.8125,6.375,2],"texture":"#0"},"south":{"uv":[5.6875,2,5.9375,2.875],"texture":"#0"},"west":{"uv":[6.375,1.8125,6.6875,2],"texture":"#0"},"up":{"uv":[6.1875,2.3125,5.9375,2],"texture":"#0"},"down":{"uv":[6.1875,2.3125,5.9375,2],"texture":"#0"}}}],"gui_light":"front","display":{"thirdperson_righthand":{"translation":[0,6,1.5],"scale":[0.6,0.6,0.6]},"thirdperson_lefthand":{"translation":[0,6,1.5],"scale":[0.6,0.6,0.6]},"firstperson_righthand":{"rotation":[10,0,0],"translation":[5,4,0],"scale":[0.32266,0.32266,0.32266]},"firstperson_lefthand":{"rotation":[10,0,0],"translation":[5,4,0],"scale":[0.32266,0.32266,0.32266]},"ground":{"rotation":[-45,0,0],"translation":[0,9,0],"scale":[0.45,0.45,0.45]},"gui":{"rotation":[-90,-45,-90],"translation":[2.25,1.5,-1.5],"scale":[0.6,0.6,0.6]},"head":{"scale":[0,0,0]},"fixed":{"rotation":[0,-90,0],"translation":[0,5,-2.25],"scale":[1.2,1.2,1.2]}}}