{"credit":"Made with Blockbench","texture_size":[128,128],"textures":{"0":"elitecreatures:scarecrow_animated_weapon_set/scarecrow_texture","1":"elitecreatures:scarecrow_animated_weapon_set/scarecrow_animation_01","2":"elitecreatures:scarecrow_animated_weapon_set/scarecrow_animation_02","3":"elitecreatures:scarecrow_animated_weapon_set/scarecrow_animation_03","particle":"elitecreatures:scarecrow_animated_weapon_set/scarecrow_texture"},"elements":[{"from":[2.5,4,12.6],"to":[7.5,12,12.6],"rotation":{"angle":22.5,"axis":"z","origin":[7.5,4,11.5]},"faces":{"north":{"uv":[4.25,0.75,3.25,1.375],"rotation":270,"texture":"#0"},"east":{"uv":[0,0,0,1],"texture":"#0"},"south":{"uv":[2.25,0.75,3.25,1.375],"rotation":90,"texture":"#0"},"west":{"uv":[0,0,0,1],"rotation":180,"texture":"#0"},"up":{"uv":[0,0,0,0.625],"rotation":90,"texture":"#0"},"down":{"uv":[0,0,0,0.625],"rotation":90,"texture":"#0"}}},{"from":[2.5,4,3.4],"to":[7.5,12,3.4],"rotation":{"angle":22.5,"axis":"z","origin":[7.5,4,4.5]},"faces":{"north":{"uv":[3.25,0.75,2.25,1.375],"rotation":270,"texture":"#0"},"east":{"uv":[0,0,0,1],"texture":"#0"},"south":{"uv":[3.25,0.75,4.25,1.375],"rotation":90,"texture":"#0"},"west":{"uv":[0,0,0,1],"rotation":180,"texture":"#0"},"up":{"uv":[0,0,0,0.625],"rotation":90,"texture":"#0"},"down":{"uv":[0,0,0,0.625],"rotation":90,"texture":"#0"}}},{"from":[2.5,12,3.4],"to":[7.5,12,12.6],"rotation":{"angle":22.5,"axis":"z","origin":[7.5,4,11.5]},"faces":{"north":{"uv":[0,0,0,0.625],"rotation":270,"texture":"#0"},"east":{"uv":[0,0,1.125,0],"texture":"#0"},"south":{"uv":[0,0,0,0.625],"rotation":90,"texture":"#0"},"west":{"uv":[0,0,1.125,0],"rotation":180,"texture":"#0"},"up":{"uv":[0,0.75,1.125,1.375],"rotation":90,"texture":"#0"},"down":{"uv":[2.25,0.75,1.125,1.375],"rotation":90,"texture":"#0"}}},{"from":[2.5,4,3.4],"to":[2.5,12,12.6],"rotation":{"angle":22.5,"axis":"z","origin":[7.5,4,11.5]},"faces":{"north":{"uv":[0,0,2048,0],"rotation":270,"texture":"#missing"},"east":{"uv":[0,1.375,1.125,2.375],"texture":"#0"},"south":{"uv":[0,0,2048,0],"rotation":90,"texture":"#missing"},"west":{"uv":[1.125,1.375,2.25,2.375],"rotation":180,"texture":"#0"},"up":{"uv":[0,0,2304,0],"rotation":90,"texture":"#missing"},"down":{"uv":[0,0,2304,0],"rotation":90,"texture":"#missing"}}},{"from":[6.5,4,12.5],"to":[12.5,11.5,12.5],"rotation":{"angle":0,"axis":"y","origin":[7.5,4,11.5]},"faces":{"north":{"uv":[1.875,0,0.9375,0.75],"rotation":270,"texture":"#0"},"east":{"uv":[0,5,0,5.9375],"texture":"#0"},"south":{"uv":[0,0,0.9375,0.75],"rotation":90,"texture":"#0"},"west":{"uv":[0,5,0,5.9375],"rotation":180,"texture":"#0"},"up":{"uv":[0,4,0,4.75],"rotation":90,"texture":"#0"},"down":{"uv":[0,4,0,4.75],"rotation":90,"texture":"#0"}}},{"from":[6.5,4,3.5],"to":[12.5,11.5,3.5],"rotation":{"angle":0,"axis":"y","origin":[7.5,4,4.5]},"faces":{"north":{"uv":[0.9375,0,0,0.75],"rotation":270,"texture":"#0"},"east":{"uv":[0,5,0,5.9375],"texture":"#0"},"south":{"uv":[1.875,0,0.9375,0.75],"rotation":90,"texture":"#0"},"west":{"uv":[0,5,0,5.9375],"rotation":180,"texture":"#0"},"up":{"uv":[0,4,0,4.75],"rotation":90,"texture":"#0"},"down":{"uv":[0,4,0,4.75],"rotation":90,"texture":"#0"}}},{"from":[12.5,4,3.5],"to":[12.5,11.5,12.5],"rotation":{"angle":0,"axis":"y","origin":[7.5,4,11.5]},"faces":{"north":{"uv":[0,0,0.9375,0],"rotation":270,"texture":"#0"},"east":{"uv":[2.25,1.375,3.375,2.3125],"texture":"#0"},"south":{"uv":[0,0,0.9375,0],"rotation":90,"texture":"#0"},"west":{"uv":[3.375,1.5,4.5,2.4375],"rotation":180,"texture":"#0"},"up":{"uv":[0,0,1.125,0],"rotation":90,"texture":"#0"},"down":{"uv":[0,0,1.125,0],"rotation":90,"texture":"#0"}}},{"from":[6.5,11.5,3.5],"to":[12.5,11.5,12.5],"rotation":{"angle":0,"axis":"y","origin":[7.5,4,11.5]},"faces":{"north":{"uv":[0,4,0,4.75],"rotation":270,"texture":"#0"},"east":{"uv":[0,0,1.125,0],"texture":"#0"},"south":{"uv":[0,4,0,4.75],"rotation":90,"texture":"#0"},"west":{"uv":[0,0,1.125,0],"rotation":180,"texture":"#0"},"up":{"uv":[1.875,0,3,0.75],"rotation":90,"texture":"#0"},"down":{"uv":[4.125,0,3,0.75],"rotation":90,"texture":"#0"}}},{"from":[4,-2,4.5],"to":[12,2,11.5],"rotation":{"angle":0,"axis":"y","origin":[-4.5,11,15.5]},"faces":{"north":{"uv":[7.25,0,6.75,1],"rotation":270,"texture":"#0"},"east":{"uv":[4.5,1.5,5.375,2],"texture":"#0"},"south":{"uv":[6.75,0,7.25,1],"rotation":90,"texture":"#0"},"west":{"uv":[4.5,1.5,5.375,2],"rotation":180,"texture":"#0"},"up":{"uv":[7.25,0,8.125,1],"rotation":90,"texture":"#0"},"down":{"uv":[7.25,0,8.125,1],"rotation":90,"texture":"#0"}}},{"from":[5.5,-6,5.5],"to":[11.5,-3,10.5],"rotation":{"angle":0,"axis":"y","origin":[-4.5,-3,15.5]},"faces":{"north":{"uv":[5.75,1.25,5.375,2],"rotation":270,"texture":"#0"},"east":{"uv":[7,1.25,6.375,1.625],"texture":"#0"},"south":{"uv":[5.375,1.25,5.75,2],"rotation":90,"texture":"#0"},"west":{"uv":[7,1.25,6.375,1.625],"rotation":180,"texture":"#0"},"up":{"uv":[6.375,1.25,5.75,2],"rotation":90,"texture":"#0"},"down":{"uv":[6.375,1.25,5.75,2],"rotation":90,"texture":"#0"}}},{"from":[2.5,2,3.5],"to":[12.5,4,12.5],"rotation":{"angle":0,"axis":"y","origin":[-5.5,11,15.5]},"faces":{"north":{"uv":[6.5,0,6.75,1.25],"rotation":270,"texture":"#0"},"east":{"uv":[4.25,1.25,5.375,1.5],"texture":"#0"},"south":{"uv":[6.5,0,6.75,1.25],"rotation":90,"texture":"#0"},"west":{"uv":[4.25,1.25,5.375,1.5],"rotation":180,"texture":"#0"},"up":{"uv":[4.25,0,5.375,1.25],"rotation":90,"texture":"#0"},"down":{"uv":[5.375,0,6.5,1.25],"rotation":90,"texture":"#0"}}},{"from":[10.6,3.9,13.2],"to":[14.6,6.9,13.2],"rotation":{"angle":-22.5,"axis":"y","origin":[12.6,4,12.6]},"faces":{"north":{"uv":[6,0,0,8],"rotation":270,"texture":"#1"},"east":{"uv":[0,6,0,0],"texture":"#1"},"south":{"uv":[0,0,6,8],"rotation":90,"texture":"#1"},"west":{"uv":[0,0,0,6],"rotation":180,"texture":"#1"},"up":{"uv":[0,0,0,8],"rotation":90,"texture":"#1"},"down":{"uv":[0,0,0,8],"rotation":90,"texture":"#1"}}},{"from":[13.1,11.9,9.5],"to":[17.1,11.9,12.5],"rotation":{"angle":22.5,"axis":"z","origin":[12.6,4,12.6]},"faces":{"north":{"uv":[0,0,0,8],"rotation":270,"texture":"#1"},"east":{"uv":[0,6,0,0],"rotation":90,"texture":"#1"},"south":{"uv":[0,0,0,8],"rotation":90,"texture":"#1"},"west":{"uv":[0,0,0,6],"rotation":90,"texture":"#1"},"up":{"uv":[0,0,6,8],"rotation":90,"texture":"#1"},"down":{"uv":[6,0,0,8],"rotation":90,"texture":"#1"}}},{"from":[13.1,11.9,3.5],"to":[17.1,11.9,6.5],"rotation":{"angle":22.5,"axis":"z","origin":[12.6,4,3.4]},"faces":{"north":{"uv":[0,0,0,8],"rotation":270,"texture":"#1"},"east":{"uv":[0,0,0,6],"rotation":90,"texture":"#1"},"south":{"uv":[0,0,0,8],"rotation":90,"texture":"#1"},"west":{"uv":[0,6,0,0],"rotation":90,"texture":"#1"},"up":{"uv":[6,0,0,8],"rotation":90,"texture":"#1"},"down":{"uv":[0,0,6,8],"rotation":90,"texture":"#1"}}},{"from":[5.1,12.9,5.5],"to":[9.1,12.9,8.5],"rotation":{"angle":22.5,"axis":"z","origin":[12.6,4,3.4]},"faces":{"north":{"uv":[0,0,0,8],"rotation":270,"texture":"#1"},"east":{"uv":[0,0,0,6],"rotation":90,"texture":"#1"},"south":{"uv":[0,0,0,8],"rotation":90,"texture":"#1"},"west":{"uv":[0,6,0,0],"rotation":90,"texture":"#1"},"up":{"uv":[6,0,0,8],"rotation":90,"texture":"#1"},"down":{"uv":[0,0,6,8],"rotation":90,"texture":"#1"}}},{"from":[6.5,-1.2,13.8],"to":[10,1.3,13.8],"rotation":{"angle":-22.5,"axis":"y","origin":[12.6,4,12.6]},"faces":{"north":{"uv":[6,0,0,8],"rotation":270,"texture":"#1"},"east":{"uv":[0,6,0,0],"texture":"#1"},"south":{"uv":[0,0,6,8],"rotation":90,"texture":"#1"},"west":{"uv":[0,0,0,6],"rotation":180,"texture":"#1"},"up":{"uv":[0,0,0,8],"rotation":90,"texture":"#1"},"down":{"uv":[0,0,0,8],"rotation":90,"texture":"#1"}}},{"from":[7.5,4.5,9.4],"to":[11.5,7.5,9.4],"rotation":{"angle":22.5,"axis":"y","origin":[-5.5,11,0]},"faces":{"north":{"uv":[6,0,0,8],"rotation":270,"texture":"#2"},"east":{"uv":[0,6,0,0],"texture":"#2"},"south":{"uv":[0,0,6,8],"rotation":90,"texture":"#2"},"west":{"uv":[0,0,0,6],"rotation":180,"texture":"#2"},"up":{"uv":[0,0,0,8],"rotation":90,"texture":"#2"},"down":{"uv":[0,0,0,8],"rotation":90,"texture":"#2"}}},{"from":[10,5.79289,8.5],"to":[14,7.79289,10.5],"rotation":{"angle":45,"axis":"x","origin":[12,8.29289,8]},"faces":{"north":{"uv":[2.75,3.5,2.25,3.25],"texture":"#0"},"east":{"uv":[2.25,3.5,2,3.25],"texture":"#0"},"south":{"uv":[2.75,3.5,2.25,3.25],"texture":"#0"},"west":{"uv":[2,3.5,2.25,3.25],"texture":"#0"},"up":{"uv":[2.75,3.5,2.25,3.25],"texture":"#0"},"down":{"uv":[2.75,3.25,2.25,3.5],"texture":"#0"}}},{"from":[19.4,2,6.8],"to":[19.4,6,9.8],"rotation":{"angle":22.5,"axis":"z","origin":[16.6,-8.1,4.5]},"faces":{"north":{"uv":[0,0.5,0,0],"texture":"#1"},"east":{"uv":[6,8,0,0],"texture":"#1"},"south":{"uv":[0,0.5,0,0],"texture":"#1"},"west":{"uv":[0,8,6,0],"texture":"#1"},"up":{"uv":[0,0.375,0,0],"texture":"#1"},"down":{"uv":[0,0,0,0.375],"texture":"#1"}}},{"from":[10.5,5,8],"to":[13.5,9,12],"rotation":{"angle":45,"axis":"x","origin":[12,9,8]},"faces":{"north":{"uv":[4,3.0625,3.5,3.4375],"rotation":90,"texture":"#0"},"east":{"uv":[3.5,3.1875,3,2.6875],"rotation":90,"texture":"#0"},"south":{"uv":[4,3.0625,3.5,3.4375],"rotation":90,"texture":"#0"},"west":{"uv":[3.5,2.6875,3,3.1875],"rotation":90,"texture":"#0"},"up":{"uv":[3.5,2.6875,4,3.0625],"rotation":90,"texture":"#0"},"down":{"uv":[3.5,2.6875,4,3.0625],"rotation":90,"texture":"#0"}}},{"from":[9,-7.7,7.95],"to":[11,-0.7,10.35],"rotation":{"angle":0,"axis":"y","origin":[2,0,-1.3]},"faces":{"north":{"uv":[5.6875,2,5.9375,2.875],"texture":"#0"},"east":{"uv":[5.375,2,5.6875,2.875],"texture":"#0"},"south":{"uv":[5.6875,2,5.9375,2.875],"texture":"#0"},"west":{"uv":[5.375,2,5.6875,2.875],"texture":"#0"},"up":{"uv":[5.9375,2,6.1875,2.3125],"texture":"#0"},"down":{"uv":[5.9375,2,6.1875,2.3125],"texture":"#0"}}},{"from":[9,-7.7,5.55],"to":[11,-0.7,7.95],"rotation":{"angle":0,"axis":"y","origin":[2,0,-1.3]},"faces":{"north":{"uv":[5.6875,2,5.9375,2.875],"texture":"#0"},"east":{"uv":[5.375,2,5.6875,2.875],"texture":"#0"},"south":{"uv":[5.6875,2,5.9375,2.875],"texture":"#0"},"west":{"uv":[5.375,2,5.6875,2.875],"texture":"#0"},"up":{"uv":[5.9375,2,6.1875,2.3125],"texture":"#0"},"down":{"uv":[5.9375,2,6.1875,2.3125],"texture":"#0"}}},{"from":[3.5,-4.25,9.7],"to":[10.5,-1.85,11.7],"rotation":{"angle":0,"axis":"y","origin":[2,1,-1.3]},"faces":{"north":{"uv":[5.375,2,5.675,2.875],"rotation":90,"texture":"#0"},"east":{"uv":[5.9375,2,6.1875,2.3],"rotation":180,"texture":"#0"},"south":{"uv":[5.375,2,5.675,2.875],"rotation":270,"texture":"#0"},"west":{"uv":[5.9375,2,6.1875,2.3],"texture":"#0"},"up":{"uv":[5.6875,2,5.9375,2.875],"rotation":270,"texture":"#0"},"down":{"uv":[5.6875,2,5.9375,2.875],"rotation":270,"texture":"#0"}}},{"from":[3.5,-4.25,4.3],"to":[10.5,-1.85,6.3],"rotation":{"angle":0,"axis":"y","origin":[2,1,17.3]},"faces":{"north":{"uv":[5.375,2.875,5.675,2],"rotation":270,"texture":"#0"},"east":{"uv":[6.1875,2,5.9375,2.3],"rotation":180,"texture":"#0"},"south":{"uv":[5.375,2.875,5.675,2],"rotation":90,"texture":"#0"},"west":{"uv":[6.1875,2,5.9375,2.3],"texture":"#0"},"up":{"uv":[5.9375,2,5.6875,2.875],"rotation":270,"texture":"#0"},"down":{"uv":[5.9375,2,5.6875,2.875],"rotation":270,"texture":"#0"}}},{"from":[10.5,-4.25,4.3],"to":[12.5,-1.85,11.7],"rotation":{"angle":0,"axis":"y","origin":[2,1,-1.3]},"faces":{"north":{"uv":[5.9375,2,6.1875,2.3125],"texture":"#0"},"east":{"uv":[5.375,2,5.6875,2.875],"rotation":90,"texture":"#0"},"south":{"uv":[5.9375,2,6.1875,2.3125],"rotation":180,"texture":"#0"},"west":{"uv":[5.375,2,5.6875,2.875],"rotation":270,"texture":"#0"},"up":{"uv":[5.6875,2,5.9375,2.875],"texture":"#0"},"down":{"uv":[5.6875,2,5.9375,2.875],"rotation":180,"texture":"#0"}}},{"from":[9,-9,5.6],"to":[11,-7.5,5.6],"rotation":{"angle":22.5,"axis":"x","origin":[9.7,-7.6,5.5]},"faces":{"north":{"uv":[6.375,2,6.625,1.8125],"texture":"#0"},"east":{"uv":[5.6875,2.1875,5.6875,2],"texture":"#0"},"south":{"uv":[6.625,2,6.375,1.8125],"texture":"#0"},"west":{"uv":[5.6875,2.1875,5.6875,2],"texture":"#0"},"up":{"uv":[5.9375,2,5.9375,2.25],"rotation":270,"texture":"#0"},"down":{"uv":[5.9375,2,5.9375,2.25],"rotation":90,"texture":"#0"}}},{"from":[9,-9.2,7.95],"to":[9,-7.7,10.45],"rotation":{"angle":-22.5,"axis":"z","origin":[9,-7.7,9.2]},"faces":{"north":{"uv":[5.6875,2.875,5.9375,2],"texture":"#0"},"east":{"uv":[6.6875,2,6.375,1.8125],"texture":"#0"},"south":{"uv":[5.6875,2.875,5.9375,2],"texture":"#0"},"west":{"uv":[6.375,2,6.6875,1.8125],"texture":"#0"},"up":{"uv":[5.9375,2.3125,6.1875,2],"texture":"#0"},"down":{"uv":[5.9375,2.3125,6.1875,2],"texture":"#0"}}},{"from":[9,-9.2,5.45],"to":[9,-7.7,7.95],"rotation":{"angle":-22.5,"axis":"z","origin":[9,-7.7,9.2]},"faces":{"north":{"uv":[5.6875,2.875,5.9375,2],"texture":"#0"},"east":{"uv":[6.6875,2,6.375,1.8125],"texture":"#0"},"south":{"uv":[5.6875,2.875,5.9375,2],"texture":"#0"},"west":{"uv":[6.375,2,6.6875,1.8125],"texture":"#0"},"up":{"uv":[5.9375,2.3125,6.1875,2],"texture":"#0"},"down":{"uv":[5.9375,2.3125,6.1875,2],"texture":"#0"}}},{"from":[9,0.3,9.2],"to":[11,1.8,9.2],"rotation":{"angle":22.5,"axis":"x","origin":[9.7,0.3,9.2]},"faces":{"north":{"uv":[6.375,1.8125,6.625,2],"texture":"#0"},"east":{"uv":[5.6875,2,5.6875,2.1875],"texture":"#0"},"south":{"uv":[6.625,1.8125,6.375,2],"texture":"#0"},"west":{"uv":[5.6875,2,5.6875,2.1875],"texture":"#0"},"up":{"uv":[5.9375,2,5.9375,2.25],"rotation":90,"texture":"#0"},"down":{"uv":[5.9375,2,5.9375,2.25],"rotation":270,"texture":"#0"}}},{"from":[9,-9,10.3],"to":[11,-7.5,10.3],"rotation":{"angle":-22.5,"axis":"x","origin":[9.7,-7.6,10.4]},"faces":{"north":{"uv":[6.375,2,6.625,1.8125],"texture":"#0"},"east":{"uv":[5.6875,2.1875,5.6875,2],"texture":"#0"},"south":{"uv":[6.625,2,6.375,1.8125],"texture":"#0"},"west":{"uv":[5.6875,2.1875,5.6875,2],"texture":"#0"},"up":{"uv":[5.9375,2,5.9375,2.25],"rotation":270,"texture":"#0"},"down":{"uv":[5.9375,2,5.9375,2.25],"rotation":90,"texture":"#0"}}},{"from":[11,-9.2,7.95],"to":[11,-7.7,10.45],"rotation":{"angle":22.5,"axis":"z","origin":[11,-7.7,9.2]},"faces":{"north":{"uv":[5.9375,2.875,5.6875,2],"texture":"#0"},"east":{"uv":[6.6875,2,6.375,1.8125],"texture":"#0"},"south":{"uv":[5.9375,2.875,5.6875,2],"texture":"#0"},"west":{"uv":[6.375,2,6.6875,1.8125],"texture":"#0"},"up":{"uv":[6.1875,2.3125,5.9375,2],"texture":"#0"},"down":{"uv":[6.1875,2.3125,5.9375,2],"texture":"#0"}}},{"from":[11,-9.2,5.45],"to":[11,-7.7,7.95],"rotation":{"angle":22.5,"axis":"z","origin":[11,-7.7,9.2]},"faces":{"north":{"uv":[5.9375,2.875,5.6875,2],"texture":"#0"},"east":{"uv":[6.6875,2,6.375,1.8125],"texture":"#0"},"south":{"uv":[5.9375,2.875,5.6875,2],"texture":"#0"},"west":{"uv":[6.375,2,6.6875,1.8125],"texture":"#0"},"up":{"uv":[6.1875,2.3125,5.9375,2],"texture":"#0"},"down":{"uv":[6.1875,2.3125,5.9375,2],"texture":"#0"}}},{"from":[10.75,-13.1,7],"to":[10.75,-8.1,9],"rotation":{"angle":0,"axis":"y","origin":[13.5,13,4.5]},"faces":{"north":{"uv":[0,4,0,4.625],"texture":"#0"},"east":{"uv":[0.5625,0.1875,0.3125,0.8125],"texture":"#0"},"south":{"uv":[0,4,0,4.625],"texture":"#0"},"west":{"uv":[1.25,0.1875,1.5,0.8125],"texture":"#0"},"up":{"uv":[0,5,0,5.25],"texture":"#0"},"down":{"uv":[0,5,0,5.25],"texture":"#0"}}},{"from":[9.25,-13.1,9],"to":[10.75,-8.1,9],"rotation":{"angle":0,"axis":"y","origin":[6.5,13,6.5]},"faces":{"north":{"uv":[1.9375,1.375,2.125,0.75],"texture":"#0"},"east":{"uv":[0,4,0,4.625],"texture":"#0"},"south":{"uv":[1,1.375,0.8125,0.75],"texture":"#0"},"west":{"uv":[0,4,0,4.625],"texture":"#0"},"up":{"uv":[0,5,0,5.1875],"rotation":90,"texture":"#0"},"down":{"uv":[0,5,0,5.1875],"rotation":270,"texture":"#0"}}},{"from":[9.25,-13.1,7],"to":[9.25,-8.1,9],"rotation":{"angle":0,"axis":"y","origin":[6.5,13,4.5]},"faces":{"north":{"uv":[0,4,0,4.625],"texture":"#0"},"east":{"uv":[1.5,0.1875,1.25,0.8125],"texture":"#0"},"south":{"uv":[0,4,0,4.625],"texture":"#0"},"west":{"uv":[0.3125,0.1875,0.5625,0.8125],"texture":"#0"},"up":{"uv":[0,5,0,5.25],"texture":"#0"},"down":{"uv":[0,5,0,5.25],"texture":"#0"}}},{"from":[9.25,-13.1,7],"to":[10.75,-8.1,7],"rotation":{"angle":0,"axis":"y","origin":[6.5,13,4.5]},"faces":{"north":{"uv":[0.8125,1.375,1,0.75],"texture":"#0"},"east":{"uv":[0,4,0,4.625],"texture":"#0"},"south":{"uv":[2.125,1.375,1.9375,0.75],"texture":"#0"},"west":{"uv":[0,4,0,4.625],"texture":"#0"},"up":{"uv":[0,5,0,5.1875],"rotation":90,"texture":"#0"},"down":{"uv":[0,5,0,5.1875],"rotation":270,"texture":"#0"}}},{"from":[10,-14.9,6.6],"to":[10,-10.9,9.6],"rotation":{"angle":0,"axis":"y","origin":[5.4,18.1,4.5]},"faces":{"north":{"uv":[0,0,0,8],"rotation":180,"texture":"#1"},"east":{"uv":[0,0,6,8],"rotation":180,"texture":"#1"},"south":{"uv":[0,0,0,8],"rotation":180,"texture":"#1"},"west":{"uv":[6,0,0,8],"rotation":180,"texture":"#1"},"up":{"uv":[0,0,0,6],"rotation":180,"texture":"#1"},"down":{"uv":[0,6,0,0],"rotation":180,"texture":"#1"}}},{"from":[3.6592,1.99239,13.3],"to":[7.6592,8.99239,13.3],"rotation":{"angle":-22.5,"axis":"z","origin":[8.22521,0.00461,13.3]},"faces":{"north":{"uv":[0,0,14,8],"rotation":270,"texture":"#3"},"east":{"uv":[0,14,0,0],"rotation":180,"texture":"#3"},"south":{"uv":[14,0,0,8],"rotation":90,"texture":"#3"},"west":{"uv":[0,0,0,14],"texture":"#3"},"up":{"uv":[0,0,0,8],"rotation":90,"texture":"#3"},"down":{"uv":[0,0,0,8],"rotation":90,"texture":"#3"}}},{"from":[6.17746,-4.47561,13.3],"to":[13.17746,-0.47561,13.3],"rotation":{"angle":-45,"axis":"z","origin":[8.22521,0.00461,13.3]},"faces":{"north":{"uv":[14,0,0,8],"texture":"#3"},"east":{"uv":[0,0,0,8],"texture":"#3"},"south":{"uv":[0,0,14,8],"texture":"#3"},"west":{"uv":[0,0,0,8],"texture":"#3"},"up":{"uv":[0,0,0,14],"rotation":90,"texture":"#3"},"down":{"uv":[0,14,0,0],"rotation":270,"texture":"#3"}}},{"from":[3.17746,0.52439,2.7],"to":[10.17746,4.52439,2.7],"rotation":{"angle":-45,"axis":"z","origin":[8.22521,0.00461,2.7]},"faces":{"north":{"uv":[14,0,0,8],"texture":"#3"},"east":{"uv":[0,0,0,8],"texture":"#3"},"south":{"uv":[0,0,14,8],"texture":"#3"},"west":{"uv":[0,0,0,8],"texture":"#3"},"up":{"uv":[0,0,0,14],"rotation":90,"texture":"#3"},"down":{"uv":[0,14,0,0],"rotation":270,"texture":"#3"}}}],"gui_light":"front","display":{"thirdperson_righthand":{"rotation":[-90,0,0],"translation":[1.5,-2,-3],"scale":[0.7,0.7,0.7]},"thirdperson_lefthand":{"rotation":[-90,180,0],"translation":[2.75,-2,0],"scale":[0.7,0.7,0.7]},"firstperson_righthand":{"rotation":[-45,-80,0],"translation":[2.5,4.75,-2],"scale":[0.40664,0.40664,0.40664]},"firstperson_lefthand":{"rotation":[-45,100,0],"translation":[2.5,4.75,-2],"scale":[0.40664,0.40664,0.40664]},"ground":{"translation":[0,11,0],"scale":[0.5,0.5,0.5]},"gui":{"rotation":[30,135,0],"translation":[0.25,3.5,-1.5],"scale":[0.6293,0.6293,0.6293]},"head":{"scale":[0,0,0]},"fixed":{"rotation":[0,-90,0],"translation":[0,11.5,-6.25],"scale":[1.4,1.4,1.4]}}}