{"credit":"Made with Blockbench","texture_size":[128,128],"textures":{"0":"elitecreatures:scarecrow_animated_weapon_set/scarecrow_texture","1":"elitecreatures:scarecrow_animated_weapon_set/scarecrow_animation_01","4":"elitecreatures:scarecrow_animated_weapon_set/scarecrow_animation_04","particle":"elitecreatures:scarecrow_animated_weapon_set/scarecrow_texture"},"elements":[{"from":[7.25,-14.1,7],"to":[7.25,-9.1,9],"rotation":{"angle":0,"axis":"y","origin":[4.5,12,4.5]},"faces":{"north":{"uv":[0,4,0,4.625],"texture":"#0"},"east":{"uv":[1.5,0.1875,1.25,0.8125],"texture":"#0"},"south":{"uv":[0,4,0,4.625],"texture":"#0"},"west":{"uv":[0.3125,0.1875,0.5625,0.8125],"texture":"#0"},"up":{"uv":[0,5,0,5.25],"texture":"#0"},"down":{"uv":[0,5,0,5.25],"texture":"#0"}}},{"from":[7.7,8.4,1.5],"to":[7.7,10.4,7],"rotation":{"angle":0,"axis":"y","origin":[7.25,-11.6,8]},"faces":{"north":{"uv":[0,5,0,5.25],"rotation":180,"texture":"#0"},"east":{"uv":[1.25,0.1875,1.5,0.8125],"rotation":270,"texture":"#0"},"south":{"uv":[0,5,0,5.25],"texture":"#0"},"west":{"uv":[0.5625,0.1875,0.3125,0.8125],"rotation":90,"texture":"#0"},"up":{"uv":[0,4,0,4.625],"rotation":180,"texture":"#0"},"down":{"uv":[0,4,0,4.625],"texture":"#0"}}},{"from":[7.7,5,1.5],"to":[7.7,7,7],"rotation":{"angle":0,"axis":"y","origin":[7.25,-11.6,8]},"faces":{"north":{"uv":[0,5,0,5.25],"rotation":180,"texture":"#0"},"east":{"uv":[1.5,0.1875,1.25,0.8125],"rotation":270,"texture":"#0"},"south":{"uv":[0,5,0,5.25],"texture":"#0"},"west":{"uv":[0.3125,0.1875,0.5625,0.8125],"rotation":90,"texture":"#0"},"up":{"uv":[0,4,0,4.625],"rotation":180,"texture":"#0"},"down":{"uv":[0,4,0,4.625],"texture":"#0"}}},{"from":[7.7,1.4,3],"to":[7.7,3.4,8],"rotation":{"angle":0,"axis":"y","origin":[7.25,-11.6,8]},"faces":{"north":{"uv":[0,5,0,5.25],"rotation":180,"texture":"#0"},"east":{"uv":[1.5,0.1875,1.25,0.8125],"rotation":270,"texture":"#0"},"south":{"uv":[0,5,0,5.25],"texture":"#0"},"west":{"uv":[0.3125,0.1875,0.5625,0.8125],"rotation":90,"texture":"#0"},"up":{"uv":[0,4,0,4.625],"rotation":180,"texture":"#0"},"down":{"uv":[0,4,0,4.625],"texture":"#0"}}},{"from":[7.7,8.4,7.5],"to":[7.7,10.4,12.5],"rotation":{"angle":0,"axis":"y","origin":[7.25,-11.6,8]},"faces":{"north":{"uv":[0,5,0,5.25],"texture":"#0"},"east":{"uv":[1.5,0.8125,1.25,0.1875],"rotation":270,"texture":"#0"},"south":{"uv":[0,5,0,5.25],"rotation":180,"texture":"#0"},"west":{"uv":[0.3125,0.8125,0.5625,0.1875],"rotation":90,"texture":"#0"},"up":{"uv":[0,4.625,0,4],"rotation":180,"texture":"#0"},"down":{"uv":[0,4.625,0,4],"texture":"#0"}}},{"from":[7.7,5,8],"to":[7.7,7,13],"rotation":{"angle":0,"axis":"y","origin":[7.25,-11.6,8]},"faces":{"north":{"uv":[0,5,0,5.25],"texture":"#0"},"east":{"uv":[1.5,0.8125,1.25,0.1875],"rotation":270,"texture":"#0"},"south":{"uv":[0,5,0,5.25],"rotation":180,"texture":"#0"},"west":{"uv":[0.3125,0.8125,0.5625,0.1875],"rotation":90,"texture":"#0"},"up":{"uv":[0,4.625,0,4],"rotation":180,"texture":"#0"},"down":{"uv":[0,4.625,0,4],"texture":"#0"}}},{"from":[8.3,8.4,8],"to":[8.3,10.4,13],"rotation":{"angle":0,"axis":"y","origin":[8.75,-11.6,8]},"faces":{"north":{"uv":[0,5,0,5.25],"texture":"#0"},"east":{"uv":[0.3125,0.1875,0.5625,0.8125],"rotation":90,"texture":"#0"},"south":{"uv":[0,5,0,5.25],"rotation":180,"texture":"#0"},"west":{"uv":[1.5,0.1875,1.25,0.8125],"rotation":270,"texture":"#0"},"up":{"uv":[0,4.625,0,4],"rotation":180,"texture":"#0"},"down":{"uv":[0,4.625,0,4],"texture":"#0"}}},{"from":[8.3,5,8],"to":[8.3,7,13],"rotation":{"angle":0,"axis":"y","origin":[8.75,-11.6,8]},"faces":{"north":{"uv":[0,5,0,5.25],"texture":"#0"},"east":{"uv":[0.3125,0.1875,0.5625,0.8125],"rotation":90,"texture":"#0"},"south":{"uv":[0,5,0,5.25],"rotation":180,"texture":"#0"},"west":{"uv":[1.5,0.1875,1.25,0.8125],"rotation":270,"texture":"#0"},"up":{"uv":[0,4.625,0,4],"rotation":180,"texture":"#0"},"down":{"uv":[0,4.625,0,4],"texture":"#0"}}},{"from":[8.3,8.4,1.5],"to":[8.3,10.4,7],"rotation":{"angle":0,"axis":"y","origin":[8.75,-11.6,8]},"faces":{"north":{"uv":[0,5,0,5.25],"rotation":180,"texture":"#0"},"east":{"uv":[0.5625,0.8125,0.3125,0.1875],"rotation":90,"texture":"#0"},"south":{"uv":[0,5,0,5.25],"texture":"#0"},"west":{"uv":[1.25,0.8125,1.5,0.1875],"rotation":270,"texture":"#0"},"up":{"uv":[0,4,0,4.625],"rotation":180,"texture":"#0"},"down":{"uv":[0,4,0,4.625],"texture":"#0"}}},{"from":[8.3,5,1.5],"to":[8.3,7,7],"rotation":{"angle":0,"axis":"y","origin":[8.75,-11.6,8]},"faces":{"north":{"uv":[0,5,0,5.25],"rotation":180,"texture":"#0"},"east":{"uv":[0.3125,0.8125,0.5625,0.1875],"rotation":90,"texture":"#0"},"south":{"uv":[0,5,0,5.25],"texture":"#0"},"west":{"uv":[1.5,0.8125,1.25,0.1875],"rotation":270,"texture":"#0"},"up":{"uv":[0,4,0,4.625],"rotation":180,"texture":"#0"},"down":{"uv":[0,4,0,4.625],"texture":"#0"}}},{"from":[8.3,1.4,3],"to":[8.3,3.4,8],"rotation":{"angle":0,"axis":"y","origin":[8.75,-11.6,8]},"faces":{"north":{"uv":[0,5,0,5.25],"rotation":180,"texture":"#0"},"east":{"uv":[0.3125,0.8125,0.5625,0.1875],"rotation":90,"texture":"#0"},"south":{"uv":[0,5,0,5.25],"texture":"#0"},"west":{"uv":[1.5,0.8125,1.25,0.1875],"rotation":270,"texture":"#0"},"up":{"uv":[0,4,0,4.625],"rotation":180,"texture":"#0"},"down":{"uv":[0,4,0,4.625],"texture":"#0"}}},{"from":[8.75,-14.1,7],"to":[8.75,-9.1,9],"rotation":{"angle":0,"axis":"y","origin":[11.5,12,4.5]},"faces":{"north":{"uv":[0,4,0,4.625],"texture":"#0"},"east":{"uv":[0.5625,0.1875,0.3125,0.8125],"texture":"#0"},"south":{"uv":[0,4,0,4.625],"texture":"#0"},"west":{"uv":[1.25,0.1875,1.5,0.8125],"texture":"#0"},"up":{"uv":[0,5,0,5.25],"texture":"#0"},"down":{"uv":[0,5,0,5.25],"texture":"#0"}}},{"from":[7.25,-14.1,7],"to":[8.75,-9.1,7],"rotation":{"angle":0,"axis":"y","origin":[4.5,12,4.5]},"faces":{"north":{"uv":[0.8125,1.375,1,0.75],"texture":"#0"},"east":{"uv":[0,4,0,4.625],"texture":"#0"},"south":{"uv":[2.125,1.375,1.9375,0.75],"texture":"#0"},"west":{"uv":[0,4,0,4.625],"texture":"#0"},"up":{"uv":[0,5,0,5.1875],"rotation":90,"texture":"#0"},"down":{"uv":[0,5,0,5.1875],"rotation":270,"texture":"#0"}}},{"from":[7.25,-14.1,9],"to":[8.75,-9.1,9],"rotation":{"angle":0,"axis":"y","origin":[4.5,12,6.5]},"faces":{"north":{"uv":[1.9375,1.375,2.125,0.75],"texture":"#0"},"east":{"uv":[0,4,0,4.625],"texture":"#0"},"south":{"uv":[1,1.375,0.8125,0.75],"texture":"#0"},"west":{"uv":[0,4,0,4.625],"texture":"#0"},"up":{"uv":[0,5,0,5.1875],"rotation":90,"texture":"#0"},"down":{"uv":[0,5,0,5.1875],"rotation":270,"texture":"#0"}}},{"from":[7.25,14.1,9],"to":[8.75,19.1,9],"rotation":{"angle":0,"axis":"y","origin":[4.5,4,6.5]},"faces":{"north":{"uv":[1.9375,0.75,2.125,1.375],"texture":"#0"},"east":{"uv":[0,4.625,0,4],"texture":"#0"},"south":{"uv":[1,0.75,0.8125,1.375],"texture":"#0"},"west":{"uv":[0,4.625,0,4],"texture":"#0"},"up":{"uv":[0,5,0,5.1875],"rotation":270,"texture":"#0"},"down":{"uv":[0,5,0,5.1875],"rotation":90,"texture":"#0"}}},{"from":[7.25,14.1,7],"to":[7.25,19.1,9],"rotation":{"angle":0,"axis":"y","origin":[4.5,4,4.5]},"faces":{"north":{"uv":[0,4.625,0,4],"texture":"#0"},"east":{"uv":[1.5,0.8125,1.25,0.1875],"texture":"#0"},"south":{"uv":[0,4.625,0,4],"texture":"#0"},"west":{"uv":[0.3125,0.8125,0.5625,0.1875],"texture":"#0"},"up":{"uv":[0,5.25,0,5],"texture":"#0"},"down":{"uv":[0,5.25,0,5],"texture":"#0"}}},{"from":[7.25,14.1,7],"to":[8.75,19.1,7],"rotation":{"angle":0,"axis":"y","origin":[4.5,4,4.5]},"faces":{"north":{"uv":[0.8125,0.75,1,1.375],"texture":"#0"},"east":{"uv":[0,4.625,0,4],"texture":"#0"},"south":{"uv":[2.125,0.75,1.9375,1.375],"texture":"#0"},"west":{"uv":[0,4.625,0,4],"texture":"#0"},"up":{"uv":[0,5,0,5.1875],"rotation":270,"texture":"#0"},"down":{"uv":[0,5,0,5.1875],"rotation":90,"texture":"#0"}}},{"from":[8.75,14.1,7],"to":[8.75,19.1,9],"rotation":{"angle":0,"axis":"y","origin":[11.5,4,4.5]},"faces":{"north":{"uv":[0,4.625,0,4],"texture":"#0"},"east":{"uv":[0.5625,0.8125,0.3125,0.1875],"texture":"#0"},"south":{"uv":[0,4.625,0,4],"texture":"#0"},"west":{"uv":[1.25,0.8125,1.5,0.1875],"texture":"#0"},"up":{"uv":[0,5.25,0,5],"texture":"#0"},"down":{"uv":[0,5.25,0,5],"texture":"#0"}}},{"from":[7,-8.7,6.75],"to":[9,-1.7,9.25],"rotation":{"angle":0,"axis":"y","origin":[0,-1,-2.5]},"faces":{"north":{"uv":[5.6875,2,5.9375,2.875],"texture":"#0"},"east":{"uv":[5.375,2,5.6875,2.875],"texture":"#0"},"south":{"uv":[5.6875,2,5.9375,2.875],"texture":"#0"},"west":{"uv":[5.375,2,5.6875,2.875],"texture":"#0"},"up":{"uv":[5.9375,2,6.1875,2.3125],"texture":"#0"},"down":{"uv":[5.9375,2,6.1875,2.3125],"texture":"#0"}}},{"from":[7,-1.7,6.75],"to":[7,-0.2,9.25],"rotation":{"angle":22.5,"axis":"z","origin":[7,-1.7,8]},"faces":{"north":{"uv":[5.6875,2,5.9375,2.875],"texture":"#0"},"east":{"uv":[6.6875,1.8125,6.375,2],"texture":"#0"},"south":{"uv":[5.6875,2,5.9375,2.875],"texture":"#0"},"west":{"uv":[6.375,1.8125,6.6875,2],"texture":"#0"},"up":{"uv":[5.9375,2,6.1875,2.3125],"texture":"#0"},"down":{"uv":[5.9375,2,6.1875,2.3125],"texture":"#0"}}},{"from":[9,-1.7,6.75],"to":[9,-0.2,9.25],"rotation":{"angle":-22.5,"axis":"z","origin":[9,-1.7,8]},"faces":{"north":{"uv":[5.9375,2,5.6875,2.875],"texture":"#0"},"east":{"uv":[6.6875,1.8125,6.375,2],"texture":"#0"},"south":{"uv":[5.9375,2,5.6875,2.875],"texture":"#0"},"west":{"uv":[6.375,1.8125,6.6875,2],"texture":"#0"},"up":{"uv":[6.1875,2,5.9375,2.3125],"texture":"#0"},"down":{"uv":[6.1875,2,5.9375,2.3125],"texture":"#0"}}},{"from":[7,-1.7,6.8],"to":[9,-0.2,6.8],"rotation":{"angle":-22.5,"axis":"x","origin":[7.7,-1.7,6.8]},"faces":{"north":{"uv":[6.375,1.8125,6.625,2],"texture":"#0"},"east":{"uv":[5.6875,2,5.6875,2.1875],"texture":"#0"},"south":{"uv":[6.625,1.8125,6.375,2],"texture":"#0"},"west":{"uv":[5.6875,2,5.6875,2.1875],"texture":"#0"},"up":{"uv":[5.9375,2,5.9375,2.25],"rotation":90,"texture":"#0"},"down":{"uv":[5.9375,2,5.9375,2.25],"rotation":270,"texture":"#0"}}},{"from":[7,-1.7,9.2],"to":[9,-0.2,9.2],"rotation":{"angle":22.5,"axis":"x","origin":[7.7,-1.7,9.2]},"faces":{"north":{"uv":[6.375,1.8125,6.625,2],"texture":"#0"},"east":{"uv":[5.6875,2,5.6875,2.1875],"texture":"#0"},"south":{"uv":[6.625,1.8125,6.375,2],"texture":"#0"},"west":{"uv":[5.6875,2,5.6875,2.1875],"texture":"#0"},"up":{"uv":[5.9375,2,5.9375,2.25],"rotation":90,"texture":"#0"},"down":{"uv":[5.9375,2,5.9375,2.25],"rotation":270,"texture":"#0"}}},{"from":[7,-10.1,6.8],"to":[9,-8.6,6.8],"rotation":{"angle":22.5,"axis":"x","origin":[7.7,-8.6,6.8]},"faces":{"north":{"uv":[6.375,2,6.625,1.8125],"texture":"#0"},"east":{"uv":[5.6875,2.1875,5.6875,2],"texture":"#0"},"south":{"uv":[6.625,2,6.375,1.8125],"texture":"#0"},"west":{"uv":[5.6875,2.1875,5.6875,2],"texture":"#0"},"up":{"uv":[5.9375,2,5.9375,2.25],"rotation":270,"texture":"#0"},"down":{"uv":[5.9375,2,5.9375,2.25],"rotation":90,"texture":"#0"}}},{"from":[7,-10.1,9.2],"to":[9,-8.6,9.2],"rotation":{"angle":-22.5,"axis":"x","origin":[7.7,-8.6,9.2]},"faces":{"north":{"uv":[6.375,2,6.625,1.8125],"texture":"#0"},"east":{"uv":[5.6875,2.1875,5.6875,2],"texture":"#0"},"south":{"uv":[6.625,2,6.375,1.8125],"texture":"#0"},"west":{"uv":[5.6875,2.1875,5.6875,2],"texture":"#0"},"up":{"uv":[5.9375,2,5.9375,2.25],"rotation":270,"texture":"#0"},"down":{"uv":[5.9375,2,5.9375,2.25],"rotation":90,"texture":"#0"}}},{"from":[9,-10.2,6.75],"to":[9,-8.7,9.25],"rotation":{"angle":22.5,"axis":"z","origin":[9,-8.7,8]},"faces":{"north":{"uv":[5.9375,2.875,5.6875,2],"texture":"#0"},"east":{"uv":[6.6875,2,6.375,1.8125],"texture":"#0"},"south":{"uv":[5.9375,2.875,5.6875,2],"texture":"#0"},"west":{"uv":[6.375,2,6.6875,1.8125],"texture":"#0"},"up":{"uv":[6.1875,2.3125,5.9375,2],"texture":"#0"},"down":{"uv":[6.1875,2.3125,5.9375,2],"texture":"#0"}}},{"from":[7,-10.2,6.75],"to":[7,-8.7,9.25],"rotation":{"angle":-22.5,"axis":"z","origin":[7,-8.7,8]},"faces":{"north":{"uv":[5.6875,2.875,5.9375,2],"texture":"#0"},"east":{"uv":[6.6875,2,6.375,1.8125],"texture":"#0"},"south":{"uv":[5.6875,2.875,5.9375,2],"texture":"#0"},"west":{"uv":[6.375,2,6.6875,1.8125],"texture":"#0"},"up":{"uv":[5.9375,2.3125,6.1875,2],"texture":"#0"},"down":{"uv":[5.9375,2.3125,6.1875,2],"texture":"#0"}}},{"from":[7.25,-9.1,7],"to":[8.75,-1.1,9],"rotation":{"angle":0,"axis":"y","origin":[-0.2,-4,16.5]},"faces":{"north":{"uv":[7.25,1,7.4375,2],"texture":"#0"},"east":{"uv":[7,1,7.25,2],"texture":"#0"},"south":{"uv":[7.25,1,7.4375,2],"texture":"#0"},"west":{"uv":[7,1,7.25,2],"texture":"#0"},"up":{"uv":[7,1,6.8125,1.25],"texture":"#0"},"down":{"uv":[7,1,6.8125,1.25],"texture":"#0"}}},{"from":[7.25,3.9,7],"to":[8.75,11.9,9],"rotation":{"angle":0,"axis":"y","origin":[-0.2,-4,16.5]},"faces":{"north":{"uv":[7.25,1,7.4375,2],"texture":"#0"},"east":{"uv":[7,1,7.25,2],"texture":"#0"},"south":{"uv":[7.25,1,7.4375,2],"texture":"#0"},"west":{"uv":[7,1,7.25,2],"texture":"#0"},"up":{"uv":[7,1,6.8125,1.25],"texture":"#0"},"down":{"uv":[7,1,6.8125,1.25],"texture":"#0"}}},{"from":[7.25,-1.1,7],"to":[8.75,3.9,9],"rotation":{"angle":0,"axis":"y","origin":[-0.2,-4,16.5]},"faces":{"north":{"uv":[7.25,1,7.4375,1.625],"texture":"#0"},"east":{"uv":[7,1,7.25,1.625],"texture":"#0"},"south":{"uv":[7.25,1,7.4375,1.625],"texture":"#0"},"west":{"uv":[7,1,7.25,1.625],"texture":"#0"},"up":{"uv":[7,1,6.8125,1.25],"texture":"#0"},"down":{"uv":[7,1,6.8125,1.25],"texture":"#0"}}},{"from":[8,-15.9,6.6],"to":[8,-11.9,9.6],"rotation":{"angle":0,"axis":"y","origin":[3.4,17.1,4.5]},"faces":{"north":{"uv":[0,0,0,8],"rotation":180,"texture":"#1"},"east":{"uv":[0,0,6,8],"rotation":180,"texture":"#1"},"south":{"uv":[0,0,0,8],"rotation":180,"texture":"#1"},"west":{"uv":[6,0,0,8],"rotation":180,"texture":"#1"},"up":{"uv":[0,0,0,6],"rotation":180,"texture":"#1"},"down":{"uv":[0,6,0,0],"rotation":180,"texture":"#1"}}},{"from":[8,16.9,6.6],"to":[8,20.9,9.6],"rotation":{"angle":0,"axis":"y","origin":[3.4,-1.1,4.5]},"faces":{"north":{"uv":[0,8,0,0],"rotation":180,"texture":"#1"},"east":{"uv":[0,8,6,0],"rotation":180,"texture":"#1"},"south":{"uv":[0,8,0,0],"rotation":180,"texture":"#1"},"west":{"uv":[6,8,0,0],"rotation":180,"texture":"#1"},"up":{"uv":[0,0,0,6],"rotation":180,"texture":"#1"},"down":{"uv":[0,6,0,0],"rotation":180,"texture":"#1"}}},{"from":[8,7.6,0.5],"to":[8,10.6,4.5],"rotation":{"angle":0,"axis":"y","origin":[8,-13.9,8.1]},"faces":{"north":{"uv":[0,6,0,0],"texture":"#1"},"east":{"uv":[0,0,6,8],"rotation":90,"texture":"#1"},"south":{"uv":[0,0,0,6],"rotation":180,"texture":"#1"},"west":{"uv":[6,0,0,8],"rotation":270,"texture":"#1"},"up":{"uv":[0,0,0,8],"texture":"#1"},"down":{"uv":[0,0,0,8],"rotation":180,"texture":"#1"}}},{"from":[8,7.6,10.5],"to":[8,10.6,14.5],"rotation":{"angle":0,"axis":"y","origin":[8,-13.9,7.9]},"faces":{"north":{"uv":[0,0,0,6],"rotation":180,"texture":"#1"},"east":{"uv":[0,8,6,0],"rotation":90,"texture":"#1"},"south":{"uv":[0,6,0,0],"texture":"#1"},"west":{"uv":[6,8,0,0],"rotation":270,"texture":"#1"},"up":{"uv":[0,8,0,0],"texture":"#1"},"down":{"uv":[0,8,0,0],"rotation":180,"texture":"#1"}}},{"from":[8,4,0.5],"to":[8,7,4.5],"rotation":{"angle":0,"axis":"y","origin":[8,-13.9,8.1]},"faces":{"north":{"uv":[0,6,0,0],"texture":"#1"},"east":{"uv":[0,0,6,8],"rotation":90,"texture":"#1"},"south":{"uv":[0,0,0,6],"rotation":180,"texture":"#1"},"west":{"uv":[6,0,0,8],"rotation":270,"texture":"#1"},"up":{"uv":[0,0,0,8],"texture":"#1"},"down":{"uv":[0,0,0,8],"rotation":180,"texture":"#1"}}},{"from":[6.41022,11.5,5.5],"to":[6.41022,14.5,10.5],"rotation":{"angle":0,"axis":"y","origin":[7.93682,18,5.4266]},"faces":{"north":{"uv":[0,0,0,8],"texture":"#4"},"south":{"uv":[0,0,0,8],"texture":"#4"},"west":{"uv":[0,0,14,8],"texture":"#4"},"up":{"uv":[0,14,0,0],"texture":"#4"},"down":{"uv":[0,0,0,14],"texture":"#4"}}},{"from":[6.51022,11.5,6.5],"to":[9.51022,14.5,9.5],"rotation":{"angle":0,"axis":"y","origin":[7.93682,18,5.4266]},"faces":{"north":{"uv":[0.9375,0,0.3125,0.5],"texture":"#0"},"east":{"uv":[0,0,0.625,0.5],"texture":"#0"},"south":{"uv":[0.3125,0,0.9375,0.5],"texture":"#0"},"west":{"uv":[0,0,0.625,0.5],"texture":"#0"},"up":{"uv":[1.375,1.6875,2,2.3125],"texture":"#0"},"down":{"uv":[1.375,1.6875,2,2.3125],"rotation":180,"texture":"#0"}}}],"gui_light":"front","display":{"thirdperson_righthand":{"rotation":[-22.5,0,0],"translation":[0,3.25,-1.25],"scale":[0.30195,0.30195,0.30195]},"thirdperson_lefthand":{"rotation":[-22.5,0,0],"translation":[0,3.25,-1.25],"scale":[0.30195,0.30195,0.30195]},"firstperson_righthand":{"rotation":[-90,0,0],"translation":[2,4.25,0],"scale":[0.30508,0.30508,0.30508]},"firstperson_lefthand":{"rotation":[-90,0,0],"translation":[2,4.25,0],"scale":[0.30508,0.30508,0.30508]},"ground":{"translation":[0,9,0],"scale":[0.4,0.4,0.4]},"gui":{"rotation":[180,90,180],"translation":[0,2.5,-1.5],"scale":[0.47695,0.47695,0.47695]},"head":{"scale":[0,0,0]},"fixed":{"rotation":[0,-90,0],"translation":[0,5.5,-1]}}}