{"credit":"Made with Blockbench","texture_size":[128,128],"textures":{"0":"elitecreatures:scarecrow_animated_weapon_set/scarecrow_texture","1":"elitecreatures:scarecrow_animated_weapon_set/scarecrow_animation_01","4":"elitecreatures:scarecrow_animated_weapon_set/scarecrow_animation_04","5":"elitecreatures:scarecrow_animated_weapon_set/scarecrow_animation_03","particle":"elitecreatures:scarecrow_animated_weapon_set/scarecrow_texture"},"elements":[{"from":[7.25,-14.1,7],"to":[7.25,-9.1,9],"rotation":{"angle":0,"axis":"y","origin":[4.5,12,4.5]},"faces":{"north":{"uv":[0,4,0,4.625],"texture":"#0"},"east":{"uv":[1.5,0.1875,1.25,0.8125],"texture":"#0"},"south":{"uv":[0,4,0,4.625],"texture":"#0"},"west":{"uv":[0.3125,0.1875,0.5625,0.8125],"texture":"#0"},"up":{"uv":[0,5,0,5.25],"texture":"#0"},"down":{"uv":[0,5,0,5.25],"texture":"#0"}}},{"from":[8.75,-14.1,7],"to":[8.75,-9.1,9],"rotation":{"angle":0,"axis":"y","origin":[11.5,12,4.5]},"faces":{"north":{"uv":[0,4,0,4.625],"texture":"#0"},"east":{"uv":[0.5625,0.1875,0.3125,0.8125],"texture":"#0"},"south":{"uv":[0,4,0,4.625],"texture":"#0"},"west":{"uv":[1.25,0.1875,1.5,0.8125],"texture":"#0"},"up":{"uv":[0,5,0,5.25],"texture":"#0"},"down":{"uv":[0,5,0,5.25],"texture":"#0"}}},{"from":[7.25,-14.1,7],"to":[8.75,-9.1,7],"rotation":{"angle":0,"axis":"y","origin":[4.5,12,4.5]},"faces":{"north":{"uv":[0.8125,1.375,1,0.75],"texture":"#0"},"east":{"uv":[0,4,0,4.625],"texture":"#0"},"south":{"uv":[2.125,1.375,1.9375,0.75],"texture":"#0"},"west":{"uv":[0,4,0,4.625],"texture":"#0"},"up":{"uv":[0,5,0,5.1875],"rotation":90,"texture":"#0"},"down":{"uv":[0,5,0,5.1875],"rotation":270,"texture":"#0"}}},{"from":[7.25,-14.1,9],"to":[8.75,-9.1,9],"rotation":{"angle":0,"axis":"y","origin":[4.5,12,6.5]},"faces":{"north":{"uv":[1.9375,1.375,2.125,0.75],"texture":"#0"},"east":{"uv":[0,4,0,4.625],"texture":"#0"},"south":{"uv":[1,1.375,0.8125,0.75],"texture":"#0"},"west":{"uv":[0,4,0,4.625],"texture":"#0"},"up":{"uv":[0,5,0,5.1875],"rotation":90,"texture":"#0"},"down":{"uv":[0,5,0,5.1875],"rotation":270,"texture":"#0"}}},{"from":[7,-8.7,6.75],"to":[9,-1.7,9.25],"rotation":{"angle":0,"axis":"y","origin":[0,-1,-2.5]},"faces":{"north":{"uv":[5.6875,2,5.9375,2.875],"texture":"#0"},"east":{"uv":[5.375,2,5.6875,2.875],"texture":"#0"},"south":{"uv":[5.6875,2,5.9375,2.875],"texture":"#0"},"west":{"uv":[5.375,2,5.6875,2.875],"texture":"#0"},"up":{"uv":[5.9375,2,6.1875,2.3125],"texture":"#0"},"down":{"uv":[5.9375,2,6.1875,2.3125],"texture":"#0"}}},{"from":[7.9,-1.5,7.1],"to":[9,1.5,8.9],"rotation":{"angle":0,"axis":"y","origin":[16,16,0]},"faces":{"north":{"uv":[6.4375,2.625,6.3125,2.25],"rotation":180,"texture":"#0"},"east":{"uv":[6.3125,2,6.6875,2.25],"rotation":90,"texture":"#0"},"south":{"uv":[6.4375,2.625,6.3125,2.25],"texture":"#0"},"west":{"uv":[6.6875,2,6.3125,2.25],"rotation":270,"texture":"#0"},"up":{"uv":[6.8125,2.25,6.6875,2],"rotation":180,"texture":"#0"},"down":{"uv":[6.8125,2.25,6.6875,2],"texture":"#0"}}},{"from":[7,-1.5,7.1],"to":[8.1,1.5,8.9],"rotation":{"angle":0,"axis":"y","origin":[0,16,0]},"faces":{"north":{"uv":[6.3125,2.625,6.4375,2.25],"rotation":180,"texture":"#0"},"east":{"uv":[6.6875,2.25,6.3125,2],"rotation":270,"texture":"#0"},"south":{"uv":[6.3125,2.625,6.4375,2.25],"texture":"#0"},"west":{"uv":[6.3125,2.25,6.6875,2],"rotation":90,"texture":"#0"},"up":{"uv":[6.6875,2.25,6.8125,2],"rotation":180,"texture":"#0"},"down":{"uv":[6.6875,2.25,6.8125,2],"texture":"#0"}}},{"from":[7,-1.7,6.75],"to":[7,-0.2,9.25],"rotation":{"angle":22.5,"axis":"z","origin":[7,-1.7,8]},"faces":{"north":{"uv":[5.6875,2,5.9375,2.875],"texture":"#0"},"east":{"uv":[6.6875,1.8125,6.375,2],"texture":"#0"},"south":{"uv":[5.6875,2,5.9375,2.875],"texture":"#0"},"west":{"uv":[6.375,1.8125,6.6875,2],"texture":"#0"},"up":{"uv":[5.9375,2,6.1875,2.3125],"texture":"#0"},"down":{"uv":[5.9375,2,6.1875,2.3125],"texture":"#0"}}},{"from":[9,-1.7,6.75],"to":[9,-0.2,9.25],"rotation":{"angle":-22.5,"axis":"z","origin":[9,-1.7,8]},"faces":{"north":{"uv":[5.9375,2,5.6875,2.875],"texture":"#0"},"east":{"uv":[6.6875,1.8125,6.375,2],"texture":"#0"},"south":{"uv":[5.9375,2,5.6875,2.875],"texture":"#0"},"west":{"uv":[6.375,1.8125,6.6875,2],"texture":"#0"},"up":{"uv":[6.1875,2,5.9375,2.3125],"texture":"#0"},"down":{"uv":[6.1875,2,5.9375,2.3125],"texture":"#0"}}},{"from":[7,-1.7,6.8],"to":[9,-0.2,6.8],"rotation":{"angle":-22.5,"axis":"x","origin":[7.7,-1.7,6.8]},"faces":{"north":{"uv":[6.375,1.8125,6.625,2],"texture":"#0"},"east":{"uv":[5.6875,2,5.6875,2.1875],"texture":"#0"},"south":{"uv":[6.625,1.8125,6.375,2],"texture":"#0"},"west":{"uv":[5.6875,2,5.6875,2.1875],"texture":"#0"},"up":{"uv":[5.9375,2,5.9375,2.25],"rotation":90,"texture":"#0"},"down":{"uv":[5.9375,2,5.9375,2.25],"rotation":270,"texture":"#0"}}},{"from":[7,-1.7,9.2],"to":[9,-0.2,9.2],"rotation":{"angle":22.5,"axis":"x","origin":[7.7,-1.7,9.2]},"faces":{"north":{"uv":[6.375,1.8125,6.625,2],"texture":"#0"},"east":{"uv":[5.6875,2,5.6875,2.1875],"texture":"#0"},"south":{"uv":[6.625,1.8125,6.375,2],"texture":"#0"},"west":{"uv":[5.6875,2,5.6875,2.1875],"texture":"#0"},"up":{"uv":[5.9375,2,5.9375,2.25],"rotation":90,"texture":"#0"},"down":{"uv":[5.9375,2,5.9375,2.25],"rotation":270,"texture":"#0"}}},{"from":[7,-10.1,6.8],"to":[9,-8.6,6.8],"rotation":{"angle":22.5,"axis":"x","origin":[7.7,-8.6,6.8]},"faces":{"north":{"uv":[6.375,2,6.625,1.8125],"texture":"#0"},"east":{"uv":[5.6875,2.1875,5.6875,2],"texture":"#0"},"south":{"uv":[6.625,2,6.375,1.8125],"texture":"#0"},"west":{"uv":[5.6875,2.1875,5.6875,2],"texture":"#0"},"up":{"uv":[5.9375,2,5.9375,2.25],"rotation":270,"texture":"#0"},"down":{"uv":[5.9375,2,5.9375,2.25],"rotation":90,"texture":"#0"}}},{"from":[7,-10.1,9.2],"to":[9,-8.6,9.2],"rotation":{"angle":-22.5,"axis":"x","origin":[7.7,-8.6,9.2]},"faces":{"north":{"uv":[6.375,2,6.625,1.8125],"texture":"#0"},"east":{"uv":[5.6875,2.1875,5.6875,2],"texture":"#0"},"south":{"uv":[6.625,2,6.375,1.8125],"texture":"#0"},"west":{"uv":[5.6875,2.1875,5.6875,2],"texture":"#0"},"up":{"uv":[5.9375,2,5.9375,2.25],"rotation":270,"texture":"#0"},"down":{"uv":[5.9375,2,5.9375,2.25],"rotation":90,"texture":"#0"}}},{"from":[9,-10.2,6.75],"to":[9,-8.7,9.25],"rotation":{"angle":22.5,"axis":"z","origin":[9,-8.7,8]},"faces":{"north":{"uv":[5.9375,2.875,5.6875,2],"texture":"#0"},"east":{"uv":[6.6875,2,6.375,1.8125],"texture":"#0"},"south":{"uv":[5.9375,2.875,5.6875,2],"texture":"#0"},"west":{"uv":[6.375,2,6.6875,1.8125],"texture":"#0"},"up":{"uv":[6.1875,2.3125,5.9375,2],"texture":"#0"},"down":{"uv":[6.1875,2.3125,5.9375,2],"texture":"#0"}}},{"from":[7,-10.2,6.75],"to":[7,-8.7,9.25],"rotation":{"angle":-22.5,"axis":"z","origin":[7,-8.7,8]},"faces":{"north":{"uv":[5.6875,2.875,5.9375,2],"texture":"#0"},"east":{"uv":[6.6875,2,6.375,1.8125],"texture":"#0"},"south":{"uv":[5.6875,2.875,5.9375,2],"texture":"#0"},"west":{"uv":[6.375,2,6.6875,1.8125],"texture":"#0"},"up":{"uv":[5.9375,2.3125,6.1875,2],"texture":"#0"},"down":{"uv":[5.9375,2.3125,6.1875,2],"texture":"#0"}}},{"from":[7.25,-9.1,7],"to":[8.75,-1.1,9],"rotation":{"angle":0,"axis":"y","origin":[-0.2,-4,16.5]},"faces":{"north":{"uv":[7.25,1,7.4375,2],"texture":"#0"},"east":{"uv":[7,1,7.25,2],"texture":"#0"},"south":{"uv":[7.25,1,7.4375,2],"texture":"#0"},"west":{"uv":[7,1,7.25,2],"texture":"#0"},"up":{"uv":[7,1,6.8125,1.25],"texture":"#0"},"down":{"uv":[7,1,6.8125,1.25],"texture":"#0"}}},{"from":[7.15,-1.67003,7],"to":[8.85,3.32997,9],"rotation":{"angle":0,"axis":"y","origin":[8,0.82997,8.75911]},"faces":{"north":{"uv":[7.6875,1,7.875,1.625],"texture":"#0"},"east":{"uv":[7.4375,1,7.6875,1.625],"texture":"#0"},"south":{"uv":[7.6875,1,7.875,1.625],"texture":"#0"},"west":{"uv":[7.4375,1,7.6875,1.625],"texture":"#0"},"up":{"uv":[6.75,1.0625,7,1.25],"rotation":270,"texture":"#0"},"down":{"uv":[6.75,1.0625,7,1.25],"rotation":270,"texture":"#0"}}},{"from":[7.05,3.3,7],"to":[8.95,8.3,9],"rotation":{"angle":0,"axis":"y","origin":[0,-3.2,16.7]},"faces":{"north":{"uv":[4.75,2,4.9375,2.625],"texture":"#0"},"east":{"uv":[4.5,2,4.75,2.625],"texture":"#0"},"south":{"uv":[4.75,2,4.9375,2.625],"texture":"#0"},"west":{"uv":[4.5,2,4.75,2.625],"texture":"#0"},"up":{"uv":[6.375,1.625,6.625,1.8125],"rotation":270,"texture":"#0"},"down":{"uv":[6.375,1.625,6.625,1.8125],"rotation":270,"texture":"#0"}}},{"from":[9,18.4,7.75],"to":[9,19.9,10.25],"rotation":{"angle":45,"axis":"x","origin":[9,17.7,8]},"faces":{"north":{"uv":[5.9375,2,5.6875,2.875],"texture":"#0"},"east":{"uv":[6.6875,1.8125,6.375,2],"texture":"#0"},"south":{"uv":[5.9375,2,5.6875,2.875],"texture":"#0"},"west":{"uv":[6.375,1.8125,6.6875,2],"texture":"#0"},"up":{"uv":[6.1875,2,5.9375,2.3125],"texture":"#0"},"down":{"uv":[6.1875,2,5.9375,2.3125],"texture":"#0"}}},{"from":[9,18.4,5.75],"to":[9,19.9,8.25],"rotation":{"angle":-45,"axis":"x","origin":[9,17.7,8]},"faces":{"north":{"uv":[5.6875,2,5.9375,2.875],"texture":"#0"},"east":{"uv":[6.6875,1.8125,6.375,2],"texture":"#0"},"south":{"uv":[5.6875,2,5.9375,2.875],"texture":"#0"},"west":{"uv":[6.375,1.8125,6.6875,2],"texture":"#0"},"up":{"uv":[6.1875,2.3125,5.9375,2],"texture":"#0"},"down":{"uv":[6.1875,2.3125,5.9375,2],"texture":"#0"}}},{"from":[7,18.4,5.75],"to":[7,19.9,8.25],"rotation":{"angle":-45,"axis":"x","origin":[7,17.7,8]},"faces":{"north":{"uv":[5.9375,2,5.6875,2.875],"texture":"#0"},"east":{"uv":[6.6875,1.8125,6.375,2],"texture":"#0"},"south":{"uv":[5.9375,2,5.6875,2.875],"texture":"#0"},"west":{"uv":[6.375,1.8125,6.6875,2],"texture":"#0"},"up":{"uv":[5.9375,2.3125,6.1875,2],"texture":"#0"},"down":{"uv":[5.9375,2.3125,6.1875,2],"texture":"#0"}}},{"from":[7,18.4,7.75],"to":[7,19.9,10.25],"rotation":{"angle":45,"axis":"x","origin":[7,17.7,8]},"faces":{"north":{"uv":[5.6875,2,5.9375,2.875],"texture":"#0"},"east":{"uv":[6.6875,1.8125,6.375,2],"texture":"#0"},"south":{"uv":[5.6875,2,5.9375,2.875],"texture":"#0"},"west":{"uv":[6.375,1.8125,6.6875,2],"texture":"#0"},"up":{"uv":[5.9375,2,6.1875,2.3125],"texture":"#0"},"down":{"uv":[5.9375,2,6.1875,2.3125],"texture":"#0"}}},{"from":[6.95,8,6.9],"to":[9.05,14.2,9.1],"rotation":{"angle":0,"axis":"y","origin":[0,-3.2,16.7]},"faces":{"north":{"uv":[5.1875,2,5.375,2.75],"texture":"#0"},"east":{"uv":[4.9375,2,5.1875,2.75],"texture":"#0"},"south":{"uv":[5.1875,2,5.375,2.75],"texture":"#0"},"west":{"uv":[4.9375,2,5.1875,2.75],"texture":"#0"},"up":{"uv":[6.625,1.625,6.875,1.8125],"rotation":270,"texture":"#0"},"down":{"uv":[6.625,1.625,6.875,1.8125],"rotation":270,"texture":"#0"}}},{"from":[8,-15.9,6.6],"to":[8,-11.9,9.6],"rotation":{"angle":0,"axis":"y","origin":[3.4,17.1,4.5]},"faces":{"north":{"uv":[0,0,0,8],"rotation":180,"texture":"#1"},"east":{"uv":[0,0,6,8],"rotation":180,"texture":"#1"},"south":{"uv":[0,0,0,8],"rotation":180,"texture":"#1"},"west":{"uv":[6,0,0,8],"rotation":180,"texture":"#1"},"up":{"uv":[0,0,0,6],"rotation":180,"texture":"#1"},"down":{"uv":[0,6,0,0],"rotation":180,"texture":"#1"}}},{"from":[7,15.30753,2.89959],"to":[9,15.30753,4.39959],"rotation":{"angle":22.5,"axis":"x","origin":[8,15.5,8]},"faces":{"north":{"uv":[5.9375,2,5.9375,2.25],"rotation":270,"texture":"#0"},"east":{"uv":[5.6875,2.1875,5.6875,2],"rotation":270,"texture":"#0"},"south":{"uv":[5.9375,2,5.9375,2.25],"rotation":270,"texture":"#0"},"west":{"uv":[5.6875,2.1875,5.6875,2],"rotation":90,"texture":"#0"},"up":{"uv":[6.375,2,6.625,1.8125],"rotation":180,"texture":"#0"},"down":{"uv":[6.625,2,6.375,1.8125],"texture":"#0"}}},{"from":[9.3,3,4.5],"to":[9.3,7,11.5],"rotation":{"angle":22.5,"axis":"x","origin":[12,23,24]},"faces":{"north":{"uv":[0,0,0,8],"texture":"#5"},"east":{"uv":[0,0,14,8],"texture":"#5"},"south":{"uv":[0,0,0,8],"texture":"#5"},"west":{"uv":[14,0,0,8],"texture":"#5"},"up":{"uv":[0,0,0,14],"texture":"#5"},"down":{"uv":[0,14,0,0],"texture":"#5"}}},{"from":[6.3,9,6.5],"to":[6.3,13,13.5],"rotation":{"angle":-22.5,"axis":"x","origin":[12,23,-3]},"faces":{"north":{"uv":[0,0,0,8],"texture":"#5"},"east":{"uv":[14,0,0,8],"texture":"#5"},"south":{"uv":[0,0,0,8],"texture":"#5"},"west":{"uv":[0,0,14,8],"texture":"#5"},"up":{"uv":[0,14,0,0],"texture":"#5"},"down":{"uv":[0,0,0,14],"texture":"#5"}}},{"from":[8.41551,14.25,2.88374],"to":[8.41551,16.75,4.38374],"rotation":{"angle":22.5,"axis":"y","origin":[8,15.5,8]},"faces":{"north":{"uv":[5.9375,2.3125,6.1875,2],"rotation":180,"texture":"#0"},"east":{"uv":[6.6875,2,6.375,1.8125],"rotation":270,"texture":"#0"},"south":{"uv":[5.9375,2.3125,6.1875,2],"texture":"#0"},"west":{"uv":[6.375,2,6.6875,1.8125],"rotation":90,"texture":"#0"},"up":{"uv":[5.6875,2.875,5.9375,2],"rotation":180,"texture":"#0"},"down":{"uv":[5.6875,2.875,5.9375,2],"texture":"#0"}}},{"from":[7,14.25,4.5],"to":[9,16.75,11.5],"rotation":{"angle":0,"axis":"y","origin":[8,15.5,8]},"faces":{"north":{"uv":[5.9375,2,6.1875,2.3125],"rotation":180,"texture":"#0"},"east":{"uv":[5.375,2,5.6875,2.875],"rotation":270,"texture":"#0"},"south":{"uv":[5.9375,2,6.1875,2.3125],"texture":"#0"},"west":{"uv":[5.375,2,5.6875,2.875],"rotation":90,"texture":"#0"},"up":{"uv":[5.6875,2,5.9375,2.875],"rotation":180,"texture":"#0"},"down":{"uv":[5.6875,2,5.9375,2.875],"texture":"#0"}}},{"from":[8.41551,14.25,11.61626],"to":[8.41551,16.75,13.11626],"rotation":{"angle":-22.5,"axis":"y","origin":[8,15.5,8]},"faces":{"north":{"uv":[5.9375,2,6.1875,2.3125],"rotation":180,"texture":"#0"},"east":{"uv":[6.6875,1.8125,6.375,2],"rotation":270,"texture":"#0"},"south":{"uv":[5.9375,2,6.1875,2.3125],"texture":"#0"},"west":{"uv":[6.375,1.8125,6.6875,2],"rotation":90,"texture":"#0"},"up":{"uv":[5.6875,2,5.9375,2.875],"rotation":180,"texture":"#0"},"down":{"uv":[5.6875,2,5.9375,2.875],"texture":"#0"}}},{"from":[7,15.26926,11.6928],"to":[9,15.26926,13.1928],"rotation":{"angle":-22.5,"axis":"x","origin":[8,15.5,8]},"faces":{"north":{"uv":[5.9375,2,5.9375,2.25],"rotation":90,"texture":"#0"},"east":{"uv":[5.6875,2,5.6875,2.1875],"rotation":270,"texture":"#0"},"south":{"uv":[5.9375,2,5.9375,2.25],"rotation":90,"texture":"#0"},"west":{"uv":[5.6875,2,5.6875,2.1875],"rotation":90,"texture":"#0"},"up":{"uv":[6.375,1.8125,6.625,2],"rotation":180,"texture":"#0"},"down":{"uv":[6.625,1.8125,6.375,2],"texture":"#0"}}},{"from":[7.58449,14.25,11.61626],"to":[7.58449,16.75,13.11626],"rotation":{"angle":22.5,"axis":"y","origin":[8,15.5,8]},"faces":{"north":{"uv":[6.1875,2,5.9375,2.3125],"rotation":180,"texture":"#0"},"east":{"uv":[6.6875,1.8125,6.375,2],"rotation":270,"texture":"#0"},"south":{"uv":[6.1875,2,5.9375,2.3125],"texture":"#0"},"west":{"uv":[6.375,1.8125,6.6875,2],"rotation":90,"texture":"#0"},"up":{"uv":[5.9375,2,5.6875,2.875],"rotation":180,"texture":"#0"},"down":{"uv":[5.9375,2,5.6875,2.875],"texture":"#0"}}},{"from":[7.58449,14.25,2.88374],"to":[7.58449,16.75,4.38374],"rotation":{"angle":-22.5,"axis":"y","origin":[8,15.5,8]},"faces":{"north":{"uv":[6.1875,2.3125,5.9375,2],"rotation":180,"texture":"#0"},"east":{"uv":[6.6875,2,6.375,1.8125],"rotation":270,"texture":"#0"},"south":{"uv":[6.1875,2.3125,5.9375,2],"texture":"#0"},"west":{"uv":[6.375,2,6.6875,1.8125],"rotation":90,"texture":"#0"},"up":{"uv":[5.9375,2.875,5.6875,2],"rotation":180,"texture":"#0"},"down":{"uv":[5.9375,2.875,5.6875,2],"texture":"#0"}}},{"from":[7,15.73074,11.6928],"to":[9,15.73074,13.1928],"rotation":{"angle":22.5,"axis":"x","origin":[8,15.5,8]},"faces":{"north":{"uv":[5.9375,2,5.9375,2.25],"rotation":90,"texture":"#0"},"east":{"uv":[5.6875,2,5.6875,2.1875],"rotation":270,"texture":"#0"},"south":{"uv":[5.9375,2,5.9375,2.25],"rotation":90,"texture":"#0"},"west":{"uv":[5.6875,2,5.6875,2.1875],"rotation":90,"texture":"#0"},"up":{"uv":[6.375,1.8125,6.625,2],"rotation":180,"texture":"#0"},"down":{"uv":[6.625,1.8125,6.375,2],"texture":"#0"}}},{"from":[7,15.69247,2.89959],"to":[9,15.69247,4.39959],"rotation":{"angle":-22.5,"axis":"x","origin":[8,15.5,8]},"faces":{"north":{"uv":[5.9375,2,5.9375,2.25],"rotation":270,"texture":"#0"},"east":{"uv":[5.6875,2.1875,5.6875,2],"rotation":270,"texture":"#0"},"south":{"uv":[5.9375,2,5.9375,2.25],"rotation":270,"texture":"#0"},"west":{"uv":[5.6875,2.1875,5.6875,2],"rotation":90,"texture":"#0"},"up":{"uv":[6.375,2,6.625,1.8125],"rotation":180,"texture":"#0"},"down":{"uv":[6.625,2,6.375,1.8125],"texture":"#0"}}},{"from":[6.4,10.5,5.5],"to":[6.4,13.5,10.5],"rotation":{"angle":0,"axis":"y","origin":[8.06318,18,5.4266]},"faces":{"north":{"uv":[0,0,0,8],"texture":"#4"},"south":{"uv":[0,0,0,8],"texture":"#4"},"west":{"uv":[14,0,0,8],"texture":"#4"},"up":{"uv":[0,14,0,0],"rotation":180,"texture":"#4"},"down":{"uv":[0,0,0,14],"rotation":180,"texture":"#4"}}},{"from":[6.5,10.5,6.5],"to":[9.5,13.5,9.5],"rotation":{"angle":0,"axis":"y","origin":[7.93682,18,5.4266]},"faces":{"north":{"uv":[0.3125,0,0.9375,0.5],"texture":"#0"},"east":{"uv":[0,0,0.625,0.5],"texture":"#0"},"south":{"uv":[0.9375,0,0.3125,0.5],"texture":"#0"},"west":{"uv":[0,0,0.625,0.5],"texture":"#0"},"up":{"uv":[1.375,1.6875,2,2.3125],"rotation":180,"texture":"#0"},"down":{"uv":[1.375,1.6875,2,2.3125],"texture":"#0"}}},{"from":[6,15.20711,8.5],"to":[10,17.20711,10.5],"rotation":{"angle":-45,"axis":"x","origin":[8,14.70711,8]},"faces":{"north":{"uv":[2.75,3.25,2.25,3.5],"texture":"#0"},"east":{"uv":[2.25,3.25,2,3.5],"texture":"#0"},"south":{"uv":[2.75,3.25,2.25,3.5],"texture":"#0"},"west":{"uv":[2,3.25,2.25,3.5],"texture":"#0"},"up":{"uv":[2.75,3.5,2.25,3.25],"texture":"#0"},"down":{"uv":[2.75,3.25,2.25,3.5],"texture":"#0"}}},{"from":[6.5,14,8],"to":[9.5,18,12],"rotation":{"angle":-45,"axis":"x","origin":[8,14,8]},"faces":{"north":{"uv":[3.5,3.0625,4,3.4375],"rotation":90,"texture":"#0"},"east":{"uv":[3,3.1875,3.5,2.6875],"rotation":90,"texture":"#0"},"south":{"uv":[3.5,3.0625,4,3.4375],"rotation":90,"texture":"#0"},"west":{"uv":[3,2.6875,3.5,3.1875],"rotation":90,"texture":"#0"},"up":{"uv":[4,2.6875,3.5,3.0625],"rotation":90,"texture":"#0"},"down":{"uv":[4,2.6875,3.5,3.0625],"rotation":90,"texture":"#0"}}},{"from":[0.6,16,6.8],"to":[0.6,20,9.8],"rotation":{"angle":22.5,"axis":"z","origin":[3.4,30.1,4.5]},"faces":{"north":{"uv":[0,0,0,0.5],"texture":"#1"},"east":{"uv":[6,0,0,8],"texture":"#1"},"south":{"uv":[0,0,0,0.5],"texture":"#1"},"west":{"uv":[0,0,6,8],"texture":"#1"},"up":{"uv":[0,0.375,0,0],"texture":"#1"},"down":{"uv":[0,0,0,0.375],"texture":"#1"}}},{"from":[15.4,16,6.8],"to":[15.4,20,9.8],"rotation":{"angle":-22.5,"axis":"z","origin":[12.6,30.1,4.5]},"faces":{"north":{"uv":[0,0,0,0.5],"texture":"#1"},"east":{"uv":[6,0,0,8],"texture":"#1"},"south":{"uv":[0,0,0,0.5],"texture":"#1"},"west":{"uv":[0,0,6,8],"texture":"#1"},"up":{"uv":[0,0.375,0,0],"texture":"#1"},"down":{"uv":[0,0,0,0.375],"texture":"#1"}}},{"from":[7.25,14.55,10.35],"to":[8.75,14.55,15.35],"rotation":{"angle":0,"axis":"y","origin":[8,-12.75,8]},"faces":{"north":{"uv":[0,5.1875,0,5],"rotation":90,"texture":"#0"},"east":{"uv":[0,4.625,0,4],"rotation":270,"texture":"#0"},"south":{"uv":[0,5.1875,0,5],"rotation":90,"texture":"#0"},"west":{"uv":[0,4.625,0,4],"rotation":90,"texture":"#0"},"up":{"uv":[1.9375,0.75,2.125,1.375],"rotation":180,"texture":"#0"},"down":{"uv":[1,0.75,0.8125,1.375],"texture":"#0"}}},{"from":[8.75,14.55,10.35],"to":[8.75,16.55,15.35],"rotation":{"angle":0,"axis":"y","origin":[8,-12.75,8]},"faces":{"north":{"uv":[0,5,0,5.25],"texture":"#0"},"east":{"uv":[0.5625,0.8125,0.3125,0.1875],"rotation":270,"texture":"#0"},"south":{"uv":[0,5,0,5.25],"rotation":180,"texture":"#0"},"west":{"uv":[1.25,0.8125,1.5,0.1875],"rotation":90,"texture":"#0"},"up":{"uv":[0,4.625,0,4],"rotation":180,"texture":"#0"},"down":{"uv":[0,4.625,0,4],"texture":"#0"}}},{"from":[8,13.95,13.15],"to":[8,16.95,17.15],"rotation":{"angle":0,"axis":"y","origin":[8,-12.75,8]},"faces":{"north":{"uv":[0,0,0,6],"rotation":180,"texture":"#1"},"east":{"uv":[0,8,6,0],"rotation":90,"texture":"#1"},"south":{"uv":[0,6,0,0],"texture":"#1"},"west":{"uv":[6,8,0,0],"rotation":270,"texture":"#1"},"up":{"uv":[0,8,0,0],"texture":"#1"},"down":{"uv":[0,8,0,0],"rotation":180,"texture":"#1"}}},{"from":[7.25,16.55,10.35],"to":[8.75,16.55,15.35],"rotation":{"angle":0,"axis":"y","origin":[8,-12.75,8]},"faces":{"north":{"uv":[0,5.1875,0,5],"rotation":90,"texture":"#0"},"east":{"uv":[0,4.625,0,4],"rotation":270,"texture":"#0"},"south":{"uv":[0,5.1875,0,5],"rotation":90,"texture":"#0"},"west":{"uv":[0,4.625,0,4],"rotation":90,"texture":"#0"},"up":{"uv":[0.8125,0.75,1,1.375],"rotation":180,"texture":"#0"},"down":{"uv":[2.125,0.75,1.9375,1.375],"texture":"#0"}}},{"from":[7.25,14.55,10.35],"to":[7.25,16.55,15.35],"rotation":{"angle":0,"axis":"y","origin":[8,-12.75,8]},"faces":{"north":{"uv":[0,5,0,5.25],"texture":"#0"},"east":{"uv":[1.5,0.8125,1.25,0.1875],"rotation":270,"texture":"#0"},"south":{"uv":[0,5,0,5.25],"rotation":180,"texture":"#0"},"west":{"uv":[0.3125,0.8125,0.5625,0.1875],"rotation":90,"texture":"#0"},"up":{"uv":[0,4.625,0,4],"rotation":180,"texture":"#0"},"down":{"uv":[0,4.625,0,4],"texture":"#0"}}},{"from":[7.25,14.55,0.65],"to":[8.75,14.55,5.65],"rotation":{"angle":0,"axis":"y","origin":[8,-12.75,8]},"faces":{"north":{"uv":[0,5,0,5.1875],"rotation":90,"texture":"#0"},"east":{"uv":[0,4,0,4.625],"rotation":270,"texture":"#0"},"south":{"uv":[0,5,0,5.1875],"rotation":90,"texture":"#0"},"west":{"uv":[0,4,0,4.625],"rotation":90,"texture":"#0"},"up":{"uv":[1.9375,1.375,2.125,0.75],"rotation":180,"texture":"#0"},"down":{"uv":[1,1.375,0.8125,0.75],"texture":"#0"}}},{"from":[8,13.95,-1.15],"to":[8,16.95,2.85],"rotation":{"angle":0,"axis":"y","origin":[8,-12.75,8]},"faces":{"north":{"uv":[0,6,0,0],"texture":"#1"},"east":{"uv":[0,0,6,8],"rotation":90,"texture":"#1"},"south":{"uv":[0,0,0,6],"rotation":180,"texture":"#1"},"west":{"uv":[6,0,0,8],"rotation":270,"texture":"#1"},"up":{"uv":[0,0,0,8],"texture":"#1"},"down":{"uv":[0,0,0,8],"rotation":180,"texture":"#1"}}},{"from":[8.75,14.55,0.65],"to":[8.75,16.55,5.65],"rotation":{"angle":0,"axis":"y","origin":[8,-12.75,8]},"faces":{"north":{"uv":[0,5,0,5.25],"rotation":180,"texture":"#0"},"east":{"uv":[0.5625,0.1875,0.3125,0.8125],"rotation":270,"texture":"#0"},"south":{"uv":[0,5,0,5.25],"texture":"#0"},"west":{"uv":[1.25,0.1875,1.5,0.8125],"rotation":90,"texture":"#0"},"up":{"uv":[0,4,0,4.625],"rotation":180,"texture":"#0"},"down":{"uv":[0,4,0,4.625],"texture":"#0"}}},{"from":[7.25,14.55,0.65],"to":[7.25,16.55,5.65],"rotation":{"angle":0,"axis":"y","origin":[8,-12.75,8]},"faces":{"north":{"uv":[0,5,0,5.25],"rotation":180,"texture":"#0"},"east":{"uv":[1.5,0.1875,1.25,0.8125],"rotation":270,"texture":"#0"},"south":{"uv":[0,5,0,5.25],"texture":"#0"},"west":{"uv":[0.3125,0.1875,0.5625,0.8125],"rotation":90,"texture":"#0"},"up":{"uv":[0,4,0,4.625],"rotation":180,"texture":"#0"},"down":{"uv":[0,4,0,4.625],"texture":"#0"}}},{"from":[7.25,16.55,0.65],"to":[8.75,16.55,5.65],"rotation":{"angle":0,"axis":"y","origin":[8,-12.75,8]},"faces":{"north":{"uv":[0,5,0,5.1875],"rotation":90,"texture":"#0"},"east":{"uv":[0,4,0,4.625],"rotation":270,"texture":"#0"},"south":{"uv":[0,5,0,5.1875],"rotation":90,"texture":"#0"},"west":{"uv":[0,4,0,4.625],"rotation":90,"texture":"#0"},"up":{"uv":[0.8125,1.375,1,0.75],"rotation":180,"texture":"#0"},"down":{"uv":[2.125,1.375,1.9375,0.75],"texture":"#0"}}},{"from":[5,22.5,5],"to":[11,24.5,11],"rotation":{"angle":0,"axis":"y","origin":[3,19.2,5]},"faces":{"north":{"uv":[2,3.375,1.25,3.625],"texture":"#0"},"east":{"uv":[2,3.125,1.25,3.375],"texture":"#0"},"south":{"uv":[2,3.375,1.25,3.625],"texture":"#0"},"west":{"uv":[2,3.125,1.25,3.375],"texture":"#0"},"up":{"uv":[2,2.375,1.25,3.125],"texture":"#0"},"down":{"uv":[2,2.375,1.25,3.125],"texture":"#0"}}},{"from":[3,22,3],"to":[13,23,13],"rotation":{"angle":0,"axis":"y","origin":[3,19.2,5]},"faces":{"north":{"uv":[1.25,3.75,0,3.875],"texture":"#0"},"east":{"uv":[1.25,3.625,0,3.75],"texture":"#0"},"south":{"uv":[1.25,3.75,0,3.875],"texture":"#0"},"west":{"uv":[1.25,3.625,0,3.75],"texture":"#0"},"up":{"uv":[1.25,2.375,0,3.625],"texture":"#0"},"down":{"uv":[1.25,2.375,0,3.625],"texture":"#0"}}},{"from":[6,24.5,6],"to":[10,27.5,10],"rotation":{"angle":0,"axis":"y","origin":[3,19.2,5]},"faces":{"north":{"uv":[2.5,2.875,2,3.25],"texture":"#0"},"east":{"uv":[2.5,2.875,2,3.25],"texture":"#0"},"south":{"uv":[2.5,2.875,2,3.25],"texture":"#0"},"west":{"uv":[2.5,2.875,2,3.25],"texture":"#0"},"up":{"uv":[2.5,2.375,2,2.875],"texture":"#0"},"down":{"uv":[2.5,2.375,2,2.875],"texture":"#0"}}},{"from":[6.87365,26.3654,8.00436],"to":[8.87365,29.3654,10.00436],"rotation":{"angle":22.5,"axis":"x","origin":[7.89013,29.17625,10.01648]},"faces":{"north":{"uv":[2.75,2.8125,2.5,3.1875],"texture":"#0"},"east":{"uv":[2.75,2.4375,2.5,2.8125],"texture":"#0"},"south":{"uv":[2.75,2.8125,2.5,3.1875],"texture":"#0"},"west":{"uv":[2.75,2.4375,2.5,2.8125],"texture":"#0"},"up":{"uv":[3,2.4375,2.75,2.6875],"rotation":270,"texture":"#0"},"down":{"uv":[3,2.4375,2.75,2.6875],"rotation":90,"texture":"#0"}}},{"from":[6.87365,28.3654,10.00436],"to":[8.87365,29.3654,12.00436],"rotation":{"angle":22.5,"axis":"x","origin":[7.89013,29.17625,10.01648]},"faces":{"north":{"uv":[3,2.8125,2.75,2.9375],"texture":"#0"},"east":{"uv":[2.75,2.6875,3,2.8125],"texture":"#0"},"south":{"uv":[3,2.8125,2.75,2.9375],"texture":"#0"},"west":{"uv":[3,2.6875,2.75,2.8125],"texture":"#0"},"up":{"uv":[3,2.9375,2.75,3.1875],"rotation":270,"texture":"#0"},"down":{"uv":[3,2.9375,2.75,3.1875],"rotation":90,"texture":"#0"}}},{"from":[7.35555,28,9.85015],"to":[7.35555,32,12.85015],"rotation":{"angle":22.5,"axis":"y","origin":[7.89013,29.17625,10.01648]},"faces":{"north":{"uv":[0,0,0,8],"texture":"#1"},"east":{"uv":[6,0,0,8],"texture":"#1"},"south":{"uv":[0,0,0,8],"texture":"#1"},"west":{"uv":[0,0,6,8],"texture":"#1"},"up":{"uv":[0,6,0,0],"texture":"#1"},"down":{"uv":[0,0,0,6],"texture":"#1"}}},{"from":[5.4,18,4.5],"to":[5.4,22,11.5],"faces":{"north":{"uv":[0,0,0,8],"texture":"#4"},"south":{"uv":[0,0,0,8],"texture":"#4"},"west":{"uv":[0,0,14,8],"texture":"#4"},"up":{"uv":[0,14,0,0],"texture":"#4"},"down":{"uv":[0,0,0,14],"texture":"#4"}}},{"from":[5.5,18,5.5],"to":[10.5,22,10.5],"faces":{"north":{"uv":[0.9375,0,0.3125,0.5],"texture":"#0"},"east":{"uv":[0,0,0.625,0.5],"texture":"#0"},"south":{"uv":[0.3125,0,0.9375,0.5],"texture":"#0"},"west":{"uv":[0,0,0.625,0.5],"texture":"#0"},"up":{"uv":[1.375,1.6875,2,2.3125],"texture":"#0"},"down":{"uv":[1.375,1.6875,2,2.3125],"texture":"#0"}}}],"gui_light":"front","display":{"thirdperson_righthand":{"translation":[0,6,1.5],"scale":[0.6,0.6,0.6]},"thirdperson_lefthand":{"translation":[0,6,1.5],"scale":[0.6,0.6,0.6]},"firstperson_righthand":{"rotation":[10,0,0],"translation":[5,4,0],"scale":[0.32266,0.32266,0.32266]},"firstperson_lefthand":{"rotation":[10,0,0],"translation":[5,4,0],"scale":[0.32266,0.32266,0.32266]},"ground":{"rotation":[-45,0,0],"translation":[0,9,0],"scale":[0.45,0.45,0.45]},"gui":{"rotation":[-90,-45,-90],"translation":[0,-0.5,-1.5],"scale":[0.48281,0.48281,0.48281]},"head":{"scale":[0,0,0]},"fixed":{"rotation":[0,-90,0],"translation":[0,3,-3.5],"scale":[1.4,1.4,1.4]}}}