{"credit":"By EliteCreatures","texture_size":[64,64],"textures":{"1":"elitecreatures:collectibles_v5_16x/collectibles_package","2":"elitecreatures:collectibles_v5_16x/mighty_griffins_inside_16","particle":"elitecreatures:collectibles_v5_16x/collectibles_package"},"elements":[{"from":[4.998,7.998,1.998],"to":[11.002,14.002,8.002],"rotation":{"angle":0,"axis":"y","origin":[8,10,4]},"faces":{"north":{"uv":[2.5,5.25,4,6.75],"texture":"#2"},"east":{"uv":[0,5.5,1.5,7],"texture":"#2"},"south":{"uv":[6,0,7.5,1.5],"texture":"#2"},"west":{"uv":[4,6.5,5.5,8],"texture":"#2"},"up":{"uv":[7,8,5.5,6.5],"texture":"#2"},"down":{"uv":[3,6.75,1.5,8.25],"texture":"#2"}}},{"from":[4.5,4.75,2.75],"to":[11.5,8.75,9],"rotation":{"angle":-22.5,"axis":"x","origin":[8,6,5.75]},"faces":{"north":{"uv":[7,6,8.75,7],"texture":"#2"},"east":{"uv":[7.5,0,9,1],"texture":"#2"},"south":{"uv":[7,7,8.75,8],"texture":"#2"},"west":{"uv":[7.5,1,9,2],"texture":"#2"},"up":{"uv":[6.75,5,5,3.5],"texture":"#2"},"down":{"uv":[6.75,5,5,6.5],"texture":"#2"}}},{"from":[4.75,2,3.5],"to":[11.25,7.25,13],"rotation":{"angle":0,"axis":"y","origin":[8,11,4]},"faces":{"north":{"uv":[6.75,3.5,8.5,4.75],"texture":"#2"},"east":{"uv":[2.5,4,5,5.25],"texture":"#2"},"south":{"uv":[6.75,4.75,8.5,6],"texture":"#2"},"west":{"uv":[5,1.5,7.5,2.75],"texture":"#2"},"up":{"uv":[1.75,2.5,0,0],"texture":"#2"},"down":{"uv":[3.5,0,1.75,2.5],"texture":"#2"}}},{"from":[3.25,2.5,4.5],"to":[4.75,8,14],"rotation":{"angle":22.5,"axis":"x","origin":[4.25,4.625,9.25]},"faces":{"north":{"uv":[2.5,8.25,3,9.75],"texture":"#2"},"east":{"uv":[0,2.5,2.5,4],"texture":"#2"},"south":{"uv":[8.5,3.5,9,5],"texture":"#2"},"west":{"uv":[2.5,2.5,5,4],"texture":"#2"},"up":{"uv":[3.5,9.25,3,6.75],"texture":"#2"},"down":{"uv":[4,6.75,3.5,9.25],"texture":"#2"}}},{"from":[7.25,3.25,12],"to":[8.75,8.5,13.5],"rotation":{"angle":22.5,"axis":"x","origin":[8,4.625,13.75]},"faces":{"north":{"uv":[8.75,6.25,9.25,7.5],"texture":"#2"},"east":{"uv":[6.5,8.75,7,10],"texture":"#2"},"south":{"uv":[7,8.75,7.5,10],"texture":"#2"},"west":{"uv":[9,0,9.5,1.25],"texture":"#2"},"up":{"uv":[10,10,9.5,9.5],"texture":"#2"},"down":{"uv":[3,9.75,2.5,10.25],"texture":"#2"}}},{"from":[6.75,8.0507,13.00193],"to":[9.25,11.5507,15.50193],"rotation":{"angle":0,"axis":"y","origin":[8,10.9257,14.25193]},"faces":{"north":{"uv":[7.5,8,8.25,9],"texture":"#2"},"east":{"uv":[1,8.25,1.75,9.25],"texture":"#2"},"south":{"uv":[1.75,8.25,2.5,9.25],"texture":"#2"},"west":{"uv":[8.25,8,9,9],"texture":"#2"},"up":{"uv":[10,5.75,9.25,5],"texture":"#2"},"down":{"uv":[10,5.75,9.25,6.5],"texture":"#2"}}},{"from":[4.6,0,4.1],"to":[6.9,5,6.4],"rotation":{"angle":0,"axis":"y","origin":[8,11,4]},"faces":{"north":{"uv":[5,8.5,5.5,9.75],"texture":"#2"},"east":{"uv":[8.75,5,9.25,6.25],"texture":"#2"},"south":{"uv":[5.5,8.75,6,10],"texture":"#2"},"west":{"uv":[6,8.75,6.5,10],"texture":"#2"},"up":{"uv":[10,5,9.5,4.5],"texture":"#2"},"down":{"uv":[10,9,9.5,9.5],"texture":"#2"}}},{"from":[11.25,2.5,4.5],"to":[12.75,8,14],"rotation":{"angle":22.5,"axis":"x","origin":[11.75,4.625,9.25]},"faces":{"north":{"uv":[4,8.5,4.5,10],"texture":"#2"},"east":{"uv":[3.5,0,6,1.5],"texture":"#2"},"south":{"uv":[4.5,8.5,5,10],"texture":"#2"},"west":{"uv":[0,4,2.5,5.5],"texture":"#2"},"up":{"uv":[0.5,10.5,0,8],"texture":"#2"},"down":{"uv":[1,8,0.5,10.5],"texture":"#2"}}},{"from":[9.1,0,4.1],"to":[11.4,5,6.4],"rotation":{"angle":0,"axis":"y","origin":[8,11,4]},"faces":{"north":{"uv":[9,1.25,9.5,2.5],"texture":"#2"},"east":{"uv":[9,2.5,9.5,3.75],"texture":"#2"},"south":{"uv":[9,3.75,9.5,5],"texture":"#2"},"west":{"uv":[7.5,9,8,10.25],"texture":"#2"},"up":{"uv":[5.5,10.25,5,9.75],"texture":"#2"},"down":{"uv":[10.25,6.5,9.75,7],"texture":"#2"}}},{"from":[9.1,0,10.1],"to":[11.4,5,12.4],"rotation":{"angle":0,"axis":"y","origin":[8,11,4]},"faces":{"north":{"uv":[1,9.25,1.5,10.5],"texture":"#2"},"east":{"uv":[1.5,9.25,2,10.5],"texture":"#2"},"south":{"uv":[2,9.25,2.5,10.5],"texture":"#2"},"west":{"uv":[3,9.25,3.5,10.5],"texture":"#2"},"up":{"uv":[10.5,1,10,0.5],"texture":"#2"},"down":{"uv":[10.5,1,10,1.5],"texture":"#2"}}},{"from":[4.6,0,10.1],"to":[6.9,5,12.4],"rotation":{"angle":0,"axis":"y","origin":[8,11,4]},"faces":{"north":{"uv":[9,7.5,9.5,8.75],"texture":"#2"},"east":{"uv":[8,9,8.5,10.25],"texture":"#2"},"south":{"uv":[8.5,9,9,10.25],"texture":"#2"},"west":{"uv":[9,8.75,9.5,10],"texture":"#2"},"up":{"uv":[10.25,7.5,9.75,7],"texture":"#2"},"down":{"uv":[10.5,0,10,0.5],"texture":"#2"}}},{"from":[5.5,7.74219,5.09727],"to":[11,11.99219,7.34727],"rotation":{"angle":45,"axis":"x","origin":[8.25,9.49219,8.97227]},"faces":{"north":{"uv":[3.5,1.5,5,2.5],"texture":"#2"},"east":{"uv":[9.5,0,10,1],"texture":"#2"},"south":{"uv":[0,7,1.5,8],"texture":"#2"},"west":{"uv":[9.5,1,10,2],"texture":"#2"},"up":{"uv":[9,2.5,7.5,2],"texture":"#2"},"down":{"uv":[5.5,8,4,8.5],"texture":"#2"}}},{"from":[6.25,7.74219,6.84727],"to":[10.25,10.24219,9.09727],"rotation":{"angle":45,"axis":"x","origin":[8.25,9.49219,8.97227]},"faces":{"north":{"uv":[5.5,8,6.5,8.75],"texture":"#2"},"east":{"uv":[9.5,7.5,10,8.25],"texture":"#2"},"south":{"uv":[6.5,8,7.5,8.75],"texture":"#2"},"west":{"uv":[9.5,8.25,10,9],"texture":"#2"},"up":{"uv":[10.5,2.5,9.5,2],"texture":"#2"},"down":{"uv":[10.5,2.5,9.5,3],"texture":"#2"}}},{"from":[7,7,0.75],"to":[9,11,3.75],"rotation":{"angle":0,"axis":"y","origin":[8,10,4]},"faces":{"north":{"uv":[3.5,9.25,4,10.25],"texture":"#2"},"east":{"uv":[4,5.25,4.75,6.25],"texture":"#2"},"south":{"uv":[9.25,6.5,9.75,7.5],"texture":"#2"},"west":{"uv":[1.5,5.5,2.25,6.5],"texture":"#2"},"up":{"uv":[10,3.75,9.5,3],"texture":"#2"},"down":{"uv":[10,3.75,9.5,4.5],"texture":"#2"}}},{"name":"signs","from":[1.7,18,-0.075],"to":[14.3,20.8,-0.075],"rotation":{"angle":0,"axis":"y","origin":[17,6.9,0]},"faces":{"north":{"uv":[1.25,13.75,13.25,15.75],"texture":"#2"},"east":{"uv":[0,0,0,0.75],"texture":"#2"},"west":{"uv":[0,0,0,0.75],"texture":"#2"},"up":{"uv":[3.75,0,0,0],"texture":"#2"},"down":{"uv":[3.75,0,0,0],"texture":"#2"}}},{"name":"package","from":[0,-0.1,0],"to":[16,21.9,0],"faces":{"north":{"uv":[0,0,4,5.5],"texture":"#1"},"east":{"uv":[4,0,8,5.5],"texture":"#1"},"south":{"uv":[0,0,4,5.5],"texture":"#1"},"west":{"uv":[4,5.5,8,11],"texture":"#1"},"up":{"uv":[12,4,8,0],"texture":"#1"},"down":{"uv":[12,4,8,8],"texture":"#1"}}},{"name":"package","from":[0,-0.1,16],"to":[16,21.9,16],"faces":{"north":{"uv":[0,5.5,4,11],"texture":"#1"},"east":{"uv":[4,0,8,5.5],"texture":"#1"},"south":{"uv":[0,5.5,4,11],"texture":"#1"},"west":{"uv":[4,5.5,8,11],"texture":"#1"},"up":{"uv":[12,4,8,0],"texture":"#1"},"down":{"uv":[12,4,8,8],"texture":"#1"}}},{"name":"package","from":[0,-0.1,0],"to":[16,-0.1,16],"faces":{"north":{"uv":[0,0,4,5.5],"texture":"#1"},"east":{"uv":[4,0,8,5.5],"texture":"#1"},"south":{"uv":[0,5.5,4,11],"texture":"#1"},"west":{"uv":[4,5.5,8,11],"texture":"#1"},"up":{"uv":[12,4,8,8],"texture":"#1"},"down":{"uv":[12,4,8,8],"texture":"#1"}}},{"name":"package","from":[0,21.9,0],"to":[16,21.9,16],"faces":{"north":{"uv":[0,0,4,5.5],"texture":"#1"},"east":{"uv":[4,0,8,5.5],"texture":"#1"},"south":{"uv":[0,5.5,4,11],"texture":"#1"},"west":{"uv":[4,5.5,8,11],"texture":"#1"},"up":{"uv":[12,4,8,0],"texture":"#1"},"down":{"uv":[12,4,8,8],"texture":"#1"}}},{"name":"package","from":[16,-0.1,0],"to":[16,21.9,16],"faces":{"north":{"uv":[0,0,4,5.5],"texture":"#1"},"east":{"uv":[4,0,8,5.5],"texture":"#1"},"south":{"uv":[0,5.5,4,11],"texture":"#1"},"west":{"uv":[4,5.5,8,11],"texture":"#1"},"up":{"uv":[12,4,8,0],"texture":"#1"},"down":{"uv":[12,4,8,8],"texture":"#1"}}},{"name":"package","from":[0,-0.1,0],"to":[0,21.9,16],"faces":{"north":{"uv":[0,0,4,5.5],"texture":"#1"},"east":{"uv":[4,0,8,5.5],"texture":"#1"},"south":{"uv":[0,5.5,4,11],"texture":"#1"},"west":{"uv":[4,5.5,8,11],"texture":"#1"},"up":{"uv":[12,4,8,0],"texture":"#1"},"down":{"uv":[12,4,8,8],"texture":"#1"}}}],"gui_light":"front","display":{"thirdperson_righthand":{"rotation":[61.23,4.49,0.46],"translation":[0,1.75,0.75],"scale":[0.5,0.5,0.5]},"thirdperson_lefthand":{"rotation":[61.23,4.49,0.46],"translation":[0,1.75,0.75],"scale":[0.5,0.5,0.5]},"firstperson_righthand":{"rotation":[-166,53.68,171.1],"translation":[0.75,3.75,-0.75],"scale":[0.58336,0.58336,0.58336]},"firstperson_lefthand":{"rotation":[-166,53.68,171.1],"translation":[0.75,3.75,-0.75],"scale":[0.58336,0.58336,0.58336]},"ground":{"rotation":[68,0,0],"translation":[0,1.5,0],"scale":[0.5,0.5,0.5]},"gui":{"rotation":[-170,30,-180],"translation":[0,-2,0],"scale":[0.62,0.62,0.62]},"head":{"rotation":[7,180,1],"translation":[0,-48.75,11.25],"scale":[1.6,1.6,1.6]},"fixed":{"rotation":[-90,0,0],"translation":[0,-0.25,-16.25],"scale":[2,2,2]}}}