{"credit":"By EliteCreatures","texture_size":[64,64],"textures":{"1":"elitecreatures:collectibles_v5_16x/collectibles_package","2":"elitecreatures:collectibles_v5_16x/dancing_flamingos_inside_16","particle":"elitecreatures:collectibles_v5_16x/collectibles_package"},"elements":[{"from":[5,6,5],"to":[11,12,12],"rotation":{"angle":0,"axis":"y","origin":[7,0,7]},"faces":{"north":{"uv":[3,2.25,4.5,3.75],"texture":"#2"},"east":{"uv":[0,0.75,1.75,2.25],"texture":"#2"},"south":{"uv":[3.5,0.75,5,2.25],"texture":"#2"},"west":{"uv":[1.75,0.75,3.5,2.25],"texture":"#2"},"up":{"uv":[1.5,4,0,2.25],"texture":"#2"},"down":{"uv":[3,2.25,1.5,4],"texture":"#2"}}},{"from":[4.25,7,5],"to":[5,11,13],"rotation":{"angle":22.5,"axis":"x","origin":[4.625,9,9]},"faces":{"north":{"uv":[1.25,7.25,1.5,8.25],"texture":"#2"},"east":{"uv":[3,3.75,5,4.75],"texture":"#2"},"south":{"uv":[7.25,1.5,7.5,2.5],"texture":"#2"},"west":{"uv":[0,4,2,5],"texture":"#2"},"up":{"uv":[1.75,8.5,1.5,6.5],"texture":"#2"},"down":{"uv":[2,6.5,1.75,8.5],"texture":"#2"}}},{"from":[11,7,5],"to":[11.75,11,13],"rotation":{"angle":22.5,"axis":"x","origin":[11.375,9,9]},"faces":{"north":{"uv":[2.25,7.25,2.5,8.25],"texture":"#2"},"east":{"uv":[4.5,2.25,6.5,3.25],"texture":"#2"},"south":{"uv":[2.5,7.25,2.75,8.25],"texture":"#2"},"west":{"uv":[2,4.75,4,5.75],"texture":"#2"},"up":{"uv":[4,8.5,3.75,6.5],"texture":"#2"},"down":{"uv":[2.25,6.75,2,8.75],"texture":"#2"}}},{"from":[9.1,0.6,8.25],"to":[9.75,6,8.75],"rotation":{"angle":0,"axis":"y","origin":[7,0,7]},"faces":{"north":{"uv":[4,7,4.25,8.25],"texture":"#2"},"east":{"uv":[4.25,7,4.5,8.25],"texture":"#2"},"south":{"uv":[4.5,7,4.75,8.25],"texture":"#2"},"west":{"uv":[4.75,7,5,8.25],"texture":"#2"},"up":{"uv":[6.25,1.25,6,1],"texture":"#2"},"down":{"uv":[6.25,1.25,6,1.5],"texture":"#2"}}},{"from":[9,0,7.6],"to":[9.85,0.65,8.9],"rotation":{"angle":0,"axis":"y","origin":[7,0,7]},"faces":{"north":{"uv":[6.25,2,6.5,2.25],"texture":"#2"},"east":{"uv":[6.25,5,6.5,5.25],"texture":"#2"},"south":{"uv":[6.5,5,6.75,5.25],"texture":"#2"},"west":{"uv":[6.75,0.75,7,1],"texture":"#2"},"up":{"uv":[7,6.25,6.75,6],"texture":"#2"},"down":{"uv":[7.25,1.5,7,1.75],"texture":"#2"}}},{"from":[6.175,0.38404,7.12388],"to":[7.025,1.03404,8.62388],"rotation":{"angle":-22.5,"axis":"x","origin":[6.6,0.70904,7.82388]},"faces":{"north":{"uv":[3.25,7.25,3.5,7.5],"texture":"#2"},"east":{"uv":[3.5,7.25,3.75,7.5],"texture":"#2"},"south":{"uv":[7.25,4,7.5,4.25],"texture":"#2"},"west":{"uv":[7.25,4.25,7.5,4.5],"texture":"#2"},"up":{"uv":[7.5,4.75,7.25,4.5],"texture":"#2"},"down":{"uv":[7.5,4.75,7.25,5],"texture":"#2"}}},{"from":[6.25,2.87221,9.9878],"to":[6.9,7.37221,10.4878],"rotation":{"angle":-45,"axis":"x","origin":[6.575,3.87221,9.2378]},"faces":{"north":{"uv":[6.5,7,6.75,8.25],"texture":"#2"},"east":{"uv":[6.75,7,7,8.25],"texture":"#2"},"south":{"uv":[7,7,7.25,8.25],"texture":"#2"},"west":{"uv":[0,7.25,0.25,8.5],"texture":"#2"},"up":{"uv":[7.25,2,7,1.75],"texture":"#2"},"down":{"uv":[7.25,4,7,4.25],"texture":"#2"}}},{"from":[6.25,0.62221,10.2378],"to":[6.9,5.12221,10.7378],"rotation":{"angle":45,"axis":"x","origin":[6.575,3.87221,9.2378]},"faces":{"north":{"uv":[0.25,7.25,0.5,8.5],"texture":"#2"},"east":{"uv":[0.5,7.25,0.75,8.5],"texture":"#2"},"south":{"uv":[0.75,7.25,1,8.5],"texture":"#2"},"west":{"uv":[1,7.25,1.25,8.5],"texture":"#2"},"up":{"uv":[7.25,6.25,7,6],"texture":"#2"},"down":{"uv":[3.25,7.25,3,7.5],"texture":"#2"}}},{"from":[6,6.84357,3.2409],"to":[10,12.59357,7.2409],"rotation":{"angle":-22.5,"axis":"x","origin":[8,10.84357,6.2409]},"faces":{"north":{"uv":[4,4.75,5,6.25],"texture":"#2"},"east":{"uv":[0,5,1,6.5],"texture":"#2"},"south":{"uv":[5,0,6,1.5],"texture":"#2"},"west":{"uv":[1,5,2,6.5],"texture":"#2"},"up":{"uv":[6,6.25,5,5.25],"texture":"#2"},"down":{"uv":[3,5.75,2,6.75],"texture":"#2"}}},{"from":[6.75,11.31231,2.79957],"to":[9.25,13.56231,5.54957],"rotation":{"angle":0,"axis":"y","origin":[8,14.31231,4.79957]},"faces":{"north":{"uv":[6.5,2.75,7.25,3.25],"texture":"#2"},"east":{"uv":[2.25,6.75,3,7.25],"texture":"#2"},"south":{"uv":[6.75,5,7.5,5.5],"texture":"#2"},"west":{"uv":[6.75,5.5,7.5,6],"texture":"#2"},"up":{"uv":[0.75,7.25,0,6.5],"texture":"#2"},"down":{"uv":[1.5,6.5,0.75,7.25],"texture":"#2"}}},{"from":[6.748,12.90878,3.57302],"to":[9.252,16.46278,6.07702],"rotation":{"angle":22.5,"axis":"x","origin":[8,15.18578,4.82502]},"faces":{"north":{"uv":[6,0,6.75,1],"texture":"#2"},"east":{"uv":[6,5.25,6.75,6.25],"texture":"#2"},"south":{"uv":[6.25,1,7,2],"texture":"#2"},"west":{"uv":[6.25,3.25,7,4.25],"texture":"#2"},"up":{"uv":[7.25,2.75,6.5,2],"texture":"#2"},"down":{"uv":[3.75,6.5,3,7.25],"texture":"#2"}}},{"from":[6.5,15.19884,1.73368],"to":[9.5,18.49884,5.73368],"rotation":{"angle":0,"axis":"y","origin":[8,14.72384,4.63368]},"faces":{"north":{"uv":[6.5,6.25,7.25,7],"texture":"#2"},"east":{"uv":[4,6.25,5,7],"texture":"#2"},"south":{"uv":[6.75,0,7.5,0.75],"texture":"#2"},"west":{"uv":[6.25,4.25,7.25,5],"texture":"#2"},"up":{"uv":[5.75,7.25,5,6.25],"texture":"#2"},"down":{"uv":[6.5,6.25,5.75,7.25],"texture":"#2"}}},{"from":[7.5,14.69884,0.98368],"to":[8.5,17.24884,2.73368],"rotation":{"angle":0,"axis":"y","origin":[8,14.72384,4.63368]},"faces":{"north":{"uv":[7.25,2.5,7.5,3.25],"texture":"#2"},"east":{"uv":[7,0.75,7.5,1.5],"texture":"#2"},"south":{"uv":[2.75,7.25,3,8],"texture":"#2"},"west":{"uv":[7,3.25,7.5,4],"texture":"#2"},"up":{"uv":[4.75,3.75,4.5,3.25],"texture":"#2"},"down":{"uv":[5,3.25,4.75,3.75],"texture":"#2"}}},{"from":[5.5,6.80025,8.70711],"to":[10.5,10.05025,12.95711],"rotation":{"angle":45,"axis":"x","origin":[8,7.05025,12.70711]},"faces":{"north":{"uv":[3.75,0,5,0.75],"texture":"#2"},"east":{"uv":[2,4,3,4.75],"texture":"#2"},"south":{"uv":[5,1.5,6.25,2.25],"texture":"#2"},"west":{"uv":[3,5.75,4,6.5],"texture":"#2"},"up":{"uv":[6.25,4.25,5,3.25],"texture":"#2"},"down":{"uv":[6.25,4.25,5,5.25],"texture":"#2"}}},{"name":"signs","from":[1.7,18,-0.075],"to":[14.3,20.8,-0.075],"rotation":{"angle":0,"axis":"y","origin":[17,6.9,0]},"faces":{"north":{"uv":[0.5,13.75,14.5,16],"texture":"#2"},"east":{"uv":[0,0,0,0.75],"texture":"#2"},"west":{"uv":[0,0,0,0.75],"texture":"#2"},"up":{"uv":[3.75,0,0,0],"texture":"#2"},"down":{"uv":[3.75,0,0,0],"texture":"#2"}}},{"name":"package","from":[0,-0.1,0],"to":[16,21.9,0],"faces":{"north":{"uv":[0,0,4,5.5],"texture":"#1"},"east":{"uv":[4,0,8,5.5],"texture":"#1"},"south":{"uv":[0,0,4,5.5],"texture":"#1"},"west":{"uv":[4,5.5,8,11],"texture":"#1"},"up":{"uv":[12,4,8,0],"texture":"#1"},"down":{"uv":[12,4,8,8],"texture":"#1"}}},{"name":"package","from":[0,-0.1,16],"to":[16,21.9,16],"faces":{"north":{"uv":[0,5.5,4,11],"texture":"#1"},"east":{"uv":[4,0,8,5.5],"texture":"#1"},"south":{"uv":[0,5.5,4,11],"texture":"#1"},"west":{"uv":[4,5.5,8,11],"texture":"#1"},"up":{"uv":[12,4,8,0],"texture":"#1"},"down":{"uv":[12,4,8,8],"texture":"#1"}}},{"name":"package","from":[0,-0.1,0],"to":[16,-0.1,16],"faces":{"north":{"uv":[0,0,4,5.5],"texture":"#1"},"east":{"uv":[4,0,8,5.5],"texture":"#1"},"south":{"uv":[0,5.5,4,11],"texture":"#1"},"west":{"uv":[4,5.5,8,11],"texture":"#1"},"up":{"uv":[12,4,8,8],"texture":"#1"},"down":{"uv":[12,4,8,8],"texture":"#1"}}},{"name":"package","from":[0,21.9,0],"to":[16,21.9,16],"faces":{"north":{"uv":[0,0,4,5.5],"texture":"#1"},"east":{"uv":[4,0,8,5.5],"texture":"#1"},"south":{"uv":[0,5.5,4,11],"texture":"#1"},"west":{"uv":[4,5.5,8,11],"texture":"#1"},"up":{"uv":[12,4,8,0],"texture":"#1"},"down":{"uv":[12,4,8,8],"texture":"#1"}}},{"name":"package","from":[16,-0.1,0],"to":[16,21.9,16],"faces":{"north":{"uv":[0,0,4,5.5],"texture":"#1"},"east":{"uv":[4,0,8,5.5],"texture":"#1"},"south":{"uv":[0,5.5,4,11],"texture":"#1"},"west":{"uv":[4,5.5,8,11],"texture":"#1"},"up":{"uv":[12,4,8,0],"texture":"#1"},"down":{"uv":[12,4,8,8],"texture":"#1"}}},{"name":"package","from":[0,-0.1,0],"to":[0,21.9,16],"faces":{"north":{"uv":[0,0,4,5.5],"texture":"#1"},"east":{"uv":[4,0,8,5.5],"texture":"#1"},"south":{"uv":[0,5.5,4,11],"texture":"#1"},"west":{"uv":[4,5.5,8,11],"texture":"#1"},"up":{"uv":[12,4,8,0],"texture":"#1"},"down":{"uv":[12,4,8,8],"texture":"#1"}}}],"gui_light":"front","display":{"thirdperson_righthand":{"rotation":[61.23,4.49,0.46],"translation":[0,1.75,0.75],"scale":[0.5,0.5,0.5]},"thirdperson_lefthand":{"rotation":[61.23,4.49,0.46],"translation":[0,1.75,0.75],"scale":[0.5,0.5,0.5]},"firstperson_righthand":{"rotation":[-166,53.68,171.1],"translation":[0.75,3.75,-0.75],"scale":[0.58336,0.58336,0.58336]},"firstperson_lefthand":{"rotation":[-166,53.68,171.1],"translation":[0.75,3.75,-0.75],"scale":[0.58336,0.58336,0.58336]},"ground":{"rotation":[68,0,0],"translation":[0,1.5,0],"scale":[0.5,0.5,0.5]},"gui":{"rotation":[-170,30,-180],"translation":[0,-2,0],"scale":[0.62,0.62,0.62]},"head":{"rotation":[7,180,1],"translation":[0,-60,11.25],"scale":[1.6,1.6,1.6]},"fixed":{"rotation":[-90,0,0],"translation":[0,-0.25,-16.25],"scale":[2,2,2]}}}