{"credit":"MadewithBlockbench","texture_size":[8,8],"textures":{"0":"bumble:easter/items/texture_01","1":"bumble:easter/items/texture_animation_01","2":"bumble:easter/items/texture_animation_02","particle":"bumble:easter/items/texture_01"},"elements":[{"from":[7,-9,6.5],"to":[9,0,9.5],"rotation":{"angle":0,"axis":"y","origin":[-0.5,0,0]},"faces":{"north":{"uv":[4.25,2.75,4.75,5],"texture":"#0"},"east":{"uv":[3,2.75,3.75,5],"texture":"#0"},"south":{"uv":[3.75,2.75,4.25,5],"texture":"#0"},"west":{"uv":[3,2.75,3.75,5],"texture":"#0"},"up":{"uv":[2.25,6.75,1.75,6],"texture":"#0"},"down":{"uv":[2.25,6.75,1.75,6],"texture":"#0"}}},{"from":[7,-13.5,6.5],"to":[9,-10.5,9.5],"rotation":{"angle":0,"axis":"y","origin":[-0.5,0,0]},"faces":{"north":{"uv":[2.25,7,2.75,7.75],"texture":"#0"},"east":{"uv":[2.25,6.25,3,7],"texture":"#0"},"south":{"uv":[2.25,7,2.75,7.75],"texture":"#0"},"west":{"uv":[2.25,6.25,3,7],"texture":"#0"},"up":{"uv":[3,9,2.5,9.75],"texture":"#0"},"down":{"uv":[3.25,7,2.75,7.75],"texture":"#0"}}},{"from":[7.25,-14,7],"to":[8.75,-13.5,9],"rotation":{"angle":0,"axis":"y","origin":[-0.5,0,0]},"faces":{"north":{"uv":[0.25,2.875,0.75,3],"texture":"#0"},"east":{"uv":[0.25,2.875,0.75,3],"texture":"#0"},"south":{"uv":[0.25,2.875,0.75,3],"texture":"#0"},"west":{"uv":[0.25,2.875,0.75,3],"texture":"#0"},"up":{"uv":[3.375,6.5,3,7],"texture":"#0"},"down":{"uv":[3.375,6.5,3,7],"texture":"#0"}}},{"from":[7.25,-10.5,7],"to":[8.75,-10,9],"rotation":{"angle":0,"axis":"y","origin":[-0.5,0,0]},"faces":{"north":{"uv":[0.375,6.75,0.875,6.875],"texture":"#0"},"east":{"uv":[0.375,6.75,0.875,6.875],"texture":"#0"},"south":{"uv":[0.375,6.75,0.875,6.875],"texture":"#0"},"west":{"uv":[0.375,6.75,0.875,6.875],"texture":"#0"}}},{"from":[6.4,1,8.5],"to":[9.6,3,14.5],"rotation":{"angle":0,"axis":"y","origin":[8,2,11]},"faces":{"north":{"uv":[0,9.5,0.75,10],"texture":"#0"},"east":{"uv":[0.75,8,2.25,8.5],"texture":"#0"},"south":{"uv":[0,9.5,0.75,10],"texture":"#0"},"west":{"uv":[2.25,8,0.75,8.5],"texture":"#0"},"up":{"uv":[0.75,9.5,0,8],"texture":"#0"},"down":{"uv":[0.75,9.5,0,8],"texture":"#0"}}},{"from":[6.5,-0.4,2],"to":[9.5,1.1,6],"rotation":{"angle":0,"axis":"y","origin":[-0.5,-4.4,0]},"faces":{"north":{"uv":[0,12.125,0.75,12.5],"texture":"#0"},"east":{"uv":[0,10,1,10.375],"texture":"#0"},"south":{"uv":[0,12.125,0.75,12.5],"texture":"#0"},"west":{"uv":[0,10,1,10.375],"texture":"#0"},"up":{"uv":[1.375,11.5,0.625,10.5],"texture":"#0"},"down":{"uv":[1.375,11.5,0.625,10.5],"texture":"#0"}}},{"from":[7.5,6.6,7.25],"to":[8.5,12.6,8.75],"rotation":{"angle":0,"axis":"y","origin":[-0.5,-4.4,0]},"faces":{"north":{"uv":[0.875,12,0.625,10.5],"rotation":180,"texture":"#0"},"east":{"uv":[1.5,10,0,10.375],"rotation":270,"texture":"#0"},"south":{"uv":[0.875,12,0.625,10.5],"texture":"#0"},"west":{"uv":[0,10,1.5,10.375],"rotation":90,"texture":"#0"},"up":{"uv":[0,12.125,0.25,12.5],"rotation":180,"texture":"#0"},"down":{"uv":[0,12.125,0.25,12.5],"texture":"#0"}}},{"from":[7.5,12.6,7.25],"to":[8.5,18.6,8.75],"rotation":{"angle":0,"axis":"y","origin":[-0.5,-4.4,0]},"faces":{"north":{"uv":[0.875,12,0.625,10.5],"rotation":180,"texture":"#0"},"east":{"uv":[1.5,10,0,10.375],"rotation":270,"texture":"#0"},"south":{"uv":[0.875,12,0.625,10.5],"texture":"#0"},"west":{"uv":[0,10,1.5,10.375],"rotation":90,"texture":"#0"},"up":{"uv":[0,12.125,0.25,12.5],"rotation":180,"texture":"#0"},"down":{"uv":[0,12.125,0.25,12.5],"texture":"#0"}}},{"from":[6.5,-0.4,10],"to":[9.5,1.1,14],"rotation":{"angle":0,"axis":"y","origin":[-0.5,-4.4,16]},"faces":{"north":{"uv":[0.75,12.125,0,12.5],"texture":"#0"},"east":{"uv":[1,10,0,10.375],"texture":"#0"},"south":{"uv":[0.75,12.125,0,12.5],"texture":"#0"},"west":{"uv":[1,10,0,10.375],"texture":"#0"},"up":{"uv":[1.375,10.5,0.625,11.5],"texture":"#0"},"down":{"uv":[1.375,10.5,0.625,11.5],"texture":"#0"}}},{"from":[6.4,1,1.5],"to":[9.6,3,7.5],"rotation":{"angle":0,"axis":"y","origin":[8,2,5]},"faces":{"north":{"uv":[0,9.5,0.75,10],"texture":"#0"},"east":{"uv":[2.25,8,0.75,8.5],"texture":"#0"},"south":{"uv":[0,9.5,0.75,10],"texture":"#0"},"west":{"uv":[0.75,8,2.25,8.5],"texture":"#0"},"up":{"uv":[0.75,9.5,0,8],"texture":"#0"},"down":{"uv":[0.75,9.5,0,8],"texture":"#0"}}},{"from":[6,3,5.5],"to":[8,7,10.5],"rotation":{"angle":0,"axis":"y","origin":[-0.5,0,0]},"faces":{"north":{"uv":[0.5,5.75,0,6.75],"texture":"#0"},"east":{"uv":[0.5,5.75,1.75,6.75],"texture":"#0"},"south":{"uv":[0,5.75,0.5,6.75],"texture":"#0"},"west":{"uv":[0.5,5.75,1.75,6.75],"texture":"#0"},"up":{"uv":[1.375,8,0.875,6.75],"texture":"#0"},"down":{"uv":[1.375,8,0.875,6.75],"texture":"#0"}}},{"from":[7,7,5.5],"to":[8,11,7],"rotation":{"angle":0,"axis":"y","origin":[-0.5,0,0]},"faces":{"north":{"uv":[0.375,7,0.625,8],"texture":"#0"},"east":{"uv":[0,7,0.375,8],"texture":"#0"},"south":{"uv":[0.625,7,0.375,8],"texture":"#0"},"west":{"uv":[0,7,0.375,8],"texture":"#0"},"up":{"uv":[0.875,7.375,0.625,7],"texture":"#0"},"down":{"uv":[0.875,7.375,0.625,7],"texture":"#0"}}},{"from":[7,7,9],"to":[8,11,10.5],"rotation":{"angle":0,"axis":"y","origin":[-0.5,0,16]},"faces":{"north":{"uv":[0.375,7,0.625,8],"texture":"#0"},"east":{"uv":[0.375,7,0,8],"texture":"#0"},"south":{"uv":[0.625,7,0.375,8],"texture":"#0"},"west":{"uv":[0.375,7,0,8],"texture":"#0"},"up":{"uv":[0.875,7,0.625,7.375],"texture":"#0"},"down":{"uv":[0.875,7,0.625,7.375],"texture":"#0"}}},{"from":[8,7,5.5],"to":[9,11,7],"rotation":{"angle":0,"axis":"y","origin":[15.5,0,0]},"faces":{"north":{"uv":[0.625,7,0.375,8],"texture":"#0"},"east":{"uv":[0.375,7,0,8],"texture":"#0"},"south":{"uv":[0.375,7,0.625,8],"texture":"#0"},"west":{"uv":[0.375,7,0,8],"texture":"#0"},"up":{"uv":[0.625,7.375,0.875,7],"texture":"#0"},"down":{"uv":[0.625,7.375,0.875,7],"texture":"#0"}}},{"from":[8,7,9],"to":[9,11,10.5],"rotation":{"angle":0,"axis":"y","origin":[15.5,0,16]},"faces":{"north":{"uv":[0.625,7,0.375,8],"texture":"#0"},"east":{"uv":[0,7,0.375,8],"texture":"#0"},"south":{"uv":[0.375,7,0.625,8],"texture":"#0"},"west":{"uv":[0,7,0.375,8],"texture":"#0"},"up":{"uv":[0.625,7,0.875,7.375],"texture":"#0"},"down":{"uv":[0.625,7,0.875,7.375],"texture":"#0"}}},{"from":[8,3,5.5],"to":[10,7,10.5],"rotation":{"angle":0,"axis":"y","origin":[15.5,0,0]},"faces":{"north":{"uv":[0,5.75,0.5,6.75],"texture":"#0"},"east":{"uv":[1.75,5.75,0.5,6.75],"texture":"#0"},"south":{"uv":[0.5,5.75,0,6.75],"texture":"#0"},"west":{"uv":[1.75,5.75,0.5,6.75],"texture":"#0"},"up":{"uv":[0.875,8,1.375,6.75],"texture":"#0"},"down":{"uv":[0.875,8,1.375,6.75],"texture":"#0"}}},{"from":[6.5,-1,6],"to":[9.5,1,10],"rotation":{"angle":0,"axis":"y","origin":[-0.5,0,0]},"faces":{"north":{"uv":[2.5,8.5,3.25,9],"texture":"#0"},"east":{"uv":[2.25,8,3.25,8.5],"texture":"#0"},"south":{"uv":[2.5,8.5,3.25,9],"texture":"#0"},"west":{"uv":[2.25,8,3.25,8.5],"texture":"#0"},"up":{"uv":[2.25,7.75,1.5,6.75],"texture":"#0"},"down":{"uv":[2.25,7.75,1.5,6.75],"texture":"#0"}}},{"from":[6.5,-10,6],"to":[9.5,-8,10],"rotation":{"angle":0,"axis":"y","origin":[-0.5,0,0]},"faces":{"north":{"uv":[2.5,8.5,3.25,9],"texture":"#0"},"east":{"uv":[2.25,8,3.25,8.5],"texture":"#0"},"south":{"uv":[2.5,8.5,3.25,9],"texture":"#0"},"west":{"uv":[2.25,8,3.25,8.5],"texture":"#0"},"up":{"uv":[2.25,7.75,1.5,6.75],"texture":"#0"},"down":{"uv":[2.25,7.75,1.5,6.75],"texture":"#0"}}},{"from":[8,2.5,3],"to":[8,32,13],"faces":{"north":{"uv":[0.125,0,0.125,5.25],"texture":"#0"},"east":{"uv":[9.625,0,12.125,7.375],"texture":"#0"},"south":{"uv":[0.125,0,0.125,5.25],"texture":"#0"},"west":{"uv":[12.125,0,9.625,7.375],"texture":"#0"},"up":{"uv":[0.125,0,0.125,1.5],"texture":"#0"},"down":{"uv":[0.125,0,0.125,1.5],"texture":"#0"}}},{"from":[8.1,2.5,5.5],"to":[8.1,25,10.5],"faces":{"north":{"uv":[0.125,0,0.125,5.25],"texture":"#0"},"east":{"uv":[14.75,10.375,16,16],"texture":"#0"},"south":{"uv":[0.125,0,0.125,5.25],"texture":"#0"},"west":{"uv":[14.75,10.375,16,16],"texture":"#0"},"up":{"uv":[0.125,0,0.125,1.5],"texture":"#0"},"down":{"uv":[0.125,0,0.125,1.5],"texture":"#0"}}},{"from":[7.9,2.5,5.5],"to":[7.9,25,10.5],"rotation":{"angle":0,"axis":"y","origin":[16,0,0]},"faces":{"north":{"uv":[0.125,0,0.125,5.25],"texture":"#0"},"east":{"uv":[16,10.375,14.75,16],"texture":"#0"},"south":{"uv":[0.125,0,0.125,5.25],"texture":"#0"},"west":{"uv":[16,10.375,14.75,16],"texture":"#0"},"up":{"uv":[0.125,0,0.125,1.5],"texture":"#0"},"down":{"uv":[0.125,0,0.125,1.5],"texture":"#0"}}},{"from":[5.5,0,6.75],"to":[10.5,3.5,9.25],"faces":{"north":{"uv":[4.625,0,5.875,0.875],"texture":"#0"},"east":{"uv":[4,0,4.625,0.875],"texture":"#0"},"south":{"uv":[4.625,0,5.875,0.875],"texture":"#0"},"west":{"uv":[4,0,4.625,0.875],"texture":"#0"},"up":{"uv":[4,0.875,5.25,1.5],"texture":"#0"},"down":{"uv":[4,0.875,5.25,1.5],"texture":"#0"}}},{"from":[8.5,-1.7,7.5],"to":[8.5,1.3,11.5],"rotation":{"angle":-22.5,"axis":"x","origin":[0,9,-1]},"faces":{"north":{"uv":[0,0.75,0,0],"rotation":180,"texture":"#missing"},"east":{"uv":[0,13,0.75,14],"rotation":270,"texture":"#0"},"south":{"uv":[0,0.75,0,0],"texture":"#missing"},"west":{"uv":[0.75,13,0,14],"rotation":90,"texture":"#0"},"up":{"uv":[0,1,0,0],"texture":"#missing"},"down":{"uv":[0,1,0,0],"rotation":180,"texture":"#missing"}}},{"from":[8.5,-2.8,9.5],"to":[8.5,-0.8,12.5],"rotation":{"angle":45,"axis":"x","origin":[0,9,15]},"faces":{"north":{"uv":[0,0,0,0.5],"rotation":180,"texture":"#missing"},"east":{"uv":[1.25,13.25,0.75,14],"rotation":90,"texture":"#0"},"south":{"uv":[0,0,0,0.5],"texture":"#missing"},"west":{"uv":[0.75,13.25,1.25,14],"rotation":270,"texture":"#0"},"up":{"uv":[0,0.75,0,0],"rotation":180,"texture":"#missing"},"down":{"uv":[0,0.75,0,0],"texture":"#missing"}}},{"from":[8.3,4.2,5.5],"to":[8.3,6.2,8.5],"rotation":{"angle":45,"axis":"x","origin":[0,9,15]},"faces":{"north":{"uv":[0,0,0,0.5],"rotation":180,"texture":"#missing"},"east":{"uv":[1.25,13.25,0.75,14],"rotation":90,"texture":"#0"},"south":{"uv":[0,0,0,0.5],"texture":"#missing"},"west":{"uv":[0.75,13.25,1.25,14],"rotation":270,"texture":"#0"},"up":{"uv":[0,0.75,0,0],"rotation":180,"texture":"#missing"},"down":{"uv":[0,0.75,0,0],"texture":"#missing"}}},{"from":[7.7,4.2,5.5],"to":[7.7,6.2,8.5],"rotation":{"angle":45,"axis":"x","origin":[16,9,15]},"faces":{"north":{"uv":[0,0,0,0.5],"rotation":180,"texture":"#missing"},"east":{"uv":[0.75,14,1.25,13.25],"rotation":270,"texture":"#0"},"south":{"uv":[0,0,0,0.5],"texture":"#missing"},"west":{"uv":[1.25,14,0.75,13.25],"rotation":90,"texture":"#0"},"up":{"uv":[0,0.75,0,0],"rotation":180,"texture":"#missing"},"down":{"uv":[0,0.75,0,0],"texture":"#missing"}}},{"from":[7.5,-1.7,7.5],"to":[7.5,1.3,11.5],"rotation":{"angle":-22.5,"axis":"x","origin":[16,9,-1]},"faces":{"north":{"uv":[0,0.75,0,0],"rotation":180,"texture":"#missing"},"east":{"uv":[0.75,14,0,13],"rotation":90,"texture":"#0"},"south":{"uv":[0,0.75,0,0],"texture":"#missing"},"west":{"uv":[0,14,0.75,13],"rotation":270,"texture":"#0"},"up":{"uv":[0,1,0,0],"texture":"#missing"},"down":{"uv":[0,1,0,0],"rotation":180,"texture":"#missing"}}},{"from":[7.5,-2.8,9.5],"to":[7.5,-0.8,12.5],"rotation":{"angle":45,"axis":"x","origin":[16,9,15]},"faces":{"north":{"uv":[0,0,0,0.5],"rotation":180,"texture":"#missing"},"east":{"uv":[0.75,14,1.25,13.25],"rotation":270,"texture":"#0"},"south":{"uv":[0,0,0,0.5],"texture":"#missing"},"west":{"uv":[1.25,14,0.75,13.25],"rotation":90,"texture":"#0"},"up":{"uv":[0,0.75,0,0],"rotation":180,"texture":"#missing"},"down":{"uv":[0,0.75,0,0],"texture":"#missing"}}},{"from":[5.9,3,5],"to":[5.9,7,11],"faces":{"north":{"uv":[0,0,0,8],"texture":"#1"},"east":{"uv":[0,0,12,8],"texture":"#1"},"south":{"uv":[0,0,0,8],"texture":"#1"},"west":{"uv":[0,0,12,8],"texture":"#1"},"up":{"uv":[0,0,0,12],"texture":"#1"},"down":{"uv":[0,0,0,12],"texture":"#1"}}},{"from":[10.1,3,5],"to":[10.1,7,11],"rotation":{"angle":0,"axis":"y","origin":[16,0,0]},"faces":{"north":{"uv":[0,0,0,8],"texture":"#1"},"east":{"uv":[12,0,0,8],"texture":"#1"},"south":{"uv":[0,0,0,8],"texture":"#1"},"west":{"uv":[12,0,0,8],"texture":"#1"},"up":{"uv":[0,0,0,12],"texture":"#1"},"down":{"uv":[0,0,0,12],"texture":"#1"}}},{"from":[5.4,-1,4.75],"to":[5.4,5,10.75],"faces":{"east":{"uv":[12,0,0,12],"texture":"#2"},"west":{"uv":[0,0,12,12],"texture":"#2"}}},{"from":[10.6,-1,4.75],"to":[10.6,5,10.75],"rotation":{"angle":0,"axis":"y","origin":[16,0,0]},"faces":{"east":{"uv":[12,0,0,12],"texture":"#2"},"west":{"uv":[0,0,12,12],"texture":"#2"}}}],"gui_light":"front","display":{"thirdperson_righthand":{"translation":[0,6.75,1.75],"scale":[0.7,0.7,0.7]},"thirdperson_lefthand":{"translation":[0,6.75,1.75],"scale":[0.7,0.7,0.7]},"firstperson_righthand":{"translation":[0.25,6.5,2.25],"scale":[0.38281,0.38281,0.38281]},"firstperson_lefthand":{"translation":[0.25,6.5,2.25],"scale":[0.38281,0.38281,0.38281]},"ground":{"rotation":[45,0,0],"translation":[0,9,0],"scale":[0.45,0.45,0.45]},"gui":{"rotation":[-90,-45,-90],"translation":[-0.25,-0.25,0],"scale":[0.43516,0.43516,0.43516]},"head":{"scale":[0,0,0]},"fixed":{"rotation":[0,90,0],"translation":[0,10,-1.5],"scale":[1.5,1.5,1.5]}}}