{"credit":"MadewithBlockbench","texture_size":[24,24],"textures":{"0":"bumble:easter/items/texture","1":"bumble:easter/items/eff_01","2":"bumble:easter/items/eff_02","3":"bumble:easter/items/helmet","particle":"bumble:easter/items/texture"},"elements":[{"from":[10.11947,6.75485,1.2],"to":[14.11947,10.75485,1.2],"rotation":{"angle":-22.5,"axis":"z","origin":[8,7.725,8]},"faces":{"north":{"uv":[3.5,0,5.5,2],"texture":"#0"},"east":{"uv":[0,0,0,2],"texture":"#0"},"south":{"uv":[5.5,0,3.5,2],"texture":"#0"},"west":{"uv":[0,0,0,2],"texture":"#0"},"up":{"uv":[0,2,0,0],"rotation":90,"texture":"#0"},"down":{"uv":[0,0,0,2],"rotation":270,"texture":"#0"}}},{"from":[3.2,7.85,1.35],"to":[6.7,11.35,1.35],"rotation":{"angle":0,"axis":"y","origin":[8,7.725,8]},"faces":{"north":{"uv":[0,0,16,16],"rotation":180,"texture":"#1"},"east":{"uv":[0,0,0,2],"rotation":180,"texture":"#1"},"south":{"uv":[16,0,0,16],"rotation":180,"texture":"#1"},"west":{"uv":[0,0,0,2],"rotation":180,"texture":"#1"},"up":{"uv":[0,0,0,2],"rotation":270,"texture":"#1"},"down":{"uv":[0,2,0,0],"rotation":90,"texture":"#1"}}},{"from":[3.8997,2.82554,1.1],"to":[7.8997,6.82554,1.1],"rotation":{"angle":-22.5,"axis":"z","origin":[8,7.725,8]},"faces":{"north":{"uv":[0,0,16,16],"rotation":270,"texture":"#2"},"east":{"uv":[0,2,0,0],"texture":"#2"},"south":{"uv":[0.94118,0,0,0.94118],"rotation":90,"texture":"#2"},"west":{"uv":[0,0,0,2],"rotation":180,"texture":"#2"},"up":{"uv":[0,0,0,2],"rotation":90,"texture":"#2"},"down":{"uv":[0,0,0,2],"rotation":90,"texture":"#2"}}},{"from":[8.1003,2.82554,1.1],"to":[12.1003,6.82554,1.1],"rotation":{"angle":22.5,"axis":"z","origin":[8,7.725,8]},"faces":{"north":{"uv":[0,16,16,0],"rotation":270,"texture":"#2"},"east":{"uv":[0,0,0,2],"rotation":180,"texture":"#2"},"south":{"uv":[0.94118,0.94118,0,0],"rotation":90,"texture":"#2"},"west":{"uv":[0,2,0,0],"texture":"#2"},"up":{"uv":[0,2,0,0],"rotation":90,"texture":"#2"},"down":{"uv":[0,2,0,0],"rotation":90,"texture":"#2"}}},{"from":[6.81317,3.85,-0.44993],"to":[10.81317,7.85,-0.44993],"rotation":{"angle":-45,"axis":"y","origin":[8,7.725,8]},"faces":{"north":{"uv":[0,16,16,0],"rotation":270,"texture":"#2"},"east":{"uv":[0,0,0,2],"rotation":180,"texture":"#2"},"south":{"uv":[0.94118,0.94118,0,0],"rotation":90,"texture":"#2"},"west":{"uv":[0,2,0,0],"texture":"#2"},"up":{"uv":[0,2,0,0],"rotation":90,"texture":"#2"},"down":{"uv":[0,2,0,0],"rotation":90,"texture":"#2"}}},{"from":[16.05,3.85,4],"to":[16.05,7.85,8],"rotation":{"angle":0,"axis":"y","origin":[8,7.725,8]},"faces":{"north":{"uv":[0,2,0,0],"texture":"#2"},"east":{"uv":[0,16,16,0],"rotation":270,"texture":"#2"},"south":{"uv":[0,0,0,2],"rotation":180,"texture":"#2"},"west":{"uv":[0.94118,0.94118,0,0],"rotation":90,"texture":"#2"},"up":{"uv":[0,2,0,0],"rotation":180,"texture":"#2"},"down":{"uv":[0,2,0,0],"texture":"#2"}}},{"from":[16.05,3.85,8],"to":[16.05,7.85,12],"rotation":{"angle":0,"axis":"y","origin":[8,7.725,8]},"faces":{"north":{"uv":[0,2,0,0],"texture":"#2"},"east":{"uv":[0,16,16,0],"rotation":270,"texture":"#2"},"south":{"uv":[0,0,0,2],"rotation":180,"texture":"#2"},"west":{"uv":[0.94118,0.94118,0,0],"rotation":90,"texture":"#2"},"up":{"uv":[0,2,0,0],"rotation":180,"texture":"#2"},"down":{"uv":[0,2,0,0],"texture":"#2"}}},{"from":[16.52064,3.85,5.11612],"to":[16.52064,7.85,9.11612],"rotation":{"angle":-45,"axis":"y","origin":[8,7.725,8]},"faces":{"north":{"uv":[0,2,0,0],"texture":"#2"},"east":{"uv":[0,16,16,0],"rotation":270,"texture":"#2"},"south":{"uv":[0,0,0,2],"rotation":180,"texture":"#2"},"west":{"uv":[0.94118,0.94118,0,0],"rotation":90,"texture":"#2"},"up":{"uv":[0,2,0,0],"rotation":180,"texture":"#2"},"down":{"uv":[0,2,0,0],"texture":"#2"}}},{"from":[-0.52064,3.85,5.11612],"to":[-0.52064,7.85,9.11612],"rotation":{"angle":45,"axis":"y","origin":[8,7.725,8]},"faces":{"north":{"uv":[0,2,0,0],"texture":"#2"},"east":{"uv":[0.94118,0,0,0.94118],"rotation":90,"texture":"#2"},"south":{"uv":[0,0,0,2],"rotation":180,"texture":"#2"},"west":{"uv":[0,0,16,16],"rotation":270,"texture":"#2"},"up":{"uv":[0,2,0,0],"rotation":180,"texture":"#2"},"down":{"uv":[0,2,0,0],"texture":"#2"}}},{"from":[5.18683,3.85,-0.44993],"to":[9.18683,7.85,-0.44993],"rotation":{"angle":45,"axis":"y","origin":[8,7.725,8]},"faces":{"north":{"uv":[0,0,16,16],"rotation":270,"texture":"#2"},"east":{"uv":[0,2,0,0],"texture":"#2"},"south":{"uv":[0.94118,0,0,0.94118],"rotation":90,"texture":"#2"},"west":{"uv":[0,0,0,2],"rotation":180,"texture":"#2"},"up":{"uv":[0,0,0,2],"rotation":90,"texture":"#2"},"down":{"uv":[0,0,0,2],"rotation":90,"texture":"#2"}}},{"from":[-0.05,3.85,4],"to":[-0.05,7.85,8],"rotation":{"angle":0,"axis":"y","origin":[8,7.725,8]},"faces":{"north":{"uv":[0,2,0,0],"texture":"#2"},"east":{"uv":[0.94118,0,0,0.94118],"rotation":90,"texture":"#2"},"south":{"uv":[0,0,0,2],"rotation":180,"texture":"#2"},"west":{"uv":[0,0,16,16],"rotation":270,"texture":"#2"},"up":{"uv":[0,2,0,0],"rotation":180,"texture":"#2"},"down":{"uv":[0,2,0,0],"texture":"#2"}}},{"from":[-0.05,3.85,8],"to":[-0.05,7.85,12],"rotation":{"angle":0,"axis":"y","origin":[8,7.725,8]},"faces":{"north":{"uv":[0,2,0,0],"texture":"#2"},"east":{"uv":[0.94118,0,0,0.94118],"rotation":90,"texture":"#2"},"south":{"uv":[0,0,0,2],"rotation":180,"texture":"#2"},"west":{"uv":[0,0,16,16],"rotation":270,"texture":"#2"},"up":{"uv":[0,2,0,0],"rotation":180,"texture":"#2"},"down":{"uv":[0,2,0,0],"texture":"#2"}}},{"from":[9.25,3.85,14.8],"to":[13.25,7.85,14.8],"rotation":{"angle":0,"axis":"y","origin":[8,7.725,8]},"faces":{"north":{"uv":[0.94118,0,0,0.94118],"rotation":90,"texture":"#2"},"east":{"uv":[0,0,0,2],"rotation":180,"texture":"#2"},"south":{"uv":[0,0,16,16],"rotation":270,"texture":"#2"},"west":{"uv":[0,2,0,0],"texture":"#2"},"up":{"uv":[0,2,0,0],"rotation":90,"texture":"#2"},"down":{"uv":[0,2,0,0],"rotation":90,"texture":"#2"}}},{"from":[2.75,3.85,14.8],"to":[6.75,7.85,14.8],"rotation":{"angle":0,"axis":"y","origin":[8,7.725,8]},"faces":{"north":{"uv":[0.94118,0,0,0.94118],"rotation":90,"texture":"#2"},"east":{"uv":[0,0,0,2],"rotation":180,"texture":"#2"},"south":{"uv":[0,0,16,16],"rotation":270,"texture":"#2"},"west":{"uv":[0,2,0,0],"texture":"#2"},"up":{"uv":[0,2,0,0],"rotation":90,"texture":"#2"},"down":{"uv":[0,2,0,0],"rotation":90,"texture":"#2"}}},{"from":[6.5,4.85,14.9],"to":[9.5,7.85,14.9],"rotation":{"angle":0,"axis":"y","origin":[8,7.725,8]},"faces":{"north":{"uv":[0.94118,0,0,0.94118],"rotation":90,"texture":"#2"},"east":{"uv":[0,0,0,2],"rotation":180,"texture":"#2"},"south":{"uv":[0,0,16,16],"rotation":270,"texture":"#2"},"west":{"uv":[0,2,0,0],"texture":"#2"},"up":{"uv":[0,2,0,0],"rotation":90,"texture":"#2"},"down":{"uv":[0,2,0,0],"rotation":90,"texture":"#2"}}},{"from":[9.3,7.85,1.35],"to":[12.8,11.35,1.35],"rotation":{"angle":0,"axis":"y","origin":[8,7.725,8]},"faces":{"north":{"uv":[16,0,0,16],"rotation":180,"texture":"#1"},"east":{"uv":[0,0,0,2],"rotation":180,"texture":"#1"},"south":{"uv":[0,0,16,16],"rotation":180,"texture":"#1"},"west":{"uv":[0,0,0,2],"rotation":180,"texture":"#1"},"up":{"uv":[0,2,0,0],"rotation":270,"texture":"#1"},"down":{"uv":[0,0,0,2],"rotation":90,"texture":"#1"}}},{"from":[1.88053,6.75485,1.25],"to":[5.88053,10.75485,1.25],"rotation":{"angle":22.5,"axis":"z","origin":[8,7.725,8]},"faces":{"north":{"uv":[5.5,0,3.5,2],"texture":"#0"},"east":{"uv":[0,0,0,2],"texture":"#0"},"south":{"uv":[3.5,0,5.5,2],"texture":"#0"},"west":{"uv":[0,0,0,2],"texture":"#0"},"up":{"uv":[0,0,0,2],"rotation":90,"texture":"#0"},"down":{"uv":[0,2,0,0],"rotation":270,"texture":"#0"}}},{"from":[5.32001,7.41238,0.66],"to":[6.52001,8.61238,2.04],"rotation":{"angle":-22.5,"axis":"z","origin":[8,7.725,8]},"faces":{"north":{"uv":[10.5,7,11.125,7.625],"texture":"#0"},"east":{"uv":[3.5,10.5,4.125,11.125],"texture":"#0"},"south":{"uv":[10.5,6,11.125,6.625],"texture":"#0"},"west":{"uv":[6.5,10.5,7.125,11.125],"texture":"#0"},"up":{"uv":[8.125,11.125,7.5,10.5],"rotation":90,"texture":"#0"},"down":{"uv":[11.125,8,10.5,8.625],"rotation":270,"texture":"#0"}}},{"from":[5.52001,7.13238,0.86],"to":[6.32001,8.89238,1.84],"rotation":{"angle":-22.5,"axis":"z","origin":[8,7.725,8]},"faces":{"north":{"uv":[11.5,8.5,11.875,9.375],"texture":"#0"},"east":{"uv":[10,6,10.5,6.875],"texture":"#0"},"south":{"uv":[8,11.5,8.375,12.375],"texture":"#0"},"west":{"uv":[8.5,10,9,10.875],"texture":"#0"},"up":{"uv":[6,12.375,5.5,12],"rotation":90,"texture":"#0"},"down":{"uv":[12.5,5.5,12,5.875],"rotation":270,"texture":"#0"}}},{"from":[9.47999,7.41238,0.66],"to":[10.67999,8.61238,2.04],"rotation":{"angle":22.5,"axis":"z","origin":[8,7.725,8]},"faces":{"north":{"uv":[11.125,7,10.5,7.625],"texture":"#0"},"east":{"uv":[7.125,10.5,6.5,11.125],"texture":"#0"},"south":{"uv":[11.125,6,10.5,6.625],"texture":"#0"},"west":{"uv":[4.125,10.5,3.5,11.125],"texture":"#0"},"up":{"uv":[8.125,10.5,7.5,11.125],"rotation":90,"texture":"#0"},"down":{"uv":[11.125,8.625,10.5,8],"rotation":270,"texture":"#0"}}},{"from":[9.20327,10.07588,0.71],"to":[10.40327,11.27588,1.99],"rotation":{"angle":-45,"axis":"z","origin":[8,7.725,8]},"faces":{"north":{"uv":[6.125,11,5.5,11.625],"texture":"#0"},"east":{"uv":[11.625,5,11,5.625],"texture":"#0"},"south":{"uv":[5.125,11,4.5,11.625],"texture":"#0"},"west":{"uv":[11.625,4,11,4.625],"texture":"#0"},"up":{"uv":[9.125,11,8.5,11.625],"rotation":90,"texture":"#0"},"down":{"uv":[10.125,11.625,9.5,11],"rotation":270,"texture":"#0"}}},{"from":[9.40327,9.79588,0.91],"to":[10.20327,11.55588,1.79],"rotation":{"angle":-45,"axis":"z","origin":[8,7.725,8]},"faces":{"north":{"uv":[12.375,0,12,0.875],"texture":"#0"},"east":{"uv":[11,0,10.5,0.875],"texture":"#0"},"south":{"uv":[11.875,11.5,11.5,12.375],"texture":"#0"},"west":{"uv":[10.5,10,10,10.875],"texture":"#0"},"up":{"uv":[12.5,6.5,12,6.875],"rotation":90,"texture":"#0"},"down":{"uv":[7.5,12.375,7,12],"rotation":270,"texture":"#0"}}},{"from":[5.59673,10.07588,0.71],"to":[6.79673,11.27588,1.99],"rotation":{"angle":45,"axis":"z","origin":[8,7.725,8]},"faces":{"north":{"uv":[5.5,11,6.125,11.625],"texture":"#0"},"east":{"uv":[11,4,11.625,4.625],"texture":"#0"},"south":{"uv":[4.5,11,5.125,11.625],"texture":"#0"},"west":{"uv":[11,5,11.625,5.625],"texture":"#0"},"up":{"uv":[9.125,11.625,8.5,11],"rotation":90,"texture":"#0"},"down":{"uv":[10.125,11,9.5,11.625],"rotation":270,"texture":"#0"}}},{"from":[5.79673,9.79588,0.91],"to":[6.59673,11.55588,1.79],"rotation":{"angle":45,"axis":"z","origin":[8,7.725,8]},"faces":{"north":{"uv":[12,0,12.375,0.875],"texture":"#0"},"east":{"uv":[10,10,10.5,10.875],"texture":"#0"},"south":{"uv":[11.5,11.5,11.875,12.375],"texture":"#0"},"west":{"uv":[10.5,0,11,0.875],"texture":"#0"},"up":{"uv":[12.5,6.875,12,6.5],"rotation":90,"texture":"#0"},"down":{"uv":[7.5,12,7,12.375],"rotation":270,"texture":"#0"}}},{"from":[9.67999,7.13238,0.86],"to":[10.47999,8.89238,1.84],"rotation":{"angle":22.5,"axis":"z","origin":[8,7.725,8]},"faces":{"north":{"uv":[11.875,8.5,11.5,9.375],"texture":"#0"},"east":{"uv":[9,10,8.5,10.875],"texture":"#0"},"south":{"uv":[8.375,11.5,8,12.375],"texture":"#0"},"west":{"uv":[10.5,6,10,6.875],"texture":"#0"},"up":{"uv":[6,12,5.5,12.375],"rotation":90,"texture":"#0"},"down":{"uv":[12.5,5.875,12,5.5],"rotation":270,"texture":"#0"}}},{"from":[10.91115,7.56352,0.76],"to":[12.11115,8.76352,1.94],"rotation":{"angle":-22.5,"axis":"z","origin":[8,7.725,8]},"faces":{"north":{"uv":[11.625,1,11,1.625],"rotation":90,"texture":"#0"},"east":{"uv":[11.625,3.625,11,3],"rotation":180,"texture":"#0"},"south":{"uv":[11.125,10,10.5,10.625],"rotation":270,"texture":"#0"},"west":{"uv":[11.625,2,11,2.625],"texture":"#0"},"up":{"uv":[11.625,0,11,0.625],"rotation":270,"texture":"#0"},"down":{"uv":[11.125,9,10.5,9.625],"rotation":270,"texture":"#0"}}},{"from":[10.63115,7.76352,0.96],"to":[12.39115,8.56352,1.74],"rotation":{"angle":-22.5,"axis":"z","origin":[8,7.725,8]},"faces":{"north":{"uv":[11.875,10.5,11.5,11.375],"rotation":90,"texture":"#0"},"east":{"uv":[12.5,6.375,12,6],"rotation":180,"texture":"#0"},"south":{"uv":[11.875,9.5,11.5,10.375],"rotation":270,"texture":"#0"},"west":{"uv":[6.5,12,6,12.375],"texture":"#0"},"up":{"uv":[10,10,9.5,10.875],"rotation":270,"texture":"#0"},"down":{"uv":[9.5,10,9,10.875],"rotation":270,"texture":"#0"}}},{"from":[3.88885,7.56352,0.76],"to":[5.08885,8.76352,1.94],"rotation":{"angle":22.5,"axis":"z","origin":[8,7.725,8]},"faces":{"north":{"uv":[11.625,1.625,11,1],"rotation":90,"texture":"#0"},"east":{"uv":[11,2,11.625,2.625],"texture":"#0"},"south":{"uv":[11.125,10.625,10.5,10],"rotation":270,"texture":"#0"},"west":{"uv":[11,3.625,11.625,3],"rotation":180,"texture":"#0"},"up":{"uv":[11.625,0.625,11,0],"rotation":270,"texture":"#0"},"down":{"uv":[11.125,9.625,10.5,9],"rotation":270,"texture":"#0"}}},{"from":[3.60885,7.76352,0.96],"to":[5.36885,8.56352,1.74],"rotation":{"angle":22.5,"axis":"z","origin":[8,7.725,8]},"faces":{"north":{"uv":[11.875,11.375,11.5,10.5],"rotation":90,"texture":"#0"},"east":{"uv":[6,12,6.5,12.375],"texture":"#0"},"south":{"uv":[11.875,10.375,11.5,9.5],"rotation":270,"texture":"#0"},"west":{"uv":[12,6.375,12.5,6],"rotation":180,"texture":"#0"},"up":{"uv":[10,10.875,9.5,10],"rotation":270,"texture":"#0"},"down":{"uv":[9.5,10.875,9,10],"rotation":270,"texture":"#0"}}},{"from":[7,6,0.35],"to":[9,8,2.35],"rotation":{"angle":0,"axis":"y","origin":[8,7.725,8]},"faces":{"north":{"uv":[5.5,1,6.5,2],"texture":"#0"},"east":{"uv":[5,3.5,6,4.5],"texture":"#0"},"south":{"uv":[5,4.5,6,5.5],"texture":"#0"},"west":{"uv":[5.5,0,6.5,1],"texture":"#0"},"up":{"uv":[6,6.5,5,5.5],"rotation":90,"texture":"#0"},"down":{"uv":[7,3.5,6,4.5],"rotation":270,"texture":"#0"}}},{"from":[7.11664,6.84164,0.15],"to":[7.71664,7.44164,2.55],"rotation":{"angle":45,"axis":"z","origin":[8,7.725,8]},"faces":{"north":{"uv":[9.5,12,9.75,12.25],"texture":"#0"},"east":{"uv":[12,1,13.25,1.25],"texture":"#0"},"south":{"uv":[12,9,12.25,9.25],"texture":"#0"},"west":{"uv":[12,1.5,13.25,1.75],"texture":"#0"},"up":{"uv":[13.25,2.25,12,2],"rotation":90,"texture":"#0"},"down":{"uv":[13.25,2.5,12,2.75],"rotation":270,"texture":"#0"}}},{"from":[8.2,8,0.75],"to":[9,10,1.95],"rotation":{"angle":0,"axis":"y","origin":[8,7.725,8]},"faces":{"north":{"uv":[6.5,11.5,6.875,12.5],"texture":"#0"},"east":{"uv":[7,1.5,7.625,2.5],"texture":"#0"},"south":{"uv":[11.5,6,11.875,7],"texture":"#0"},"west":{"uv":[7,2.5,7.625,3.5],"texture":"#0"},"up":{"uv":[12.625,4.375,12,4],"rotation":90,"texture":"#0"},"down":{"uv":[5.125,12,4.5,12.375],"rotation":270,"texture":"#0"}}},{"from":[7,8,0.75],"to":[7.8,9,1.95],"rotation":{"angle":0,"axis":"y","origin":[8,7.725,8]},"faces":{"north":{"uv":[8.5,12,8.875,12.5],"texture":"#0"},"east":{"uv":[12,3,12.625,3.5],"texture":"#0"},"south":{"uv":[7.5,12,7.875,12.5],"texture":"#0"},"west":{"uv":[12,3.5,12.625,4],"texture":"#0"},"up":{"uv":[12.625,4.875,12,4.5],"rotation":90,"texture":"#0"},"down":{"uv":[12.625,5,12,5.375],"rotation":270,"texture":"#0"}}},{"from":[7,9,0.35],"to":[7.8,9.8,2.35],"rotation":{"angle":0,"axis":"y","origin":[8,7.725,8]},"faces":{"north":{"uv":[9,12,9.375,12.375],"texture":"#0"},"east":{"uv":[7,11.5,8,11.875],"texture":"#0"},"south":{"uv":[12,8.5,12.375,8.875],"texture":"#0"},"west":{"uv":[11.5,7,12.5,7.375],"texture":"#0"},"up":{"uv":[12.5,7.875,11.5,7.5],"rotation":90,"texture":"#0"},"down":{"uv":[12.5,8,11.5,8.375],"rotation":270,"texture":"#0"}}},{"from":[8.99524,8.90311,7.01428],"to":[12.9762,18.85551,9.40572],"rotation":{"angle":0,"axis":"y","origin":[8,13.6305,10]},"faces":{"north":{"uv":[0,0,2.66667,6.66667],"texture":"#3"},"east":{"uv":[5.33333,0,7,6.66667],"texture":"#3"},"south":{"uv":[2.66667,0,5.33333,6.66667],"texture":"#3"},"west":{"uv":[7,0,5.33333,6.66667],"texture":"#3"},"up":{"uv":[14.66667,5.66667,12,4],"texture":"#3"},"down":{"uv":[14.66667,6,12,7.66667],"texture":"#3"}}},{"from":[3.0238,13.87931,5.0238],"to":[7.00476,17.86027,9.6062],"rotation":{"angle":0,"axis":"y","origin":[8,13.6305,10]},"faces":{"north":{"uv":[2,10,4.66667,12.66667],"texture":"#3"},"east":{"uv":[10.33333,2.66667,7.33333,5.33333],"texture":"#3"},"south":{"uv":[2.66667,1.33333,5.33333,4],"texture":"#3"},"west":{"uv":[7.33333,2.66667,10.33333,5.33333],"texture":"#3"},"up":{"uv":[10,8.33333,7.33333,5.33333],"texture":"#3"},"down":{"uv":[10,8.66667,7.33333,11.66667],"texture":"#3"}}},{"from":[3.0238,8.90311,7.01428],"to":[7.00476,13.87931,9.40572],"rotation":{"angle":0,"axis":"y","origin":[8,13.6305,10]},"faces":{"north":{"uv":[0,3.33333,2.66667,6.66667],"texture":"#3"},"east":{"uv":[5.33333,3.33333,7,6.66667],"texture":"#3"},"south":{"uv":[2.66667,3.33333,5.33333,6.66667],"texture":"#3"},"west":{"uv":[7,3.33333,5.33333,6.66667],"texture":"#3"},"up":{"uv":[13.33333,1.66667,10.66667,0],"texture":"#3"},"down":{"uv":[13.33333,2,10.66667,3.66667],"texture":"#3"}}}],"gui_light":"front","display":{"thirdperson_righthand":{"rotation":[67.5,0,0],"scale":[0.42,0.42,0.42]},"thirdperson_lefthand":{"rotation":[67.5,0,0],"scale":[0.42,0.42,0.42]},"firstperson_righthand":{"translation":[11.25,-0.25,-8],"scale":[1.04883,1.04883,1.04883]},"firstperson_lefthand":{"translation":[11.25,-0.25,-8],"scale":[1.04883,1.04883,1.04883]},"ground":{"translation":[-0.5,4,0],"scale":[0.6,0.6,0.6]},"gui":{"rotation":[30,135,0],"translation":[0.25,-1.75,0],"scale":[0.79656,0.79656,0.79656]},"head":{"translation":[0,5.25,-0.5],"scale":[1.15,1.15,1.15]},"fixed":{"rotation":[-90,0,0],"translation":[0,1,-5],"scale":[1.74414,1.74414,1.74414]}}}