{"credit":"MadewithBlockbench","texture_size":[8,8],"textures":{"0":"bumble:easter/items/texture_01","1":"bumble:easter/items/texture_animation_02","particle":"bumble:easter/items/texture_01"},"elements":[{"from":[7.9,24,-7],"to":[7.9,28,-4],"rotation":{"angle":45,"axis":"x","origin":[-0.5,1,-0.5]},"faces":{"north":{"uv":[0,0,0,1],"texture":"#missing"},"east":{"uv":[0.75,13,0,14],"texture":"#0"},"south":{"uv":[0,0,0,1],"texture":"#missing"},"west":{"uv":[0,13,0.75,14],"texture":"#0"},"up":{"uv":[0,0,0,0.75],"texture":"#missing"},"down":{"uv":[0,0,0,0.75],"texture":"#missing"}}},{"from":[7.5,6,7],"to":[8.5,11,9],"rotation":{"angle":0,"axis":"y","origin":[-0.5,-1,0]},"faces":{"north":{"uv":[3.75,0,4,1.25],"texture":"#0"},"east":{"uv":[3.75,0,3.25,1.25],"texture":"#0"},"south":{"uv":[3.75,0,4,1.25],"texture":"#0"},"west":{"uv":[3.25,0,3.75,1.25],"texture":"#0"}}},{"from":[6.4,8,5],"to":[9.6,10,11],"rotation":{"angle":0,"axis":"y","origin":[-0.5,4,0]},"faces":{"north":{"uv":[0,9.5,0.75,10],"texture":"#0"},"east":{"uv":[0.75,8,2.25,8.5],"texture":"#0"},"south":{"uv":[0,9.5,0.75,10],"texture":"#0"},"west":{"uv":[0.75,8,2.25,8.5],"texture":"#0"},"up":{"uv":[0.75,9.5,0,8],"texture":"#0"},"down":{"uv":[0.75,9.5,0,8],"texture":"#0"}}},{"from":[7,7,1],"to":[9,9,5],"rotation":{"angle":22.5,"axis":"x","origin":[-0.5,0,16]},"faces":{"north":{"uv":[3,8.5,2.5,9],"texture":"#0"},"east":{"uv":[3.25,8,2.25,8.5],"texture":"#0"},"south":{"uv":[3,8.5,2.5,9],"texture":"#0"},"west":{"uv":[3.25,8,2.25,8.5],"texture":"#0"},"up":{"uv":[2,6.75,1.5,7.75],"texture":"#0"},"down":{"uv":[2,6.75,1.5,7.75],"texture":"#0"}}},{"from":[7,7,11],"to":[9,9,15],"rotation":{"angle":-22.5,"axis":"x","origin":[-0.5,0,0]},"faces":{"north":{"uv":[2.5,8.5,3,9],"texture":"#0"},"east":{"uv":[2.25,8,3.25,8.5],"texture":"#0"},"south":{"uv":[2.5,8.5,3,9],"texture":"#0"},"west":{"uv":[2.25,8,3.25,8.5],"texture":"#0"},"up":{"uv":[2,7.75,1.5,6.75],"texture":"#0"},"down":{"uv":[2,7.75,1.5,6.75],"texture":"#0"}}},{"from":[5.5,11,6.75],"to":[10.5,13.5,9.25],"faces":{"north":{"uv":[4.625,0.75,5.875,0.125],"texture":"#0"},"east":{"uv":[4,1.5,4.625,2.125],"texture":"#0"},"south":{"uv":[4.625,0.75,5.875,0.125],"texture":"#0"},"west":{"uv":[4,1.5,4.625,2.125],"texture":"#0"},"up":{"uv":[4,0.875,5.25,1.5],"texture":"#0"},"down":{"uv":[4,0.875,5.25,1.5],"texture":"#0"}}},{"from":[8.1,22,5.5],"to":[8.1,24,8.5],"rotation":{"angle":22.5,"axis":"x","origin":[-0.5,6,-0.5]},"faces":{"north":{"uv":[0,0,0,0.5],"rotation":180,"texture":"#missing"},"east":{"uv":[1.25,13.25,0.75,14],"rotation":270,"texture":"#0"},"south":{"uv":[0,0,0,0.5],"texture":"#missing"},"west":{"uv":[0.75,13.25,1.25,14],"rotation":90,"texture":"#0"},"up":{"uv":[0,0,0,0.75],"rotation":180,"texture":"#missing"},"down":{"uv":[0,0,0,0.75],"texture":"#missing"}}},{"from":[7.25,-12.5,7],"to":[8.75,-12,9],"rotation":{"angle":0,"axis":"y","origin":[-0.5,0,0]},"faces":{"north":{"uv":[0.375,6.75,0.875,6.875],"texture":"#0"},"east":{"uv":[0.375,6.75,0.875,6.875],"texture":"#0"},"south":{"uv":[0.375,6.75,0.875,6.875],"texture":"#0"},"west":{"uv":[0.375,6.75,0.875,6.875],"texture":"#0"}}},{"from":[6.5,-12,6],"to":[9.5,-10,10],"rotation":{"angle":0,"axis":"y","origin":[-0.5,0,0]},"faces":{"north":{"uv":[2.5,8.5,3.25,9],"texture":"#0"},"east":{"uv":[2.25,8,3.25,8.5],"texture":"#0"},"south":{"uv":[2.5,8.5,3.25,9],"texture":"#0"},"west":{"uv":[2.25,8,3.25,8.5],"texture":"#0"},"up":{"uv":[2.25,7.75,1.5,6.75],"texture":"#0"},"down":{"uv":[2.25,7.75,1.5,6.75],"texture":"#0"}}},{"from":[7.25,-16,7],"to":[8.75,-15.5,9],"rotation":{"angle":0,"axis":"y","origin":[-0.5,0,0]},"faces":{"north":{"uv":[0.25,2.875,0.75,3],"texture":"#0"},"east":{"uv":[0.25,2.875,0.75,3],"texture":"#0"},"south":{"uv":[0.25,2.875,0.75,3],"texture":"#0"},"west":{"uv":[0.25,2.875,0.75,3],"texture":"#0"},"up":{"uv":[3.375,6.5,3,7],"texture":"#0"},"down":{"uv":[3.375,6.5,3,7],"texture":"#0"}}},{"from":[6.5,10.5,6],"to":[9.5,12.5,10],"rotation":{"angle":0,"axis":"y","origin":[-0.5,0,0]},"faces":{"north":{"uv":[2.5,8.5,3.25,9],"texture":"#0"},"east":{"uv":[2.25,8,3.25,8.5],"texture":"#0"},"south":{"uv":[2.5,8.5,3.25,9],"texture":"#0"},"west":{"uv":[2.25,8,3.25,8.5],"texture":"#0"},"up":{"uv":[2.25,7.75,1.5,6.75],"texture":"#0"},"down":{"uv":[2.25,7.75,1.5,6.75],"texture":"#0"}}},{"from":[7,-15.5,6.5],"to":[9,-12.5,9.5],"rotation":{"angle":0,"axis":"y","origin":[-0.5,0,0]},"faces":{"north":{"uv":[2.25,7,2.75,7.75],"texture":"#0"},"east":{"uv":[2.25,6.25,3,7],"texture":"#0"},"south":{"uv":[2.25,7,2.75,7.75],"texture":"#0"},"west":{"uv":[2.25,6.25,3,7],"texture":"#0"},"up":{"uv":[3,9,2.5,9.75],"texture":"#0"},"down":{"uv":[3.25,7,2.75,7.75],"texture":"#0"}}},{"from":[7.25,13.5,7],"to":[8.75,14,9],"rotation":{"angle":0,"axis":"y","origin":[-0.5,16,0]},"faces":{"north":{"uv":[0.375,6.875,0.875,6.75],"texture":"#0"},"east":{"uv":[0.375,6.875,0.875,6.75],"texture":"#0"},"south":{"uv":[0.375,6.875,0.875,6.75],"texture":"#0"},"west":{"uv":[0.375,6.875,0.875,6.75],"texture":"#0"}}},{"from":[7,14,6.5],"to":[9,17,9.5],"rotation":{"angle":0,"axis":"y","origin":[-0.5,16,0]},"faces":{"north":{"uv":[2.25,7.75,2.75,7],"texture":"#0"},"east":{"uv":[2.25,7,3,6.25],"texture":"#0"},"south":{"uv":[2.25,7.75,2.75,7],"texture":"#0"},"west":{"uv":[2.25,7,3,6.25],"texture":"#0"},"up":{"uv":[3.25,7.75,2.75,7],"texture":"#0"},"down":{"uv":[3,9.75,2.5,9],"texture":"#0"}}},{"from":[7.25,17,7],"to":[8.75,17.5,9],"rotation":{"angle":0,"axis":"y","origin":[-0.5,16,0]},"faces":{"north":{"uv":[0.25,3,0.75,2.875],"texture":"#0"},"east":{"uv":[0.25,3,0.75,2.875],"texture":"#0"},"south":{"uv":[0.25,3,0.75,2.875],"texture":"#0"},"west":{"uv":[0.25,3,0.75,2.875],"texture":"#0"},"up":{"uv":[3.375,7,3,6.5],"texture":"#0"},"down":{"uv":[3.375,7,3,6.5],"texture":"#0"}}},{"from":[7.5,-10,7],"to":[8.5,6,9],"rotation":{"angle":0,"axis":"y","origin":[-0.5,0,0]},"faces":{"north":{"uv":[8.625,1.25,8.875,5.25],"texture":"#0"},"east":{"uv":[9.625,1.25,9.125,5.25],"texture":"#0"},"south":{"uv":[8.875,1.25,9.125,5.25],"texture":"#0"},"west":{"uv":[9.125,1.25,9.625,5.25],"texture":"#0"},"up":{"uv":[0,0,0,0],"rotation":270,"texture":"#0"},"down":{"uv":[0,0,0,0],"rotation":270,"texture":"#0"}}},{"from":[6.5,6.6,6],"to":[9.5,8.1,10],"rotation":{"angle":0,"axis":"y","origin":[-0.5,-4.4,16]},"faces":{"north":{"uv":[0.75,12.125,0,12.5],"texture":"#0"},"east":{"uv":[1,10,0,10.375],"texture":"#0"},"south":{"uv":[0.75,12.125,0,12.5],"texture":"#0"},"west":{"uv":[1,10,0,10.375],"texture":"#0"},"up":{"uv":[1.375,10.5,0.625,11.5],"texture":"#0"},"down":{"uv":[1.375,10.5,0.625,11.5],"texture":"#0"}}},{"from":[8,12,-9],"to":[8,23,13],"rotation":{"angle":0,"axis":"y","origin":[0,2,-0.5]},"faces":{"north":{"uv":[0,0,0,3.5],"texture":"#missing"},"east":{"uv":[12.125,7.25,6.625,10],"texture":"#0"},"south":{"uv":[0,0,0,3.5],"texture":"#missing"},"west":{"uv":[6.625,7.25,12.125,10],"texture":"#0"},"up":{"uv":[0,0,0,5.25],"texture":"#missing"},"down":{"uv":[0,0,0,5.25],"texture":"#missing"}}},{"from":[5.4,9,5.2],"to":[5.4,15,11.2],"rotation":{"angle":0,"axis":"y","origin":[16,0,0]},"faces":{"north":{"uv":[0,12,0,0],"texture":"#1"},"east":{"uv":[0,0,12,12],"texture":"#1"},"south":{"uv":[0,12,0,0],"texture":"#1"},"west":{"uv":[12,0,0,12],"texture":"#1"},"up":{"uv":[0,12,0,0],"rotation":180,"texture":"#1"},"down":{"uv":[0,12,0,0],"rotation":180,"texture":"#1"}}},{"from":[10.6,9,5.2],"to":[10.6,15,11.2],"faces":{"north":{"uv":[0,12,0,0],"texture":"#1"},"east":{"uv":[0,0,12,12],"texture":"#1"},"south":{"uv":[0,12,0,0],"texture":"#1"},"west":{"uv":[12,0,0,12],"texture":"#1"},"up":{"uv":[0,12,0,0],"rotation":180,"texture":"#1"},"down":{"uv":[0,12,0,0],"rotation":180,"texture":"#1"}}}],"gui_light":"front","display":{"thirdperson_righthand":{"translation":[0,6.75,1.75],"scale":[0.7,0.7,0.7]},"thirdperson_lefthand":{"translation":[0,6.75,1.75],"scale":[0.7,0.7,0.7]},"firstperson_righthand":{"translation":[0.25,6.5,2.25],"scale":[0.38281,0.38281,0.38281]},"firstperson_lefthand":{"translation":[0.25,6.5,2.25],"scale":[0.38281,0.38281,0.38281]},"ground":{"rotation":[45,0,0],"translation":[0,9,0],"scale":[0.45,0.45,0.45]},"gui":{"rotation":[-90,-45,-90],"translation":[0.25,0.5,0],"scale":[0.4332,0.4332,0.4332]},"head":{"scale":[0,0,0]},"fixed":{"rotation":[0,90,0],"translation":[0,10,-1.5],"scale":[1.5,1.5,1.5]}}}