{"credit":"Made by PolygonMC","textures":{"2":"merry_christmasset:detail","3":"merry_christmasset:greatsword"},"elements":[{"from":[7.5,2.25,7.5],"to":[8.5,6.25,8.5],"rotation":{"angle":0,"axis":"y","origin":[7.5,1.25,7.5]},"faces":{"north":{"uv":[4.5,8,5,10],"texture":"#3"},"east":{"uv":[5,8,5.5,10],"texture":"#3"},"south":{"uv":[5.5,8,6,10],"texture":"#3"},"west":{"uv":[8,7,8.5,9],"texture":"#3"}}},{"from":[7.25,0.35,7.25],"to":[8.75,1.85,8.75],"rotation":{"angle":-45,"axis":"x","origin":[8,1.1,8]},"faces":{"north":{"uv":[8.5,7,9.25,7.75],"texture":"#3"},"east":{"uv":[8.5,8,9.25,8.75],"texture":"#3"},"south":{"uv":[13.25,2.5,14,3.25],"texture":"#3"},"west":{"uv":[14.25,2.5,15,3.25],"texture":"#3"},"up":{"uv":[9.75,4.75,9,4],"texture":"#3"},"down":{"uv":[9.75,5,9,5.75],"texture":"#3"}}},{"from":[7.3,1.75,7.3],"to":[8.7,2.25,8.7],"rotation":{"angle":0,"axis":"y","origin":[7.5,1.75,7.5]},"faces":{"north":{"uv":[10,9,10.75,9.25],"texture":"#3"},"east":{"uv":[9.5,10,10.25,10.25],"texture":"#3"},"south":{"uv":[10,9.5,10.75,9.75],"texture":"#3"},"west":{"uv":[0,10.5,0.75,10.75],"texture":"#3"},"up":{"uv":[6.75,9.75,6,9],"texture":"#3"},"down":{"uv":[9.75,6,9,6.75],"texture":"#3"}}},{"from":[7.3,6.25,7.3],"to":[8.7,6.75,8.7],"rotation":{"angle":0,"axis":"y","origin":[7.5,2.75,7.5]},"faces":{"north":{"uv":[10.5,0,11.25,0.25],"texture":"#3"},"east":{"uv":[10.5,0.5,11.25,0.75],"texture":"#3"},"south":{"uv":[1,10.5,1.75,10.75],"texture":"#3"},"west":{"uv":[10.5,1,11.25,1.25],"texture":"#3"},"down":{"uv":[8.75,9,8,9.75],"texture":"#3"}}},{"from":[6.5,6.75,6.5],"to":[9.5,9.25,9.5],"rotation":{"angle":0,"axis":"y","origin":[6.5,-1.75,6.5]},"faces":{"north":{"uv":[6.5,1.5,8,2.75],"texture":"#3"},"east":{"uv":[6.5,3,8,4.25],"texture":"#3"},"south":{"uv":[6.5,4.5,8,5.75],"texture":"#3"},"west":{"uv":[6,7.5,7.5,8.75],"texture":"#3"},"down":{"uv":[8,0,6.5,1.5],"texture":"#3"}}},{"from":[6.25,9.25,6.25],"to":[9.75,10.25,9.75],"rotation":{"angle":0,"axis":"y","origin":[6.5,-1.75,6.5]},"faces":{"north":{"uv":[8.5,2,10.25,2.5],"texture":"#3"},"east":{"uv":[8.5,2.5,10.25,3],"texture":"#3"},"south":{"uv":[8.5,3,10.25,3.5],"texture":"#3"},"west":{"uv":[8.5,3.5,10.25,4],"texture":"#3"},"up":{"uv":[6.25,3.75,4.5,2],"texture":"#3"},"down":{"uv":[6.25,4,4.5,5.75],"texture":"#3"}}},{"from":[7.75,11.75,7.75],"to":[8.25,25.5,9.25],"rotation":{"angle":0,"axis":"y","origin":[7.75,13.5,7.25]},"faces":{"north":{"uv":[7.5,7.5,7.75,14.5],"texture":"#3"},"east":{"uv":[11.25,2.5,12,9.5],"texture":"#3"},"south":{"uv":[8,0,8.25,7],"texture":"#3"},"west":{"uv":[12.25,2.5,13,9.5],"texture":"#3"}}},{"from":[7.985,10.25,5.2],"to":[8.015,30.5,10.3],"rotation":{"angle":0,"axis":"y","origin":[7.485,12,6.3]},"faces":{"east":{"uv":[2.5,0,0,10.25],"texture":"#3"},"west":{"uv":[0,0,2.5,10.25],"texture":"#3"}}},{"from":[7.7475,24.74976,8.5],"to":[8.2525,25.81076,10.561],"rotation":{"angle":-45,"axis":"x","origin":[7.7475,24.74976,8.5]},"faces":{"north":{"uv":[3.5,10.5,3.75,11],"texture":"#3"},"east":{"uv":[9.5,8,10.5,8.5],"texture":"#3"},"south":{"uv":[10.5,3.5,10.75,4],"texture":"#3"},"west":{"uv":[9.5,8.5,10.5,9],"texture":"#3"},"up":{"uv":[10.25,2,10,1],"texture":"#3"},"down":{"uv":[4.25,10.5,4,11.5],"texture":"#3"}}},{"from":[7.5,10.25,6.75],"to":[8.5,11.75,9.25],"rotation":{"angle":0,"axis":"y","origin":[7.5,10.25,7.25]},"faces":{"north":{"uv":[7,9,7.5,9.75],"texture":"#3"},"east":{"uv":[8.5,0,9.75,0.75],"texture":"#3"},"south":{"uv":[10,0,10.5,0.75],"texture":"#3"},"west":{"uv":[8.5,1,9.75,1.75],"texture":"#3"},"up":{"uv":[9,5.25,8.5,4],"texture":"#3"},"down":{"uv":[9,5.5,8.5,6.75],"texture":"#3"}}},{"from":[6.65,11.15,6.875],"to":[7.65,12.15,7.875],"rotation":{"angle":0,"axis":"y","origin":[6.65,11.15,6.875]},"faces":{"north":{"uv":[3,10,3.5,10.5],"texture":"#3"},"east":{"uv":[3.5,10,4,10.5],"texture":"#3"},"south":{"uv":[4,10,4.5,10.5],"texture":"#3"},"west":{"uv":[10,4,10.5,4.5],"texture":"#3"},"up":{"uv":[5,10.5,4.5,10],"texture":"#3"},"down":{"uv":[10.5,4.5,10,5],"texture":"#3"}}},{"from":[7.4,12.75,6.75],"to":[7.43,16.75,9.25],"rotation":{"angle":0,"axis":"y","origin":[7.4,12.75,7.5]},"faces":{"east":{"uv":[4.5,6,5.75,8],"texture":"#3"},"west":{"uv":[4.5,6,5.75,8],"texture":"#3"}}},{"from":[7.25,12.5,6.83579],"to":[7.75,14,8.33579],"rotation":{"angle":45,"axis":"x","origin":[7.25,12.25,6.58579]},"faces":{"north":{"uv":[10.5,1.5,10.75,2.25],"texture":"#3"},"east":{"uv":[9,9,9.75,9.75],"texture":"#3"},"south":{"uv":[2,10.5,2.25,11.25],"texture":"#3"},"west":{"uv":[9.5,7,10.25,7.75],"texture":"#3"},"up":{"uv":[10.75,3.25,10.5,2.5],"texture":"#3"},"down":{"uv":[3.25,10.5,3,11.25],"texture":"#3"}}},{"from":[7.675,11.25,4],"to":[7.705,15.25,12],"rotation":{"angle":0,"axis":"y","origin":[6.675,10,5]},"faces":{"east":{"uv":[15.5,0,11.5,2],"texture":"#3"},"west":{"uv":[11.5,0,15.5,2],"texture":"#3"}}},{"from":[6.65,11.15,8.125],"to":[7.65,12.15,9.125],"rotation":{"angle":0,"axis":"y","origin":[6.65,11.15,9.125]},"faces":{"north":{"uv":[5,10,5.5,10.5],"texture":"#3"},"east":{"uv":[10,5,10.5,5.5],"texture":"#3"},"south":{"uv":[5.5,10,6,10.5],"texture":"#3"},"west":{"uv":[10,5.5,10.5,6],"texture":"#3"},"up":{"uv":[6.5,10.5,6,10],"texture":"#3"},"down":{"uv":[10.5,6,10,6.5],"texture":"#3"}}},{"from":[6.65,12.4,7.5],"to":[7.65,13.4,8.5],"rotation":{"angle":0,"axis":"y","origin":[6.65,12.4,7.5]},"faces":{"north":{"uv":[6.5,10,7,10.5],"texture":"#3"},"east":{"uv":[10,6.5,10.5,7],"texture":"#3"},"south":{"uv":[7,10,7.5,10.5],"texture":"#3"},"west":{"uv":[8,10,8.5,10.5],"texture":"#3"},"up":{"uv":[9,10.5,8.5,10],"texture":"#3"},"down":{"uv":[9.5,10,9,10.5],"texture":"#3"}}},{"from":[7.4,10.51256,4.57322],"to":[7.43,13.01256,8.57322],"rotation":{"angle":-45,"axis":"x","origin":[7.25,11.01256,7.82322]},"faces":{"east":{"uv":[8,6,6,7.25],"texture":"#3"},"west":{"uv":[6,6,8,7.25],"texture":"#3"}}},{"from":[7.4,10.51256,7.42678],"to":[7.43,13.01256,11.42678],"rotation":{"angle":45,"axis":"x","origin":[7.25,11.01256,8.17678]},"faces":{"east":{"uv":[6,6,8,7.25],"texture":"#3"},"west":{"uv":[8,6,6,7.25],"texture":"#3"}}},{"from":[8.35,11.15,6.875],"to":[9.35,12.15,7.875],"rotation":{"angle":0,"axis":"y","origin":[9.35,11.15,6.875]},"faces":{"north":{"uv":[3.5,10,3,10.5],"texture":"#3"},"east":{"uv":[10.5,4,10,4.5],"texture":"#3"},"south":{"uv":[4.5,10,4,10.5],"texture":"#3"},"west":{"uv":[4,10,3.5,10.5],"texture":"#3"},"up":{"uv":[4.5,10.5,5,10],"texture":"#3"},"down":{"uv":[10,4.5,10.5,5],"texture":"#3"}}},{"from":[8.57,12.75,6.75],"to":[8.6,16.75,9.25],"rotation":{"angle":0,"axis":"y","origin":[8.6,12.75,7.5]},"faces":{"east":{"uv":[5.75,6,4.5,8],"texture":"#3"},"west":{"uv":[5.75,6,4.5,8],"texture":"#3"}}},{"from":[8.25,12.5,6.83579],"to":[8.75,14,8.33579],"rotation":{"angle":45,"axis":"x","origin":[8.75,12.25,6.58579]},"faces":{"north":{"uv":[10.75,1.5,10.5,2.25],"texture":"#3"},"east":{"uv":[10.25,7,9.5,7.75],"texture":"#3"},"south":{"uv":[2.25,10.5,2,11.25],"texture":"#3"},"west":{"uv":[9.75,9,9,9.75],"texture":"#3"},"up":{"uv":[10.5,3.25,10.75,2.5],"texture":"#3"},"down":{"uv":[3,10.5,3.25,11.25],"texture":"#3"}}},{"from":[8.295,11.25,4],"to":[8.325,15.25,12],"rotation":{"angle":0,"axis":"y","origin":[9.325,10,5]},"faces":{"east":{"uv":[15.5,0,11.5,2],"texture":"#3"},"west":{"uv":[11.5,0,15.5,2],"texture":"#3"}}},{"from":[8.35,11.15,8.125],"to":[9.35,12.15,9.125],"rotation":{"angle":0,"axis":"y","origin":[9.35,11.15,9.125]},"faces":{"north":{"uv":[5.5,10,5,10.5],"texture":"#3"},"east":{"uv":[10.5,5.5,10,6],"texture":"#3"},"south":{"uv":[6,10,5.5,10.5],"texture":"#3"},"west":{"uv":[10.5,5,10,5.5],"texture":"#3"},"up":{"uv":[6,10.5,6.5,10],"texture":"#3"},"down":{"uv":[10,6,10.5,6.5],"texture":"#3"}}},{"from":[8.35,12.4,7.5],"to":[9.35,13.4,8.5],"rotation":{"angle":0,"axis":"y","origin":[9.35,12.4,7.5]},"faces":{"north":{"uv":[7,10,6.5,10.5],"texture":"#3"},"east":{"uv":[8.5,10,8,10.5],"texture":"#3"},"south":{"uv":[7.5,10,7,10.5],"texture":"#3"},"west":{"uv":[10.5,6.5,10,7],"texture":"#3"},"up":{"uv":[8.5,10.5,9,10],"texture":"#3"},"down":{"uv":[9,10,9.5,10.5],"texture":"#3"}}},{"from":[8.57,10.51256,4.57322],"to":[8.6,13.01256,8.57322],"rotation":{"angle":-45,"axis":"x","origin":[8.75,11.01256,7.82322]},"faces":{"east":{"uv":[8,6,6,7.25],"texture":"#3"},"west":{"uv":[6,6,8,7.25],"texture":"#3"}}},{"from":[8.57,10.51256,7.42678],"to":[8.6,13.01256,11.42678],"rotation":{"angle":45,"axis":"x","origin":[8.75,11.01256,8.17678]},"faces":{"east":{"uv":[6,6,8,7.25],"texture":"#3"},"west":{"uv":[8,6,6,7.25],"texture":"#3"}}},{"from":[7.3625,6.26304,5.8912],"to":[8.6375,7.53804,7.1662],"rotation":{"angle":22.5,"axis":"x","origin":[8,5.94429,6.5287]},"faces":{"north":{"uv":[5,4,6.5,5.5],"texture":"#2"},"east":{"uv":[6,0,7.5,1.5],"texture":"#2"},"south":{"uv":[6,2,7.5,3.5],"texture":"#2"},"west":{"uv":[5,6,6.5,7.5],"texture":"#2"},"up":{"uv":[1.5,8.5,0,7],"texture":"#2"}}},{"from":[7.15,5.41304,5.6787],"to":[8.85,6.26304,7.3787],"rotation":{"angle":22.5,"axis":"x","origin":[8,5.94429,6.5287]},"faces":{"north":{"uv":[4,8,5.5,9],"texture":"#2"},"east":{"uv":[6,8,7.5,9],"texture":"#2"},"south":{"uv":[8,8,9.5,9],"texture":"#2"},"west":{"uv":[0,9,1.5,10],"texture":"#2"},"up":{"uv":[8.5,5.5,7,4],"texture":"#2"},"down":{"uv":[8.5,6,7,7.5],"texture":"#2"}}},{"from":[7.3625,6.26304,8.8338],"to":[8.6375,7.53804,10.1088],"rotation":{"angle":-22.5,"axis":"x","origin":[8,5.94429,9.4713]},"faces":{"north":{"uv":[7.5,2,6,3.5],"texture":"#2"},"east":{"uv":[7.5,0,6,1.5],"texture":"#2"},"south":{"uv":[6.5,4,5,5.5],"texture":"#2"},"west":{"uv":[6.5,6,5,7.5],"texture":"#2"},"up":{"uv":[1.5,7,0,8.5],"texture":"#2"}}},{"from":[7.15,5.41304,8.6213],"to":[8.85,6.26304,10.3213],"rotation":{"angle":-22.5,"axis":"x","origin":[8,5.94429,9.4713]},"faces":{"north":{"uv":[9.5,8,8,9],"texture":"#2"},"east":{"uv":[7.5,8,6,9],"texture":"#2"},"south":{"uv":[5.5,8,4,9],"texture":"#2"},"west":{"uv":[1.5,9,0,10],"texture":"#2"},"up":{"uv":[8.5,4,7,5.5],"texture":"#2"},"down":{"uv":[8.5,7.5,7,6],"texture":"#2"}}},{"from":[7.5,18,6.25],"to":[7.53,21.5,9.75],"rotation":{"angle":-22.5,"axis":"x","origin":[7.515,19.75,8]},"faces":{"east":{"uv":[3.5,0,0,3.5],"texture":"#2"},"west":{"uv":[0,0,3.5,3.5],"texture":"#2"}}},{"from":[7.5,22.5,6.75],"to":[7.53,25,9.25],"rotation":{"angle":22.5,"axis":"x","origin":[7.515,23.75,8]},"faces":{"east":{"uv":[2.5,4,0,6.5],"texture":"#2"},"west":{"uv":[0,4,2.5,6.5],"texture":"#2"}}},{"from":[8.47,18,6.25],"to":[8.5,21.5,9.75],"rotation":{"angle":-22.5,"axis":"x","origin":[8.485,19.75,8]},"faces":{"east":{"uv":[3.5,0,0,3.5],"texture":"#2"},"west":{"uv":[0,0,3.5,3.5],"texture":"#2"}}},{"from":[8.47,22.5,6.75],"to":[8.5,25,9.25],"rotation":{"angle":22.5,"axis":"x","origin":[8.485,23.75,8]},"faces":{"east":{"uv":[2.5,4,0,6.5],"texture":"#2"},"west":{"uv":[0,4,2.5,6.5],"texture":"#2"}}}],"gui_light":"front","display":{"thirdperson_righthand":{"translation":[0,1.75,1]},"thirdperson_lefthand":{"translation":[0,1.75,1]},"firstperson_righthand":{"rotation":[-10,0,0],"translation":[0,1.5,0]},"firstperson_lefthand":{"rotation":[-10,0,0],"translation":[0,1.5,0]},"ground":{"rotation":[-45,0,0],"translation":[0,3,0],"scale":[0.7,0.7,0.7]},"gui":{"rotation":[-90,45,90],"translation":[4,-4,0],"scale":[0.8,0.8,0.8]},"head":{"rotation":[0,-90,0]},"fixed":{"rotation":[0,-90,0],"translation":[0,-7.75,-1.25],"scale":[2,2,2]}}}