{"credit":"Made by PolygonMC","textures":{"2":"merry_christmasset:detail","particle":"merry_christmasset:shovel"},"elements":[{"from":[7.5,2.25,7.5],"to":[8.5,6.25,8.5],"rotation":{"angle":0,"axis":"y","origin":[7.5,1.25,7.5]},"faces":{"north":{"uv":[10,0,10.66667,2.66667],"texture":"#particle"},"east":{"uv":[2.66667,10,3.33333,12.66667],"texture":"#particle"},"south":{"uv":[10,2.66667,10.66667,5.33333],"texture":"#particle"},"west":{"uv":[3.33333,10,4,12.66667],"texture":"#particle"}}},{"from":[7.25,0.35,7.25],"to":[8.75,1.85,8.75],"rotation":{"angle":-45,"axis":"x","origin":[8,1.1,8]},"faces":{"north":{"uv":[10.66667,0,11.66667,1],"texture":"#particle"},"east":{"uv":[10.66667,1.33333,11.66667,2.33333],"texture":"#particle"},"south":{"uv":[10.66667,2.66667,11.66667,3.66667],"texture":"#particle"},"west":{"uv":[10.66667,4,11.66667,5],"texture":"#particle"},"up":{"uv":[7,11.66667,6,10.66667],"texture":"#particle"},"down":{"uv":[8.33333,10.66667,7.33333,11.66667],"texture":"#particle"}}},{"from":[7.3,1.75,7.3],"to":[8.7,2.25,8.7],"rotation":{"angle":0,"axis":"y","origin":[7.5,1.75,7.5]},"faces":{"north":{"uv":[12.66667,4,13.66667,4.33333],"texture":"#particle"},"east":{"uv":[12.66667,4.66667,13.66667,5],"texture":"#particle"},"south":{"uv":[12.66667,5.33333,13.66667,5.66667],"texture":"#particle"},"west":{"uv":[12.66667,6,13.66667,6.33333],"texture":"#particle"},"up":{"uv":[11.66667,9.66667,10.66667,8.66667],"texture":"#particle"},"down":{"uv":[10.33333,10.66667,9.33333,11.66667],"texture":"#particle"}}},{"from":[7.3,6.25,7.3],"to":[8.7,6.75,8.7],"rotation":{"angle":0,"axis":"y","origin":[7.5,2.75,7.5]},"faces":{"north":{"uv":[6.66667,12.66667,7.66667,13],"texture":"#particle"},"east":{"uv":[12.66667,6.66667,13.66667,7],"texture":"#particle"},"south":{"uv":[12.66667,7.33333,13.66667,7.66667],"texture":"#particle"},"west":{"uv":[8,12.66667,9,13],"texture":"#particle"},"down":{"uv":[11.66667,10,10.66667,11],"texture":"#particle"}}},{"from":[6.5,10.75,6.5],"to":[9.5,13.25,9.5],"rotation":{"angle":0,"axis":"y","origin":[6.5,3.25,6.5]},"faces":{"north":{"uv":[2.66667,8,4.66667,9.66667],"texture":"#particle"},"east":{"uv":[4.66667,8,6.66667,9.66667],"texture":"#particle"},"south":{"uv":[8,5.33333,10,7],"texture":"#particle"},"west":{"uv":[6.66667,8,8.66667,9.66667],"texture":"#particle"},"down":{"uv":[10,0,8,2],"texture":"#particle"}}},{"from":[6.25,13.25,6.25],"to":[9.75,14.25,9.75],"rotation":{"angle":0,"axis":"y","origin":[6.5,3.25,6.5]},"faces":{"north":{"uv":[6,10,8.33333,10.66667],"texture":"#particle"},"east":{"uv":[10,6.66667,12.33333,7.33333],"texture":"#particle"},"south":{"uv":[10,7.33333,12.33333,8],"texture":"#particle"},"west":{"uv":[10,8,12.33333,8.66667],"texture":"#particle"},"up":{"uv":[5.66667,7.66667,3.33333,5.33333],"texture":"#particle"},"down":{"uv":[8.33333,2.66667,6,5],"texture":"#particle"}}},{"from":[6.15,7.375,6.875],"to":[7.15,8.375,7.875],"rotation":{"angle":0,"axis":"y","origin":[6.15,7.375,6.875]},"faces":{"north":{"uv":[8,2,8.66667,2.66667],"texture":"#particle"},"east":{"uv":[8,7.33333,8.66667,8],"texture":"#particle"},"south":{"uv":[8.66667,4.66667,9.33333,5.33333],"texture":"#particle"},"west":{"uv":[9.33333,4.66667,10,5.33333],"texture":"#particle"},"up":{"uv":[10,10.66667,9.33333,10],"texture":"#particle"},"down":{"uv":[0.66667,12.66667,0,13.33333],"texture":"#particle"}}},{"from":[6.4,8.975,6.75],"to":[6.43,12.975,9.25],"rotation":{"angle":22.5,"axis":"z","origin":[6.415,10.975,8]},"faces":{"east":{"uv":[7.66667,5.33333,6,8],"texture":"#particle"},"west":{"uv":[6,5.33333,7.66667,8],"texture":"#particle"}}},{"from":[6.75,8.725,6.83579],"to":[7.25,10.225,8.33579],"rotation":{"angle":45,"axis":"x","origin":[6.75,8.475,6.58579]},"faces":{"north":{"uv":[4.66667,12.66667,5,13.66667],"texture":"#particle"},"east":{"uv":[0,11.33333,1,12.33333],"texture":"#particle"},"south":{"uv":[12.66667,8,13,9],"texture":"#particle"},"west":{"uv":[1.33333,11.33333,2.33333,12.33333],"texture":"#particle"},"up":{"uv":[9.66667,13.66667,9.33333,12.66667],"texture":"#particle"},"down":{"uv":[13,9.33333,12.66667,10.33333],"texture":"#particle"}}},{"from":[7.175,7.475,4],"to":[7.205,11.475,12],"rotation":{"angle":0,"axis":"y","origin":[6.175,6.225,5]},"faces":{"east":{"uv":[5.33333,0,0,2.66667],"texture":"#particle"},"west":{"uv":[0,0,5.33333,2.66667],"texture":"#particle"}}},{"from":[6.15,7.375,8.125],"to":[7.15,8.375,9.125],"rotation":{"angle":0,"axis":"y","origin":[6.15,7.375,9.125]},"faces":{"north":{"uv":[12.66667,0,13.33333,0.66667],"texture":"#particle"},"east":{"uv":[0.66667,12.66667,1.33333,13.33333],"texture":"#particle"},"south":{"uv":[12.66667,0.66667,13.33333,1.33333],"texture":"#particle"},"west":{"uv":[1.33333,12.66667,2,13.33333],"texture":"#particle"},"up":{"uv":[13.33333,2,12.66667,1.33333],"texture":"#particle"},"down":{"uv":[2.66667,12.66667,2,13.33333],"texture":"#particle"}}},{"from":[6.15,8.625,7.5],"to":[7.15,9.625,8.5],"rotation":{"angle":0,"axis":"y","origin":[6.15,8.625,7.5]},"faces":{"north":{"uv":[12.66667,2,13.33333,2.66667],"texture":"#particle"},"east":{"uv":[2.66667,12.66667,3.33333,13.33333],"texture":"#particle"},"south":{"uv":[12.66667,2.66667,13.33333,3.33333],"texture":"#particle"},"west":{"uv":[3.33333,12.66667,4,13.33333],"texture":"#particle"},"up":{"uv":[13.33333,4,12.66667,3.33333],"texture":"#particle"},"down":{"uv":[4.66667,12.66667,4,13.33333],"texture":"#particle"}}},{"from":[6.9,6.73756,4.57322],"to":[6.93,9.23756,8.57322],"rotation":{"angle":-45,"axis":"x","origin":[6.75,7.23756,7.82322]},"faces":{"east":{"uv":[2.66667,6.66667,0,8.33333],"texture":"#particle"},"west":{"uv":[0,6.66667,2.66667,8.33333],"texture":"#particle"}}},{"from":[6.9,6.73756,7.42678],"to":[6.93,9.23756,11.42678],"rotation":{"angle":45,"axis":"x","origin":[6.75,7.23756,8.17678]},"faces":{"east":{"uv":[0,6.66667,2.66667,8.33333],"texture":"#particle"},"west":{"uv":[2.66667,6.66667,0,8.33333],"texture":"#particle"}}},{"from":[8.85,7.375,6.875],"to":[9.85,8.375,7.875],"rotation":{"angle":0,"axis":"y","origin":[9.85,7.375,6.875]},"faces":{"north":{"uv":[8.66667,2,8,2.66667],"texture":"#particle"},"east":{"uv":[10,4.66667,9.33333,5.33333],"texture":"#particle"},"south":{"uv":[9.33333,4.66667,8.66667,5.33333],"texture":"#particle"},"west":{"uv":[8.66667,7.33333,8,8],"texture":"#particle"},"up":{"uv":[9.33333,10.66667,10,10],"texture":"#particle"},"down":{"uv":[0,12.66667,0.66667,13.33333],"texture":"#particle"}}},{"from":[9.57,8.975,6.75],"to":[9.6,12.975,9.25],"rotation":{"angle":-22.5,"axis":"z","origin":[9.585,10.975,8]},"faces":{"east":{"uv":[7.66667,5.33333,6,8],"texture":"#particle"},"west":{"uv":[6,5.33333,7.66667,8],"texture":"#particle"}}},{"from":[8.75,8.725,6.83579],"to":[9.25,10.225,8.33579],"rotation":{"angle":45,"axis":"x","origin":[9.25,8.475,6.58579]},"faces":{"north":{"uv":[5,12.66667,4.66667,13.66667],"texture":"#particle"},"east":{"uv":[2.33333,11.33333,1.33333,12.33333],"texture":"#particle"},"south":{"uv":[13,8,12.66667,9],"texture":"#particle"},"west":{"uv":[1,11.33333,0,12.33333],"texture":"#particle"},"up":{"uv":[9.33333,13.66667,9.66667,12.66667],"texture":"#particle"},"down":{"uv":[12.66667,9.33333,13,10.33333],"texture":"#particle"}}},{"from":[8.795,7.475,4],"to":[8.825,11.475,12],"rotation":{"angle":0,"axis":"y","origin":[9.825,6.225,5]},"faces":{"east":{"uv":[5.33333,0,0,2.66667],"texture":"#particle"},"west":{"uv":[0,0,5.33333,2.66667],"texture":"#particle"}}},{"from":[8.85,7.375,8.125],"to":[9.85,8.375,9.125],"rotation":{"angle":0,"axis":"y","origin":[9.85,7.375,9.125]},"faces":{"north":{"uv":[13.33333,0,12.66667,0.66667],"texture":"#particle"},"east":{"uv":[2,12.66667,1.33333,13.33333],"texture":"#particle"},"south":{"uv":[13.33333,0.66667,12.66667,1.33333],"texture":"#particle"},"west":{"uv":[1.33333,12.66667,0.66667,13.33333],"texture":"#particle"},"up":{"uv":[12.66667,2,13.33333,1.33333],"texture":"#particle"},"down":{"uv":[2,12.66667,2.66667,13.33333],"texture":"#particle"}}},{"from":[8.85,8.625,7.5],"to":[9.85,9.625,8.5],"rotation":{"angle":0,"axis":"y","origin":[9.85,8.625,7.5]},"faces":{"north":{"uv":[13.33333,2,12.66667,2.66667],"texture":"#particle"},"east":{"uv":[4,12.66667,3.33333,13.33333],"texture":"#particle"},"south":{"uv":[13.33333,2.66667,12.66667,3.33333],"texture":"#particle"},"west":{"uv":[3.33333,12.66667,2.66667,13.33333],"texture":"#particle"},"up":{"uv":[12.66667,4,13.33333,3.33333],"texture":"#particle"},"down":{"uv":[4,12.66667,4.66667,13.33333],"texture":"#particle"}}},{"from":[9.07,6.73756,4.57322],"to":[9.1,9.23756,8.57322],"rotation":{"angle":-45,"axis":"x","origin":[9.25,7.23756,7.82322]},"faces":{"east":{"uv":[2.66667,6.66667,0,8.33333],"texture":"#particle"},"west":{"uv":[0,6.66667,2.66667,8.33333],"texture":"#particle"}}},{"from":[9.07,6.73756,7.42678],"to":[9.1,9.23756,11.42678],"rotation":{"angle":45,"axis":"x","origin":[9.25,7.23756,8.17678]},"faces":{"east":{"uv":[0,6.66667,2.66667,8.33333],"texture":"#particle"},"west":{"uv":[2.66667,6.66667,0,8.33333],"texture":"#particle"}}},{"from":[7.25,6.75,7.25],"to":[8.75,10.75,8.75],"rotation":{"angle":0,"axis":"y","origin":[7.25,6.75,7.25]},"faces":{"north":{"uv":[0,8.66667,1,11.33333],"texture":"#particle"},"east":{"uv":[1.33333,8.66667,2.33333,11.33333],"texture":"#particle"},"south":{"uv":[8.66667,2,9.66667,4.66667],"texture":"#particle"},"west":{"uv":[8.66667,7.33333,9.66667,10],"texture":"#particle"},"up":{"uv":[5,12.33333,4,11.33333],"texture":"#particle"},"down":{"uv":[11.66667,11.33333,10.66667,12.33333],"texture":"#particle"}}},{"from":[7.5,14.25,6.75],"to":[8.5,15.75,9.25],"rotation":{"angle":0,"axis":"y","origin":[7.5,16.25,7.25]},"faces":{"north":{"uv":[2.66667,6.66667,3.33333,7.66667],"texture":"#particle"},"east":{"uv":[4,10,5.66667,11],"texture":"#particle"},"south":{"uv":[12,5.33333,12.66667,6.33333],"texture":"#particle"},"west":{"uv":[10,5.33333,11.66667,6.33333],"texture":"#particle"},"up":{"uv":[9.33333,11.66667,8.66667,10],"texture":"#particle"},"down":{"uv":[10.66667,8.66667,10,10.33333],"texture":"#particle"}}},{"from":[7.75,14.25,6.25],"to":[8.25,18.25,9.75],"rotation":{"angle":0,"axis":"y","origin":[7.75,14.25,6]},"faces":{"north":{"uv":[5.33333,11.33333,5.66667,14],"texture":"#particle"},"east":{"uv":[3.33333,2.66667,5.66667,5.33333],"texture":"#particle"},"south":{"uv":[12,0,12.33333,2.66667],"texture":"#particle"},"west":{"uv":[5.33333,0,7.66667,2.66667],"texture":"#particle"},"up":{"uv":[12.33333,5,12,2.66667],"texture":"#particle"},"down":{"uv":[6.33333,12,6,14.33333],"texture":"#particle"}}},{"from":[7.75,18.25,6.75],"to":[8.25,18.75,9.25],"rotation":{"angle":0,"axis":"y","origin":[7.75,14.25,6]},"faces":{"north":{"uv":[10,12.66667,10.33333,13],"texture":"#particle"},"east":{"uv":[6.66667,12,8.33333,12.33333],"texture":"#particle"},"south":{"uv":[10.66667,12.66667,11,13],"texture":"#particle"},"west":{"uv":[8.66667,12,10.33333,12.33333],"texture":"#particle"},"up":{"uv":[12.33333,10.33333,12,8.66667],"texture":"#particle"},"down":{"uv":[12.33333,10.66667,12,12.33333],"texture":"#particle"}}},{"from":[7.985,14.25,5.5],"to":[8.015,19.75,10.5],"rotation":{"angle":0,"axis":"y","origin":[7.985,14.25,5.5]},"faces":{"east":{"uv":[3.33333,2.66667,0,6.33333],"texture":"#particle"},"west":{"uv":[0,2.66667,3.33333,6.33333],"texture":"#particle"}}},{"from":[7.3625,6.01304,5.8912],"to":[8.6375,7.28804,7.1662],"rotation":{"angle":22.5,"axis":"x","origin":[8,5.69429,6.5287]},"faces":{"north":{"uv":[5,4,6.5,5.5],"texture":"#2"},"east":{"uv":[6,0,7.5,1.5],"texture":"#2"},"south":{"uv":[6,2,7.5,3.5],"texture":"#2"},"west":{"uv":[5,6,6.5,7.5],"texture":"#2"},"up":{"uv":[1.5,8.5,0,7],"texture":"#2"}}},{"from":[7.15,5.16304,5.6787],"to":[8.85,6.01304,7.3787],"rotation":{"angle":22.5,"axis":"x","origin":[8,5.69429,6.5287]},"faces":{"north":{"uv":[4,8,5.5,9],"texture":"#2"},"east":{"uv":[6,8,7.5,9],"texture":"#2"},"south":{"uv":[8,8,9.5,9],"texture":"#2"},"west":{"uv":[0,9,1.5,10],"texture":"#2"},"up":{"uv":[8.5,5.5,7,4],"texture":"#2"},"down":{"uv":[8.5,6,7,7.5],"texture":"#2"}}},{"from":[7.3625,6.01304,8.8338],"to":[8.6375,7.28804,10.1088],"rotation":{"angle":-22.5,"axis":"x","origin":[8,5.69429,9.4713]},"faces":{"north":{"uv":[7.5,2,6,3.5],"texture":"#2"},"east":{"uv":[7.5,0,6,1.5],"texture":"#2"},"south":{"uv":[6.5,4,5,5.5],"texture":"#2"},"west":{"uv":[6.5,6,5,7.5],"texture":"#2"},"up":{"uv":[1.5,7,0,8.5],"texture":"#2"}}},{"from":[7.15,5.16304,8.6213],"to":[8.85,6.01304,10.3213],"rotation":{"angle":-22.5,"axis":"x","origin":[8,5.69429,9.4713]},"faces":{"north":{"uv":[9.5,8,8,9],"texture":"#2"},"east":{"uv":[7.5,8,6,9],"texture":"#2"},"south":{"uv":[5.5,8,4,9],"texture":"#2"},"west":{"uv":[1.5,9,0,10],"texture":"#2"},"up":{"uv":[8.5,4,7,5.5],"texture":"#2"},"down":{"uv":[8.5,7.5,7,6],"texture":"#2"}}},{"from":[7.985,11,2.75],"to":[8.015,14.5,6.25],"rotation":{"angle":-22.5,"axis":"x","origin":[8,12.75,4.5]},"faces":{"east":{"uv":[3.5,0,0,3.5],"texture":"#2"},"west":{"uv":[0,0,3.5,3.5],"texture":"#2"}}},{"from":[7.985,11,9.75],"to":[8.015,14.5,13.25],"rotation":{"angle":22.5,"axis":"x","origin":[8,12.75,11.5]},"faces":{"east":{"uv":[0,0,3.5,3.5],"texture":"#2"},"west":{"uv":[3.5,0,0,3.5],"texture":"#2"}}}],"gui_light":"front","display":{"thirdperson_righthand":{"translation":[0,1.75,1]},"thirdperson_lefthand":{"translation":[0,1.75,1]},"firstperson_righthand":{"rotation":[-10,0,0],"translation":[0,1.5,0]},"firstperson_lefthand":{"rotation":[-10,0,0],"translation":[0,1.5,0]},"ground":{"rotation":[-45,0,0],"translation":[0,3,0],"scale":[0.7,0.7,0.7]},"gui":{"rotation":[-90,45,90],"translation":[0.75,-1,0],"scale":[0.8,0.8,0.8]},"head":{"rotation":[0,-90,0]},"fixed":{"rotation":[0,-90,0],"translation":[0,0,-1.25],"scale":[2,2,2]}}}