{"credit":"By EliteCreatures","textures":{"1":"elitecreatures:collectibles_v5_16x/collectibles_package","2":"elitecreatures:collectibles_v5_16x/squeaky_guinea_pigs_inside_16","3":"elitecreatures:collectibles_v5_16x/ef_squeaky_guinea_pigs_long","particle":"elitecreatures:collectibles_v5_16x/collectibles_package"},"elements":[{"from":[5,1.5,4],"to":[11,6.5,13],"rotation":{"angle":0,"axis":"y","origin":[9,0,9]},"faces":{"north":{"uv":[3.5,5,5,6.25],"texture":"#2"},"east":{"uv":[0,2.25,2.25,3.5],"texture":"#2"},"south":{"uv":[5,5,6.5,6.25],"texture":"#2"},"west":{"uv":[2.25,2.25,4.5,3.5],"texture":"#2"},"up":{"uv":[1.5,2.25,0,0],"texture":"#2"},"down":{"uv":[3,0,1.5,2.25],"texture":"#2"}}},{"from":[5,5.27953,5.44648],"to":[6,8.27953,9.69648],"rotation":{"angle":-22.5,"axis":"y","origin":[4.25,7.77953,4.94648]},"faces":{"north":{"uv":[1.5,7.5,1.75,8.25],"texture":"#2"},"east":{"uv":[3,6.25,4,7],"texture":"#2"},"south":{"uv":[1.75,7.5,2,8.25],"texture":"#2"},"west":{"uv":[4,6.25,5,7],"texture":"#2"},"up":{"uv":[3.75,8,3.5,7],"texture":"#2"},"down":{"uv":[4,7,3.75,8],"texture":"#2"}}},{"from":[7,8.69374,1.05384],"to":[9,9.69374,2.80384],"rotation":{"angle":0,"axis":"y","origin":[8,9.19374,0.70384]},"faces":{"north":{"uv":[5.5,2,6,2.25],"texture":"#2"},"east":{"uv":[6,4.75,6.5,5],"texture":"#2"},"south":{"uv":[6.25,3.25,6.75,3.5],"texture":"#2"},"west":{"uv":[6.5,6,7,6.25],"texture":"#2"},"up":{"uv":[7.5,2,7,1.5],"texture":"#2"},"down":{"uv":[3.5,7,3,7.5],"texture":"#2"}}},{"from":[5,0,4],"to":[6.75,1.5,5.5],"rotation":{"angle":0,"axis":"y","origin":[9,0,9]},"faces":{"north":{"uv":[6.5,1.5,7,2],"texture":"#2"},"east":{"uv":[6.5,5.5,7,6],"texture":"#2"},"south":{"uv":[6.75,0,7.25,0.5],"texture":"#2"},"west":{"uv":[6.75,3.25,7.25,3.75],"texture":"#2"},"up":{"uv":[7.25,4.25,6.75,3.75],"texture":"#2"},"down":{"uv":[7.25,4.25,6.75,4.75],"texture":"#2"}}},{"from":[9.25,0,4],"to":[11,1.5,5.5],"rotation":{"angle":0,"axis":"y","origin":[7,0,9]},"faces":{"north":{"uv":[4.5,7,5,7.5],"texture":"#2"},"east":{"uv":[5,7,5.5,7.5],"texture":"#2"},"south":{"uv":[5.5,7,6,7.5],"texture":"#2"},"west":{"uv":[7,5.5,7.5,6],"texture":"#2"},"up":{"uv":[6.5,7.5,6,7],"texture":"#2"},"down":{"uv":[7.5,6,7,6.5],"texture":"#2"}}},{"from":[5,0,11],"to":[6.75,1.5,12.5],"rotation":{"angle":0,"axis":"y","origin":[9,0,9]},"faces":{"north":{"uv":[7.25,3.25,7.75,3.75],"texture":"#2"},"east":{"uv":[7.25,3.75,7.75,4.25],"texture":"#2"},"south":{"uv":[7.25,4.25,7.75,4.75],"texture":"#2"},"west":{"uv":[7.25,4.75,7.75,5.25],"texture":"#2"},"up":{"uv":[0.5,8,0,7.5],"texture":"#2"},"down":{"uv":[1,7.5,0.5,8],"texture":"#2"}}},{"from":[9.25,0,11],"to":[11,1.5,12.5],"rotation":{"angle":0,"axis":"y","origin":[7,0,9]},"faces":{"north":{"uv":[6.5,7,7,7.5],"texture":"#2"},"east":{"uv":[7,6.5,7.5,7],"texture":"#2"},"south":{"uv":[7,7,7.5,7.5],"texture":"#2"},"west":{"uv":[7.25,0,7.75,0.5],"texture":"#2"},"up":{"uv":[7.75,1,7.25,0.5],"texture":"#2"},"down":{"uv":[7.75,1,7.25,1.5],"texture":"#2"}}},{"from":[10,5.27953,5.44648],"to":[11,8.27953,9.69648],"rotation":{"angle":22.5,"axis":"y","origin":[11.75,7.77953,4.94648]},"faces":{"north":{"uv":[2,7.5,2.25,8.25],"texture":"#2"},"east":{"uv":[5,6.25,6,7],"texture":"#2"},"south":{"uv":[2.25,7.5,2.5,8.25],"texture":"#2"},"west":{"uv":[6,6.25,7,7],"texture":"#2"},"up":{"uv":[4.25,8,4,7],"texture":"#2"},"down":{"uv":[4.5,7,4.25,8],"texture":"#2"}}},{"from":[4.75,4.92597,0.88582],"to":[11.25,9.92597,6.88582],"rotation":{"angle":45,"axis":"x","origin":[8,7.42597,3.88582]},"faces":{"north":{"uv":[0,5,1.75,6.25],"texture":"#2"},"east":{"uv":[1.5,6.25,3,7.5],"texture":"#2"},"south":{"uv":[1.75,5,3.5,6.25],"texture":"#2"},"west":{"uv":[6.25,2,7.75,3.25],"texture":"#2"},"up":{"uv":[3.5,5,1.75,3.5],"texture":"#2"},"down":{"uv":[5.25,3.5,3.5,5],"texture":"#2"}}},{"from":[6.5,2,13],"to":[9.5,5,14],"rotation":{"angle":0,"axis":"y","origin":[9,0,9]},"faces":{"north":{"uv":[6.5,0.75,7.25,1.5],"texture":"#2"},"east":{"uv":[1,7.5,1.25,8.25],"texture":"#2"},"south":{"uv":[6.5,4.75,7.25,5.5],"texture":"#2"},"west":{"uv":[1.25,7.5,1.5,8.25],"texture":"#2"},"up":{"uv":[5.5,2.25,4.75,2],"texture":"#2"},"down":{"uv":[6,4.75,5.25,5],"texture":"#2"}}},{"name":"signs","from":[0.95,18,-0.075],"to":[15.05,20.8,-0.075],"rotation":{"angle":0,"axis":"y","origin":[17,6.9,0]},"faces":{"north":{"uv":[0.25,13.75,15.75,16],"texture":"#2"},"east":{"uv":[0,0,0,0.75],"texture":"#2"},"west":{"uv":[0,0,0,0.75],"texture":"#2"},"up":{"uv":[3.75,0,0,0],"texture":"#2"},"down":{"uv":[3.75,0,0,0],"texture":"#2"}}},{"name":"package","from":[0,-0.1,0],"to":[16,21.9,0],"faces":{"north":{"uv":[0,0,4,5.5],"texture":"#1"},"east":{"uv":[4,0,8,5.5],"texture":"#1"},"south":{"uv":[0,0,4,5.5],"texture":"#1"},"west":{"uv":[4,5.5,8,11],"texture":"#1"},"up":{"uv":[12,4,8,0],"texture":"#1"},"down":{"uv":[12,4,8,8],"texture":"#1"}}},{"name":"package","from":[0,-0.1,16],"to":[16,21.9,16],"faces":{"north":{"uv":[0,5.5,4,11],"texture":"#1"},"east":{"uv":[4,0,8,5.5],"texture":"#1"},"south":{"uv":[0,5.5,4,11],"texture":"#1"},"west":{"uv":[4,5.5,8,11],"texture":"#1"},"up":{"uv":[12,4,8,0],"texture":"#1"},"down":{"uv":[12,4,8,8],"texture":"#1"}}},{"name":"package","from":[0,-0.1,0],"to":[16,-0.1,16],"faces":{"north":{"uv":[0,0,4,5.5],"texture":"#1"},"east":{"uv":[4,0,8,5.5],"texture":"#1"},"south":{"uv":[0,5.5,4,11],"texture":"#1"},"west":{"uv":[4,5.5,8,11],"texture":"#1"},"up":{"uv":[12,4,8,8],"texture":"#1"},"down":{"uv":[12,4,8,8],"texture":"#1"}}},{"name":"package","from":[0,21.9,0],"to":[16,21.9,16],"faces":{"north":{"uv":[0,0,4,5.5],"texture":"#1"},"east":{"uv":[4,0,8,5.5],"texture":"#1"},"south":{"uv":[0,5.5,4,11],"texture":"#1"},"west":{"uv":[4,5.5,8,11],"texture":"#1"},"up":{"uv":[12,4,8,0],"texture":"#1"},"down":{"uv":[12,4,8,8],"texture":"#1"}}},{"name":"package","from":[16,-0.1,0],"to":[16,21.9,16],"faces":{"north":{"uv":[0,0,4,5.5],"texture":"#1"},"east":{"uv":[4,0,8,5.5],"texture":"#1"},"south":{"uv":[0,5.5,4,11],"texture":"#1"},"west":{"uv":[4,5.5,8,11],"texture":"#1"},"up":{"uv":[12,4,8,0],"texture":"#1"},"down":{"uv":[12,4,8,8],"texture":"#1"}}},{"name":"package","from":[0,-0.1,0],"to":[0,21.9,16],"faces":{"north":{"uv":[0,0,4,5.5],"texture":"#1"},"east":{"uv":[4,0,8,5.5],"texture":"#1"},"south":{"uv":[0,5.5,4,11],"texture":"#1"},"west":{"uv":[4,5.5,8,11],"texture":"#1"},"up":{"uv":[12,4,8,0],"texture":"#1"},"down":{"uv":[12,4,8,8],"texture":"#1"}}},{"from":[6.5,12.25,-3.58579],"to":[6.5,13.75,2.41421],"rotation":{"angle":45,"axis":"x","origin":[6.5,13,-0.58579]},"faces":{"north":{"uv":[0,0,0,5],"texture":"#3"},"east":{"uv":[8,3,0,1.5],"texture":"#3"},"south":{"uv":[0,0,0,5],"texture":"#3"},"west":{"uv":[0,3,8,1.5],"texture":"#3"},"up":{"uv":[0,0,0,9],"texture":"#3"},"down":{"uv":[0,0,0,9],"texture":"#3"}}},{"from":[5.75,12,2.41421],"to":[5.75,16,3.41421],"rotation":{"angle":22.5,"axis":"z","origin":[6.5,14,2.91421]},"faces":{"north":{"uv":[0,0,0,9],"rotation":180,"texture":"#3"},"east":{"uv":[8,3,0,1.5],"rotation":270,"texture":"#3"},"south":{"uv":[0,0,0,9],"texture":"#3"},"west":{"uv":[0,3,8,1.5],"rotation":90,"texture":"#3"},"up":{"uv":[0,0,0,5],"rotation":180,"texture":"#3"},"down":{"uv":[0,0,0,5],"texture":"#3"}}},{"from":[5.75,9.5,-3.58579],"to":[5.75,10.5,0.41421],"rotation":{"angle":22.5,"axis":"y","origin":[6.5,10,-1.58579]},"faces":{"north":{"uv":[0,0,0,5],"texture":"#3"},"east":{"uv":[8,3,0,1.5],"texture":"#3"},"south":{"uv":[0,0,0,5],"texture":"#3"},"west":{"uv":[0,3,8,1.5],"texture":"#3"},"up":{"uv":[0,0,0,9],"texture":"#3"},"down":{"uv":[0,0,0,9],"texture":"#3"}}},{"from":[10.25,9.5,-3.58579],"to":[10.25,10.5,0.41421],"rotation":{"angle":-22.5,"axis":"y","origin":[9.5,10,-1.58579]},"faces":{"north":{"uv":[0,0,0,5],"texture":"#3"},"east":{"uv":[8,3,0,1.5],"texture":"#3"},"south":{"uv":[0,0,0,5],"texture":"#3"},"west":{"uv":[0,3,8,1.5],"texture":"#3"},"up":{"uv":[0,0,0,9],"texture":"#3"},"down":{"uv":[0,0,0,9],"texture":"#3"}}},{"from":[10.25,12,2.41421],"to":[10.25,16,3.41421],"rotation":{"angle":-22.5,"axis":"z","origin":[9.5,14,2.91421]},"faces":{"north":{"uv":[0,0,0,9],"rotation":180,"texture":"#3"},"east":{"uv":[0,1.5,8,3],"rotation":90,"texture":"#3"},"south":{"uv":[0,0,0,9],"texture":"#3"},"west":{"uv":[8,1.5,0,3],"rotation":270,"texture":"#3"},"up":{"uv":[0,0,0,5],"rotation":180,"texture":"#3"},"down":{"uv":[0,0,0,5],"texture":"#3"}}},{"from":[9.5,12.25,-3.58579],"to":[9.5,13.75,2.41421],"rotation":{"angle":45,"axis":"x","origin":[9.5,13,-0.58579]},"faces":{"north":{"uv":[0,0,0,5],"texture":"#3"},"east":{"uv":[8,3,0,1.5],"texture":"#3"},"south":{"uv":[0,0,0,5],"texture":"#3"},"west":{"uv":[0,3,8,1.5],"texture":"#3"},"up":{"uv":[0,0,0,9],"texture":"#3"},"down":{"uv":[0,0,0,9],"texture":"#3"}}},{"from":[5.12132,10.5,4.36396],"to":[5.12132,14.5,8.36396],"rotation":{"angle":-22.5,"axis":"y","origin":[5.12132,14.5,6.36396]},"faces":{"north":{"uv":[0,0,0,9],"texture":"#3"},"east":{"uv":[15,0.5,9.5,6.5],"texture":"#3"},"south":{"uv":[0,0,0,9],"texture":"#3"},"west":{"uv":[9.5,0.5,15,6.5],"texture":"#3"},"up":{"uv":[0,0,6,0],"rotation":270,"texture":"#3"},"down":{"uv":[0,0,6,0],"rotation":90,"texture":"#3"}}},{"from":[5.37132,10.5,4.36396],"to":[5.37132,14.5,8.36396],"rotation":{"angle":-22.5,"axis":"y","origin":[5.12132,14.5,6.36396]},"faces":{"north":{"uv":[0,0,0,9],"texture":"#3"},"east":{"uv":[15,0.5,9.5,6.5],"texture":"#3"},"south":{"uv":[0,0,0,9],"texture":"#3"},"west":{"uv":[9.5,0.5,15,6.5],"texture":"#3"},"up":{"uv":[0,0,6,0],"rotation":270,"texture":"#3"},"down":{"uv":[0,0,6,0],"rotation":90,"texture":"#3"}}}],"gui_light":"front","display":{"thirdperson_righthand":{"rotation":[61.23,4.49,0.46],"translation":[0,1.75,0.75],"scale":[0.5,0.5,0.5]},"thirdperson_lefthand":{"rotation":[61.23,4.49,0.46],"translation":[0,1.75,0.75],"scale":[0.5,0.5,0.5]},"firstperson_righthand":{"rotation":[-166,53.68,171.1],"translation":[0.75,3.75,-0.75],"scale":[0.58336,0.58336,0.58336]},"firstperson_lefthand":{"rotation":[-166,53.68,171.1],"translation":[0.75,3.75,-0.75],"scale":[0.58336,0.58336,0.58336]},"ground":{"rotation":[68,0,0],"translation":[0,1.5,0],"scale":[0.5,0.5,0.5]},"gui":{"rotation":[-170,30,-180],"translation":[0,-2,0],"scale":[0.62,0.62,0.62]},"head":{"rotation":[7,180,1],"translation":[0,-60,11.25],"scale":[1.6,1.6,1.6]},"fixed":{"rotation":[-90,0,0],"translation":[0,-0.25,-16.25],"scale":[2,2,2]}}}