{"credit":"By EliteCreatures","texture_size":[64,64],"textures":{"1":"elitecreatures:collectibles_v5_16x/collectibles_package","2":"elitecreatures:collectibles_v5_16x/dainty_hummingbirds_inside_16","particle":"elitecreatures:collectibles_v5_16x/collectibles_package"},"elements":[{"from":[7.346,10.08315,-0.94152],"to":[8.654,11.39115,2.65548],"rotation":{"angle":0,"axis":"y","origin":[8,9.83315,1.39123]},"faces":{"north":{"uv":[7.5,3.5,7.75,3.75],"texture":"#2"},"east":{"uv":[6.75,2.5,7.75,2.75],"texture":"#2"},"south":{"uv":[7.5,3.75,7.75,4],"texture":"#2"},"west":{"uv":[6.75,2.75,7.75,3],"texture":"#2"},"up":{"uv":[0.5,8.5,0.25,7.5],"texture":"#2"},"down":{"uv":[0.75,7.5,0.5,8.5],"texture":"#2"}}},{"from":[5.055,10.08115,0.65348],"to":[10.945,15.31715,7.19748],"rotation":{"angle":0,"axis":"y","origin":[8,9.83315,1.39123]},"faces":{"north":{"uv":[6,4.5,7.5,5.75],"texture":"#2"},"east":{"uv":[4.25,4.5,6,5.75],"texture":"#2"},"south":{"uv":[6,5.75,7.5,7],"texture":"#2"},"west":{"uv":[4.25,5.75,6,7],"texture":"#2"},"up":{"uv":[2.75,6.25,1.25,4.5],"texture":"#2"},"down":{"uv":[4.25,4.5,2.75,6.25],"texture":"#2"}}},{"from":[5.384,2.90335,1.36671],"to":[10.616,8.78935,13.13871],"rotation":{"angle":45,"axis":"x","origin":[8,7.15435,8.07021]},"faces":{"north":{"uv":[0,6,1.25,7.5],"texture":"#2"},"east":{"uv":[0,0,3,1.5],"texture":"#2"},"south":{"uv":[1.25,6.25,2.5,7.75],"texture":"#2"},"west":{"uv":[0,1.5,3,3],"texture":"#2"},"up":{"uv":[1.25,6,0,3],"texture":"#2"},"down":{"uv":[4.25,0,3,3],"texture":"#2"}}},{"from":[4.076,4.47885,3.99092],"to":[5.384,10.36485,13.80092],"rotation":{"angle":22.5,"axis":"x","origin":[4.73,6.11385,7.26092]},"faces":{"north":{"uv":[3.5,7.25,3.75,8.75],"texture":"#2"},"east":{"uv":[1.25,3,3.75,4.5],"texture":"#2"},"south":{"uv":[7.25,7,7.5,8.5],"texture":"#2"},"west":{"uv":[3.75,3,6.25,4.5],"texture":"#2"},"up":{"uv":[5.5,9.5,5.25,7],"texture":"#2"},"down":{"uv":[5.75,7,5.5,9.5],"texture":"#2"}}},{"from":[5.057,-0.02662,6.02546],"to":[7.346,1.28138,9.62246],"rotation":{"angle":0,"axis":"y","origin":[6.2015,0.62738,7.82396]},"faces":{"north":{"uv":[3.75,6.25,4.25,6.5],"texture":"#2"},"east":{"uv":[7.5,1.5,8.5,1.75],"texture":"#2"},"south":{"uv":[3.75,6.5,4.25,6.75],"texture":"#2"},"west":{"uv":[7.5,1.75,8.5,2],"texture":"#2"},"up":{"uv":[6.75,8,6.25,7],"texture":"#2"},"down":{"uv":[7.25,7,6.75,8],"texture":"#2"}}},{"from":[8.654,-0.02662,6.02546],"to":[10.943,1.28138,9.62246],"rotation":{"angle":0,"axis":"y","origin":[9.7985,0.62738,7.82396]},"faces":{"north":{"uv":[3.75,6.75,4.25,7],"texture":"#2"},"east":{"uv":[7.5,2,8.5,2.25],"texture":"#2"},"south":{"uv":[0.75,7.5,1.25,7.75],"texture":"#2"},"west":{"uv":[7.5,2.25,8.5,2.5],"texture":"#2"},"up":{"uv":[3,8.25,2.5,7.25],"texture":"#2"},"down":{"uv":[3.5,7.25,3,8.25],"texture":"#2"}}},{"from":[10.616,4.47885,3.99092],"to":[11.924,10.36485,13.80092],"rotation":{"angle":22.5,"axis":"x","origin":[11.27,6.11385,7.26092]},"faces":{"north":{"uv":[0,7.5,0.25,9],"texture":"#2"},"east":{"uv":[4.25,0,6.75,1.5],"texture":"#2"},"south":{"uv":[7.5,0,7.75,1.5],"texture":"#2"},"west":{"uv":[4.25,1.5,6.75,3],"texture":"#2"},"up":{"uv":[6,9.5,5.75,7],"texture":"#2"},"down":{"uv":[6.25,7,6,9.5],"texture":"#2"}}},{"from":[6.365,0.75239,9.40113],"to":[9.635,4.34939,14.48013],"rotation":{"angle":22.5,"axis":"x","origin":[8,1.40639,14.30613]},"faces":{"north":{"uv":[3.75,7,4.5,8],"texture":"#2"},"east":{"uv":[2.5,6.25,3.75,7.25],"texture":"#2"},"south":{"uv":[4.5,7,5.25,8],"texture":"#2"},"west":{"uv":[6.25,3.5,7.5,4.5],"texture":"#2"},"up":{"uv":[7.5,1.25,6.75,0],"texture":"#2"},"down":{"uv":[7.5,1.25,6.75,2.5],"texture":"#2"}}},{"name":"signs","from":[3.45,18.25,-0.075],"to":[15.3,20.55,-0.075],"rotation":{"angle":0,"axis":"y","origin":[17,6.9,0]},"faces":{"north":{"uv":[0,13.75,16,16],"texture":"#2"},"east":{"uv":[0,0,0,0.5],"texture":"#2"},"west":{"uv":[0,0,0,0.5],"texture":"#2"},"up":{"uv":[3.75,0,0,0],"texture":"#2"},"down":{"uv":[3.75,0,0,0],"texture":"#2"}}},{"name":"signs","from":[0.7,18.25,-0.075],"to":[3.2,20.55,-0.075],"rotation":{"angle":0,"axis":"y","origin":[17,6.9,0]},"faces":{"north":{"uv":[0,11.25,3.25,13.5],"texture":"#2"},"east":{"uv":[0,0,0,0.5],"texture":"#2"},"west":{"uv":[0,0,0,0.5],"texture":"#2"},"up":{"uv":[3.75,0,0,0],"texture":"#2"},"down":{"uv":[3.75,0,0,0],"texture":"#2"}}},{"name":"package","from":[0,-0.1,0],"to":[16,21.9,0],"faces":{"north":{"uv":[0,0,4,5.5],"texture":"#1"},"east":{"uv":[4,0,8,5.5],"texture":"#1"},"south":{"uv":[0,0,4,5.5],"texture":"#1"},"west":{"uv":[4,5.5,8,11],"texture":"#1"},"up":{"uv":[12,4,8,0],"texture":"#1"},"down":{"uv":[12,4,8,8],"texture":"#1"}}},{"name":"package","from":[0,-0.1,16],"to":[16,21.9,16],"faces":{"north":{"uv":[0,5.5,4,11],"texture":"#1"},"east":{"uv":[4,0,8,5.5],"texture":"#1"},"south":{"uv":[0,5.5,4,11],"texture":"#1"},"west":{"uv":[4,5.5,8,11],"texture":"#1"},"up":{"uv":[12,4,8,0],"texture":"#1"},"down":{"uv":[12,4,8,8],"texture":"#1"}}},{"name":"package","from":[0,-0.1,0],"to":[16,-0.1,16],"faces":{"north":{"uv":[0,0,4,5.5],"texture":"#1"},"east":{"uv":[4,0,8,5.5],"texture":"#1"},"south":{"uv":[0,5.5,4,11],"texture":"#1"},"west":{"uv":[4,5.5,8,11],"texture":"#1"},"up":{"uv":[12,4,8,8],"texture":"#1"},"down":{"uv":[12,4,8,8],"texture":"#1"}}},{"name":"package","from":[0,21.9,0],"to":[16,21.9,16],"faces":{"north":{"uv":[0,0,4,5.5],"texture":"#1"},"east":{"uv":[4,0,8,5.5],"texture":"#1"},"south":{"uv":[0,5.5,4,11],"texture":"#1"},"west":{"uv":[4,5.5,8,11],"texture":"#1"},"up":{"uv":[12,4,8,0],"texture":"#1"},"down":{"uv":[12,4,8,8],"texture":"#1"}}},{"name":"package","from":[16,-0.1,0],"to":[16,21.9,16],"faces":{"north":{"uv":[0,0,4,5.5],"texture":"#1"},"east":{"uv":[4,0,8,5.5],"texture":"#1"},"south":{"uv":[0,5.5,4,11],"texture":"#1"},"west":{"uv":[4,5.5,8,11],"texture":"#1"},"up":{"uv":[12,4,8,0],"texture":"#1"},"down":{"uv":[12,4,8,8],"texture":"#1"}}},{"name":"package","from":[0,-0.1,0],"to":[0,21.9,16],"faces":{"north":{"uv":[0,0,4,5.5],"texture":"#1"},"east":{"uv":[4,0,8,5.5],"texture":"#1"},"south":{"uv":[0,5.5,4,11],"texture":"#1"},"west":{"uv":[4,5.5,8,11],"texture":"#1"},"up":{"uv":[12,4,8,0],"texture":"#1"},"down":{"uv":[12,4,8,8],"texture":"#1"}}}],"gui_light":"front","display":{"thirdperson_righthand":{"rotation":[61.23,4.49,0.46],"translation":[0,1.75,0.75],"scale":[0.5,0.5,0.5]},"thirdperson_lefthand":{"rotation":[61.23,4.49,0.46],"translation":[0,1.75,0.75],"scale":[0.5,0.5,0.5]},"firstperson_righthand":{"rotation":[-166,53.68,171.1],"translation":[0.75,3.75,-0.75],"scale":[0.58336,0.58336,0.58336]},"firstperson_lefthand":{"rotation":[-166,53.68,171.1],"translation":[0.75,3.75,-0.75],"scale":[0.58336,0.58336,0.58336]},"ground":{"rotation":[68,0,0],"translation":[0,1.5,0],"scale":[0.5,0.5,0.5]},"gui":{"rotation":[-170,30,-180],"translation":[0,-2,0],"scale":[0.62,0.62,0.62]},"head":{"rotation":[7,180,1],"translation":[0,-48.75,11.25],"scale":[1.6,1.6,1.6]},"fixed":{"rotation":[-90,0,0],"translation":[0,-0.25,-16.25],"scale":[2,2,2]}}}