{"credit":"By EliteCreatures","textures":{"1":"elitecreatures:collectibles_v5_16x/collectibles_package","2":"elitecreatures:collectibles_v5_16x/wiggly_puppies_inside_16","3":"elitecreatures:collectibles_v5_16x/ef_wiggly_puppies_long","particle":"elitecreatures:collectibles_v5_16x/collectibles_package"},"elements":[{"from":[5.0075,3.29175,6.1848],"to":[10.9925,9.576,14.5638],"rotation":{"angle":-22.5,"axis":"x","origin":[8,6.5835,9.7758]},"faces":{"north":{"uv":[1.5,5,3,6.5],"texture":"#2"},"east":{"uv":[1.75,0,3.75,1.5],"texture":"#2"},"south":{"uv":[3,5,4.5,6.5],"texture":"#2"},"west":{"uv":[1.75,1.5,3.75,3],"texture":"#2"},"up":{"uv":[3.25,5,1.75,3],"texture":"#2"},"down":{"uv":[4.75,3,3.25,5],"texture":"#2"}}},{"from":[6.801,8.2977,12.42899],"to":[9.199,11.59345,15.00654],"rotation":{"angle":22.5,"axis":"x","origin":[8,10.39445,14.67537]},"faces":{"north":{"uv":[7.25,7.25,7.75,8],"texture":"#2"},"east":{"uv":[7,3,7.75,3.75],"texture":"#2"},"south":{"uv":[7.5,0,8,0.75],"texture":"#2"},"west":{"uv":[5,7,5.75,7.75],"texture":"#2"},"up":{"uv":[1.25,8.25,0.75,7.5],"texture":"#2"},"down":{"uv":[0.5,7.75,0,8.5],"texture":"#2"}}},{"from":[6.803,10.6997,12.04582],"to":[9.197,15.4877,14.61937],"rotation":{"angle":-22.5,"axis":"x","origin":[8,13.0937,13.33259]},"faces":{"north":{"uv":[2.5,7,3,8.25],"texture":"#2"},"east":{"uv":[0.75,6.25,1.5,7.5],"texture":"#2"},"south":{"uv":[4.5,7,5,8.25],"texture":"#2"},"west":{"uv":[6.5,0.75,7.25,2],"texture":"#2"},"up":{"uv":[8.25,1.5,7.75,0.75],"texture":"#2"},"down":{"uv":[8.25,3,7.75,3.75],"texture":"#2"}}},{"from":[4.10975,3.4713,0.1998],"to":[6.50375,5.8653,6.1848],"rotation":{"angle":-22.5,"axis":"x","origin":[8.29925,6.5835,9.7758]},"faces":{"north":{"uv":[7.25,1.5,7.75,2],"texture":"#2"},"east":{"uv":[5.25,2,6.75,2.5],"texture":"#2"},"south":{"uv":[7.75,1.5,8.25,2],"texture":"#2"},"west":{"uv":[1.5,6.5,3,7],"texture":"#2"},"up":{"uv":[7,4,6.5,2.5],"texture":"#2"},"down":{"uv":[3.5,6.5,3,8],"texture":"#2"}}},{"from":[4.34915,-0.04844,11.92759],"to":[6.74315,6.23581,14.92009],"rotation":{"angle":22.5,"axis":"y","origin":[5.30675,3.09369,14.89016]},"faces":{"north":{"uv":[3.5,6.5,4,8],"texture":"#2"},"east":{"uv":[4.5,5.5,5.25,7],"texture":"#2"},"south":{"uv":[4,6.5,4.5,8],"texture":"#2"},"west":{"uv":[5.25,5.5,6,7],"texture":"#2"},"up":{"uv":[7.75,6.5,7.25,5.75],"texture":"#2"},"down":{"uv":[7.75,6.5,7.25,7.25],"texture":"#2"}}},{"from":[4.70625,2.25157,3.09918],"to":[11.29375,8.83907,9.08818],"rotation":{"angle":22.5,"axis":"x","origin":[8,7.04157,10.88168]},"faces":{"north":{"uv":[0,0,1.75,1.75],"texture":"#2"},"east":{"uv":[0,3.5,1.5,5.25],"texture":"#2"},"south":{"uv":[0,1.75,1.75,3.5],"texture":"#2"},"west":{"uv":[3.75,0.75,5.25,2.5],"texture":"#2"},"up":{"uv":[6.5,4,4.75,2.5],"texture":"#2"},"down":{"uv":[6.5,4,4.75,5.5],"texture":"#2"}}},{"from":[4.70825,9.38751,8.71297],"to":[7.10225,12.38001,9.90997],"rotation":{"angle":0,"axis":"y","origin":[5.90525,10.58451,9.31147]},"faces":{"north":{"uv":[7.25,0.75,7.75,1.5],"texture":"#2"},"east":{"uv":[1.5,3.5,1.75,4.25],"texture":"#2"},"south":{"uv":[7.25,5,7.75,5.75],"texture":"#2"},"west":{"uv":[1.5,4.25,1.75,5],"texture":"#2"},"up":{"uv":[5.75,2,5.25,1.75],"texture":"#2"},"down":{"uv":[6.25,1.75,5.75,2],"texture":"#2"}}},{"from":[4.70825,10.87525,7.61865],"to":[7.10225,13.3291,8.81565],"rotation":{"angle":45,"axis":"x","origin":[5.90525,11.5336,8.21715]},"faces":{"north":{"uv":[3.75,2.5,4.25,3],"texture":"#2"},"east":{"uv":[4.5,5,4.75,5.5],"texture":"#2"},"south":{"uv":[4.25,2.5,4.75,3],"texture":"#2"},"west":{"uv":[6.5,5,6.75,5.5],"texture":"#2"},"up":{"uv":[7.5,4,7,3.75],"texture":"#2"},"down":{"uv":[8,3.75,7.5,4],"texture":"#2"}}},{"from":[8.89775,9.38751,8.71297],"to":[11.29175,12.38001,9.90997],"rotation":{"angle":0,"axis":"y","origin":[10.09475,10.58451,9.31147]},"faces":{"north":{"uv":[7.75,5.75,8.25,6.5],"texture":"#2"},"east":{"uv":[1.25,5.25,1.5,6],"texture":"#2"},"south":{"uv":[7.75,6.5,8.25,7.25],"texture":"#2"},"west":{"uv":[1.25,7.5,1.5,8.25],"texture":"#2"},"up":{"uv":[4,8.25,3.5,8],"texture":"#2"},"down":{"uv":[8.5,3.75,8,4],"texture":"#2"}}},{"from":[8.89775,10.87525,7.61865],"to":[11.29175,13.3291,8.81565],"rotation":{"angle":45,"axis":"x","origin":[10.09475,11.5336,8.21715]},"faces":{"north":{"uv":[8,0,8.5,0.5],"texture":"#2"},"east":{"uv":[0.5,7.75,0.75,8.25],"texture":"#2"},"south":{"uv":[8,2,8.5,2.5],"texture":"#2"},"west":{"uv":[5.5,7.75,5.75,8.25],"texture":"#2"},"up":{"uv":[8.5,0.75,8,0.5],"texture":"#2"},"down":{"uv":[3.5,8,3,8.25],"texture":"#2"}}},{"from":[9.25685,-0.04844,11.92759],"to":[11.65085,6.23581,14.92009],"rotation":{"angle":-22.5,"axis":"y","origin":[10.69325,3.09369,14.89016]},"faces":{"north":{"uv":[1.5,7,2,8.5],"texture":"#2"},"east":{"uv":[6,5.5,6.75,7],"texture":"#2"},"south":{"uv":[2,7,2.5,8.5],"texture":"#2"},"west":{"uv":[0,6.25,0.75,7.75],"texture":"#2"},"up":{"uv":[5.5,8.5,5,7.75],"texture":"#2"},"down":{"uv":[8.25,5,7.75,5.75],"texture":"#2"}}},{"from":[9.49625,3.4713,0.1998],"to":[11.89025,5.8653,6.1848],"rotation":{"angle":-22.5,"axis":"x","origin":[7.70075,6.5835,9.7758]},"faces":{"north":{"uv":[7.75,7.25,8.25,7.75],"texture":"#2"},"east":{"uv":[6.5,4,8,4.5],"texture":"#2"},"south":{"uv":[7.75,7.75,8.25,8.25],"texture":"#2"},"west":{"uv":[6.5,4.5,8,5],"texture":"#2"},"up":{"uv":[7.25,6.5,6.75,5],"texture":"#2"},"down":{"uv":[7.25,6.5,6.75,8],"texture":"#2"}}},{"from":[5.30675,2.25357,1.30568],"to":[10.69325,5.84457,3.10118],"rotation":{"angle":22.5,"axis":"x","origin":[8,7.04157,10.88168]},"faces":{"north":{"uv":[0,5.25,1.25,6.25],"texture":"#2"},"east":{"uv":[5.75,7,6.25,8],"texture":"#2"},"south":{"uv":[5.25,0.75,6.5,1.75],"texture":"#2"},"west":{"uv":[6.25,7,6.75,8],"texture":"#2"},"up":{"uv":[8,2.5,6.75,2],"texture":"#2"},"down":{"uv":[8.25,2.5,7,3],"texture":"#2"}}},{"name":"signs","from":[2.7,18,-0.075],"to":[13.3,20.8,-0.075],"rotation":{"angle":0,"axis":"y","origin":[17,6.9,0]},"faces":{"north":{"uv":[2.5,13.75,12.75,16],"texture":"#2"},"east":{"uv":[0,0,0,0.75],"texture":"#2"},"west":{"uv":[0,0,0,0.75],"texture":"#2"},"up":{"uv":[3.75,0,0,0],"texture":"#2"},"down":{"uv":[3.75,0,0,0],"texture":"#2"}}},{"name":"package","from":[0,-0.1,0],"to":[16,21.9,0],"faces":{"north":{"uv":[0,0,4,5.5],"texture":"#1"},"east":{"uv":[4,0,8,5.5],"texture":"#1"},"south":{"uv":[0,0,4,5.5],"texture":"#1"},"west":{"uv":[4,5.5,8,11],"texture":"#1"},"up":{"uv":[12,4,8,0],"texture":"#1"},"down":{"uv":[12,4,8,8],"texture":"#1"}}},{"name":"package","from":[0,-0.1,16],"to":[16,21.9,16],"faces":{"north":{"uv":[0,5.5,4,11],"texture":"#1"},"east":{"uv":[4,0,8,5.5],"texture":"#1"},"south":{"uv":[0,5.5,4,11],"texture":"#1"},"west":{"uv":[4,5.5,8,11],"texture":"#1"},"up":{"uv":[12,4,8,0],"texture":"#1"},"down":{"uv":[12,4,8,8],"texture":"#1"}}},{"name":"package","from":[0,-0.1,0],"to":[16,-0.1,16],"faces":{"north":{"uv":[0,0,4,5.5],"texture":"#1"},"east":{"uv":[4,0,8,5.5],"texture":"#1"},"south":{"uv":[0,5.5,4,11],"texture":"#1"},"west":{"uv":[4,5.5,8,11],"texture":"#1"},"up":{"uv":[12,4,8,8],"texture":"#1"},"down":{"uv":[12,4,8,8],"texture":"#1"}}},{"name":"package","from":[0,21.9,0],"to":[16,21.9,16],"faces":{"north":{"uv":[0,0,4,5.5],"texture":"#1"},"east":{"uv":[4,0,8,5.5],"texture":"#1"},"south":{"uv":[0,5.5,4,11],"texture":"#1"},"west":{"uv":[4,5.5,8,11],"texture":"#1"},"up":{"uv":[12,4,8,0],"texture":"#1"},"down":{"uv":[12,4,8,8],"texture":"#1"}}},{"name":"package","from":[16,-0.1,0],"to":[16,21.9,16],"faces":{"north":{"uv":[0,0,4,5.5],"texture":"#1"},"east":{"uv":[4,0,8,5.5],"texture":"#1"},"south":{"uv":[0,5.5,4,11],"texture":"#1"},"west":{"uv":[4,5.5,8,11],"texture":"#1"},"up":{"uv":[12,4,8,0],"texture":"#1"},"down":{"uv":[12,4,8,8],"texture":"#1"}}},{"name":"package","from":[0,-0.1,0],"to":[0,21.9,16],"faces":{"north":{"uv":[0,0,4,5.5],"texture":"#1"},"east":{"uv":[4,0,8,5.5],"texture":"#1"},"south":{"uv":[0,5.5,4,11],"texture":"#1"},"west":{"uv":[4,5.5,8,11],"texture":"#1"},"up":{"uv":[12,4,8,0],"texture":"#1"},"down":{"uv":[12,4,8,8],"texture":"#1"}}},{"name":"ef","from":[2,6.5,-2.25],"to":[14,6.5,3.75],"rotation":{"angle":-22.5,"axis":"x","origin":[8,6.5,0.75]},"faces":{"north":{"uv":[0,0,16,0],"texture":"#3"},"east":{"uv":[0,0,6,0],"texture":"#3"},"south":{"uv":[0,0,16,0],"texture":"#3"},"west":{"uv":[0,0,6,0],"texture":"#3"},"up":{"uv":[0.5,11,11,15.5],"texture":"#3"},"down":{"uv":[0.5,15.5,11,11],"texture":"#3"}}},{"name":"ef","from":[12,12,5],"to":[15.5,15.5,5],"rotation":{"angle":-22.5,"axis":"y","origin":[13,14,0]},"faces":{"north":{"uv":[0,0,3.5,3.5],"texture":"#3"},"east":{"uv":[0,0,0,6],"texture":"#3"},"south":{"uv":[3.5,0,0,3.5],"texture":"#3"},"west":{"uv":[0,0,0,6],"texture":"#3"},"up":{"uv":[0,0,6,0],"texture":"#3"},"down":{"uv":[0,0,6,0],"texture":"#3"}}},{"name":"ef","from":[1.75,12,5],"to":[4,14.25,5],"rotation":{"angle":22.5,"axis":"y","origin":[3,14,0]},"faces":{"north":{"uv":[3.5,0,0,3.5],"texture":"#3"},"east":{"uv":[0,0,0,6],"texture":"#3"},"south":{"uv":[0,0,3.5,3.5],"texture":"#3"},"west":{"uv":[0,0,0,6],"texture":"#3"},"up":{"uv":[6,0,0,0],"texture":"#3"},"down":{"uv":[6,0,0,0],"texture":"#3"}}}],"gui_light":"front","display":{"thirdperson_righthand":{"rotation":[61.23,4.49,0.46],"translation":[0,1.75,0.75],"scale":[0.5,0.5,0.5]},"thirdperson_lefthand":{"rotation":[61.23,4.49,0.46],"translation":[0,1.75,0.75],"scale":[0.5,0.5,0.5]},"firstperson_righthand":{"rotation":[-166,53.68,171.1],"translation":[0.75,3.75,-0.75],"scale":[0.58336,0.58336,0.58336]},"firstperson_lefthand":{"rotation":[-166,53.68,171.1],"translation":[0.75,3.75,-0.75],"scale":[0.58336,0.58336,0.58336]},"ground":{"rotation":[68,0,0],"translation":[0,1.5,0],"scale":[0.5,0.5,0.5]},"gui":{"rotation":[-170,30,-180],"translation":[0,-2,0],"scale":[0.62,0.62,0.62]},"head":{"rotation":[7,180,1],"translation":[0,-60,11.25],"scale":[1.6,1.6,1.6]},"fixed":{"rotation":[-90,0,0],"translation":[0,-0.25,-16.25],"scale":[2,2,2]}}}