{"credit":"By EliteCreatures","texture_size":[64,64],"textures":{"1":"elitecreatures:collectibles_v5_16x/collectibles_package","2":"elitecreatures:collectibles_v5_16x/enchanting_unicorns_inside_16","particle":"elitecreatures:collectibles_v5_16x/collectibles_package"},"elements":[{"from":[4.5,9.5,6],"to":[11.5,16.5,12.5],"rotation":{"angle":0,"axis":"y","origin":[7,-1,7]},"faces":{"north":{"uv":[3.5,0,5.25,1.75],"texture":"#2"},"east":{"uv":[3.5,1.75,5.25,3.5],"texture":"#2"},"south":{"uv":[3.5,3.5,5.25,5.25],"texture":"#2"},"west":{"uv":[0,4,1.75,5.75],"texture":"#2"},"up":{"uv":[3.5,5.75,1.75,4],"texture":"#2"},"down":{"uv":[7,0,5.25,1.75],"texture":"#2"}}},{"from":[5,8,7],"to":[11,9.5,12.5],"rotation":{"angle":0,"axis":"y","origin":[7,0,7]},"faces":{"north":{"uv":[3.75,9,5.25,9.5],"texture":"#2"},"east":{"uv":[5.25,9,6.75,9.5],"texture":"#2"},"south":{"uv":[9,7.25,10.5,7.75],"texture":"#2"},"west":{"uv":[9,7.75,10.5,8.25],"texture":"#2"},"up":{"uv":[6.75,5.75,5.25,4.25],"texture":"#2"},"down":{"uv":[1.5,5.75,0,7.25],"texture":"#2"}}},{"from":[4.5,0,6],"to":[11.5,8,12.5],"rotation":{"angle":0,"axis":"y","origin":[7,0,7]},"faces":{"north":{"uv":[0,0,1.75,2],"texture":"#2"},"east":{"uv":[1.75,0,3.5,2],"texture":"#2"},"south":{"uv":[0,2,1.75,4],"texture":"#2"},"west":{"uv":[1.75,2,3.5,4],"texture":"#2"},"up":{"uv":[7,3.5,5.25,1.75],"texture":"#2"},"down":{"uv":[5.25,5.25,3.5,7],"texture":"#2"}}},{"from":[6.5,0,12.5],"to":[9.5,4,15.75],"rotation":{"angle":0,"axis":"y","origin":[7,0,7]},"faces":{"north":{"uv":[8.25,9,9,10],"texture":"#2"},"east":{"uv":[9,8.25,9.75,9.25],"texture":"#2"},"south":{"uv":[6.75,9.25,7.5,10.25],"texture":"#2"},"west":{"uv":[7.5,9.25,8.25,10.25],"texture":"#2"},"up":{"uv":[10.5,5,9.75,4.25],"texture":"#2"},"down":{"uv":[10.5,5,9.75,5.75],"texture":"#2"}}},{"from":[6.5,15.75,5],"to":[9.5,18.25,12.5],"rotation":{"angle":0,"axis":"y","origin":[7,-1,7]},"faces":{"north":{"uv":[9.75,5.75,10.5,6.5],"texture":"#2"},"east":{"uv":[5.25,5.75,7.25,6.5],"texture":"#2"},"south":{"uv":[9.75,6.5,10.5,7.25],"texture":"#2"},"west":{"uv":[5.25,6.5,7.25,7.25],"texture":"#2"},"up":{"uv":[7.75,2,7,0],"texture":"#2"},"down":{"uv":[3.75,7,3,9],"texture":"#2"}}},{"from":[6.5,9.75,12.5],"to":[9.5,17.25,14.5],"rotation":{"angle":0,"axis":"y","origin":[7,-1,7]},"faces":{"north":{"uv":[3.75,7,4.5,9],"texture":"#2"},"east":{"uv":[1,9,1.5,11],"texture":"#2"},"south":{"uv":[4.5,7,5.25,9],"texture":"#2"},"west":{"uv":[9,2,9.5,4],"texture":"#2"},"up":{"uv":[7.75,3.5,7,3],"texture":"#2"},"down":{"uv":[11,2.25,10.25,2.75],"texture":"#2"}}},{"from":[7.25,6.75,12.5],"to":[8.75,15.25,15.5],"rotation":{"angle":0,"axis":"y","origin":[7,-1,7]},"faces":{"north":{"uv":[0,9,0.5,11.25],"texture":"#2"},"east":{"uv":[1.5,5.75,2.25,8],"texture":"#2"},"south":{"uv":[0.5,9,1,11.25],"texture":"#2"},"west":{"uv":[2.25,5.75,3,8],"texture":"#2"},"up":{"uv":[10.75,3.5,10.25,2.75],"texture":"#2"},"down":{"uv":[10.75,3.5,10.25,4.25],"texture":"#2"}}},{"from":[2.07612,0,2.88268],"to":[5.07612,3,9.38268],"rotation":{"angle":45,"axis":"y","origin":[4.57612,1.5,6.63268]},"faces":{"north":{"uv":[9.75,0,10.5,0.75],"texture":"#2"},"east":{"uv":[6.75,4.25,8.5,5],"texture":"#2"},"south":{"uv":[9.75,0.75,10.5,1.5],"texture":"#2"},"west":{"uv":[6.75,5,8.5,5.75],"texture":"#2"},"up":{"uv":[0.75,9,0,7.25],"texture":"#2"},"down":{"uv":[1.5,7.25,0.75,9],"texture":"#2"}}},{"from":[4.42967,4,4.82202],"to":[7.42967,10.5,7.82202],"rotation":{"angle":22.5,"axis":"x","origin":[5.92967,7.5,6.57202]},"faces":{"north":{"uv":[5.25,7.25,6,9],"texture":"#2"},"east":{"uv":[7.25,5.75,8,7.5],"texture":"#2"},"south":{"uv":[6,7.25,6.75,9],"texture":"#2"},"west":{"uv":[6.75,7.5,7.5,9.25],"texture":"#2"},"up":{"uv":[2.25,10.5,1.5,9.75],"texture":"#2"},"down":{"uv":[3,9.75,2.25,10.5],"texture":"#2"}}},{"from":[6.75,16.53033,5.67678],"to":[9.25,19.28033,8.17678],"rotation":{"angle":-22.5,"axis":"x","origin":[8,18.53033,6.92678]},"faces":{"north":{"uv":[9.5,2.75,10.25,3.5],"texture":"#2"},"east":{"uv":[9.5,3.5,10.25,4.25],"texture":"#2"},"south":{"uv":[3.75,9.5,4.5,10.25],"texture":"#2"},"west":{"uv":[4.5,9.5,5.25,10.25],"texture":"#2"},"up":{"uv":[6,10.25,5.25,9.5],"texture":"#2"},"down":{"uv":[6.75,9.5,6,10.25],"texture":"#2"}}},{"from":[7.1,19.28033,6.02678],"to":[8.9,22.03033,7.82678],"rotation":{"angle":-22.5,"axis":"x","origin":[8,18.53033,6.92678]},"faces":{"north":{"uv":[3,5.75,3.5,6.5],"texture":"#2"},"east":{"uv":[8.5,2,9,2.75],"texture":"#2"},"south":{"uv":[8.5,2.75,9,3.5],"texture":"#2"},"west":{"uv":[10.25,1.5,10.75,2.25],"texture":"#2"},"up":{"uv":[3.5,7,3,6.5],"texture":"#2"},"down":{"uv":[10.25,1.5,9.75,2],"texture":"#2"}}},{"from":[4.5,16.5,7.75],"to":[7,19.75,8.75],"rotation":{"angle":0,"axis":"y","origin":[7,-1,7]},"faces":{"north":{"uv":[9,9.25,9.75,10],"texture":"#2"},"east":{"uv":[3.75,10.25,4,11],"texture":"#2"},"south":{"uv":[9.5,2,10.25,2.75],"texture":"#2"},"west":{"uv":[4,10.25,4.25,11],"texture":"#2"},"up":{"uv":[5,10.5,4.25,10.25],"texture":"#2"},"down":{"uv":[5.75,10.25,5,10.5],"texture":"#2"}}},{"from":[9,16.5,7.75],"to":[11.5,19.75,8.75],"rotation":{"angle":0,"axis":"y","origin":[9,-1,7]},"faces":{"north":{"uv":[8.25,10,9,10.75],"texture":"#2"},"east":{"uv":[5.75,10.25,6,11],"texture":"#2"},"south":{"uv":[9,10,9.75,10.75],"texture":"#2"},"west":{"uv":[6,10.25,6.25,11],"texture":"#2"},"up":{"uv":[7,10.5,6.25,10.25],"texture":"#2"},"down":{"uv":[7.75,10.25,7,10.5],"texture":"#2"}}},{"from":[10.92388,0,2.88268],"to":[13.92388,3,9.38268],"rotation":{"angle":-45,"axis":"y","origin":[11.42388,1.5,6.63268]},"faces":{"north":{"uv":[9.75,9.75,10.5,10.5],"texture":"#2"},"east":{"uv":[8,5.75,9.75,6.5],"texture":"#2"},"south":{"uv":[3,10,3.75,10.75],"texture":"#2"},"west":{"uv":[8,6.5,9.75,7.25],"texture":"#2"},"up":{"uv":[3,9.75,2.25,8],"texture":"#2"},"down":{"uv":[9,7.25,8.25,9],"texture":"#2"}}},{"from":[8.57033,4,4.82202],"to":[11.57033,10.5,7.82202],"rotation":{"angle":22.5,"axis":"x","origin":[10.07033,7.5,6.57202]},"faces":{"north":{"uv":[7.5,7.5,8.25,9.25],"texture":"#2"},"east":{"uv":[7.75,0,8.5,1.75],"texture":"#2"},"south":{"uv":[7.75,1.75,8.5,3.5],"texture":"#2"},"west":{"uv":[1.5,8,2.25,9.75],"texture":"#2"},"up":{"uv":[10.5,9,9.75,8.25],"texture":"#2"},"down":{"uv":[10.5,9,9.75,9.75],"texture":"#2"}}},{"from":[5.75,9.5,3],"to":[10.25,13.25,6],"rotation":{"angle":0,"axis":"y","origin":[7,-1,7]},"faces":{"north":{"uv":[8.5,0,9.75,1],"texture":"#2"},"east":{"uv":[7,2,7.75,3],"texture":"#2"},"south":{"uv":[8.5,1,9.75,2],"texture":"#2"},"west":{"uv":[3,9,3.75,10],"texture":"#2"},"up":{"uv":[9.75,5,8.5,4.25],"texture":"#2"},"down":{"uv":[9.75,5,8.5,5.75],"texture":"#2"}}},{"name":"signs","from":[1.7,18,-0.075],"to":[14.3,20.8,-0.075],"rotation":{"angle":0,"axis":"y","origin":[17,6.9,0]},"faces":{"north":{"uv":[1.25,13.75,13.25,16],"texture":"#2"},"east":{"uv":[0,0,0,0.75],"texture":"#2"},"west":{"uv":[0,0,0,0.75],"texture":"#2"},"up":{"uv":[3.75,0,0,0],"texture":"#2"},"down":{"uv":[3.75,0,0,0],"texture":"#2"}}},{"name":"package","from":[0,-0.1,0],"to":[16,21.9,0],"faces":{"north":{"uv":[0,0,4,5.5],"texture":"#1"},"east":{"uv":[4,0,8,5.5],"texture":"#1"},"south":{"uv":[0,0,4,5.5],"texture":"#1"},"west":{"uv":[4,5.5,8,11],"texture":"#1"},"up":{"uv":[12,4,8,0],"texture":"#1"},"down":{"uv":[12,4,8,8],"texture":"#1"}}},{"name":"package","from":[0,-0.1,16],"to":[16,21.9,16],"faces":{"north":{"uv":[0,5.5,4,11],"texture":"#1"},"east":{"uv":[4,0,8,5.5],"texture":"#1"},"south":{"uv":[0,5.5,4,11],"texture":"#1"},"west":{"uv":[4,5.5,8,11],"texture":"#1"},"up":{"uv":[12,4,8,0],"texture":"#1"},"down":{"uv":[12,4,8,8],"texture":"#1"}}},{"name":"package","from":[0,-0.1,0],"to":[16,-0.1,16],"faces":{"north":{"uv":[0,0,4,5.5],"texture":"#1"},"east":{"uv":[4,0,8,5.5],"texture":"#1"},"south":{"uv":[0,5.5,4,11],"texture":"#1"},"west":{"uv":[4,5.5,8,11],"texture":"#1"},"up":{"uv":[12,4,8,8],"texture":"#1"},"down":{"uv":[12,4,8,8],"texture":"#1"}}},{"name":"package","from":[0,21.9,0],"to":[16,21.9,16],"faces":{"north":{"uv":[0,0,4,5.5],"texture":"#1"},"east":{"uv":[4,0,8,5.5],"texture":"#1"},"south":{"uv":[0,5.5,4,11],"texture":"#1"},"west":{"uv":[4,5.5,8,11],"texture":"#1"},"up":{"uv":[12,4,8,0],"texture":"#1"},"down":{"uv":[12,4,8,8],"texture":"#1"}}},{"name":"package","from":[16,-0.1,0],"to":[16,21.9,16],"faces":{"north":{"uv":[0,0,4,5.5],"texture":"#1"},"east":{"uv":[4,0,8,5.5],"texture":"#1"},"south":{"uv":[0,5.5,4,11],"texture":"#1"},"west":{"uv":[4,5.5,8,11],"texture":"#1"},"up":{"uv":[12,4,8,0],"texture":"#1"},"down":{"uv":[12,4,8,8],"texture":"#1"}}},{"name":"package","from":[0,-0.1,0],"to":[0,21.9,16],"faces":{"north":{"uv":[0,0,4,5.5],"texture":"#1"},"east":{"uv":[4,0,8,5.5],"texture":"#1"},"south":{"uv":[0,5.5,4,11],"texture":"#1"},"west":{"uv":[4,5.5,8,11],"texture":"#1"},"up":{"uv":[12,4,8,0],"texture":"#1"},"down":{"uv":[12,4,8,8],"texture":"#1"}}}],"gui_light":"front","display":{"thirdperson_righthand":{"rotation":[61.23,4.49,0.46],"translation":[0,1.75,0.75],"scale":[0.5,0.5,0.5]},"thirdperson_lefthand":{"rotation":[61.23,4.49,0.46],"translation":[0,1.75,0.75],"scale":[0.5,0.5,0.5]},"firstperson_righthand":{"rotation":[-166,53.68,171.1],"translation":[0.75,3.75,-0.75],"scale":[0.58336,0.58336,0.58336]},"firstperson_lefthand":{"rotation":[-166,53.68,171.1],"translation":[0.75,3.75,-0.75],"scale":[0.58336,0.58336,0.58336]},"ground":{"rotation":[68,0,0],"translation":[0,1.5,0],"scale":[0.5,0.5,0.5]},"gui":{"rotation":[-170,30,-180],"translation":[0,-2,0],"scale":[0.62,0.62,0.62]},"head":{"rotation":[7,180,1],"translation":[0,-60,11.25],"scale":[1.6,1.6,1.6]},"fixed":{"rotation":[-90,0,0],"translation":[0,-0.25,-16.25],"scale":[2,2,2]}}}