{"credit":"Made by PolygonMC","texture_size":[24,24],"textures":{"0":"littledragonset:wings","1":"littledragonset:animations/animations_wings","particle":"littledragonset:wings"},"elements":[{"from":[7.25,-10.75,7.5],"to":[8.75,-9.25,8.5],"rotation":{"angle":-45,"axis":"z","origin":[8,-10,8]},"faces":{"north":{"uv":[0,0,3,3],"texture":"#0","tintindex":0},"east":{"uv":[3,0,5,3],"texture":"#0","tintindex":0},"south":{"uv":[0,3,3,6],"texture":"#0","tintindex":0},"west":{"uv":[3,3,5,6],"texture":"#0","tintindex":0},"up":{"uv":[8,2,5,0],"texture":"#0","tintindex":0},"down":{"uv":[8,2,5,4],"texture":"#0","tintindex":0}}},{"from":[7.5,-10.5,7.25],"to":[8.5,-9.5,8.75],"rotation":{"angle":-45,"axis":"z","origin":[8,-10,8]},"faces":{"north":{"uv":[8,4,10,6],"texture":"#0","tintindex":0},"east":{"uv":[5,4,8,6],"texture":"#0","tintindex":0},"south":{"uv":[7,8,9,10],"texture":"#0","tintindex":0},"west":{"uv":[0,6,3,8],"texture":"#0","tintindex":0},"up":{"uv":[5,9,3,6],"texture":"#0","tintindex":0},"down":{"uv":[7,6,5,9],"texture":"#0","tintindex":0}}},{"from":[8.75,-10.25,7.625],"to":[10.25,-9.5,8.375],"rotation":{"angle":22.5,"axis":"z","origin":[8.75,-10.375,7.5]},"faces":{"north":{"uv":[7,6,10,7.5],"texture":"#0","tintindex":0},"east":{"uv":[3,10,4.5,11.5],"texture":"#0","tintindex":0},"south":{"uv":[0,8,3,9.5],"texture":"#0","tintindex":0},"up":{"uv":[11,1.5,8,0],"texture":"#0","tintindex":0},"down":{"uv":[11,2,8,3.5],"texture":"#0","tintindex":0}}},{"from":[9.60065,-9.22249,7.6925],"to":[10.83065,-8.60749,8.3075],"rotation":{"angle":45,"axis":"z","origin":[10.35315,-8.88999,8]},"faces":{"north":{"uv":[3,9,5.5,10],"texture":"#0","tintindex":0},"east":{"uv":[0,11,1,12],"texture":"#0","tintindex":0},"south":{"uv":[9,8,11.5,9],"texture":"#0","tintindex":0},"up":{"uv":[11.5,10,9,9],"texture":"#0","tintindex":0},"down":{"uv":[2.5,10,0,11],"texture":"#0","tintindex":0}}},{"from":[10.65617,-8.70611,7.754],"to":[11.14816,-7.7221,8.246],"rotation":{"angle":-22.5,"axis":"z","origin":[10.87717,-8.1016,8]},"faces":{"north":{"uv":[6,9,7,11],"texture":"#0","tintindex":0},"east":{"uv":[10,4,11,6],"texture":"#0","tintindex":0},"south":{"uv":[5,10,6,12],"texture":"#0","tintindex":0},"west":{"uv":[10,6,11,8],"texture":"#0","tintindex":0},"up":{"uv":[12,1,11,0],"texture":"#0","tintindex":0}}},{"from":[10.85729,-7.84967,7.80074],"to":[11.2558,-7.05263,8.19926],"rotation":{"angle":0,"axis":"z","origin":[11.03155,-7.35115,8]},"faces":{"north":{"uv":[7,10,8,11.5],"texture":"#0","tintindex":0},"east":{"uv":[8,10,9,11.5],"texture":"#0","tintindex":0},"south":{"uv":[9,10,10,11.5],"texture":"#0","tintindex":0},"west":{"uv":[10,10,11,11.5],"texture":"#0","tintindex":0},"up":{"uv":[2,12,1,11],"texture":"#0","tintindex":0}}},{"from":[10.77429,-7.16303,7.84259],"to":[11.08912,-6.53337,8.15742],"rotation":{"angle":22.5,"axis":"z","origin":[10.91921,-6.7607,8]},"faces":{"north":{"uv":[11,1,11.5,2.5],"texture":"#0","tintindex":0},"east":{"uv":[2,11,2.5,12.5],"texture":"#0","tintindex":0},"south":{"uv":[11,3,11.5,4.5],"texture":"#0","tintindex":0},"west":{"uv":[11,5,11.5,6.5],"texture":"#0","tintindex":0},"up":{"uv":[0.5,12.5,0,12],"texture":"#0","tintindex":0}}},{"from":[10.47885,-6.61425,7.87879],"to":[10.72128,-6.12941,8.12121],"rotation":{"angle":45,"axis":"z","origin":[10.72507,-6.25933,8]},"faces":{"north":{"uv":[6,11,6.5,12],"texture":"#0","tintindex":0},"east":{"uv":[11,7,11.5,8],"texture":"#0","tintindex":0},"south":{"uv":[11,10,11.5,11],"texture":"#0","tintindex":0},"west":{"uv":[11,11,11.5,12],"texture":"#0","tintindex":0},"up":{"uv":[12.5,0.5,12,0],"texture":"#0","tintindex":0}}},{"from":[5.75,-10.25,7.625],"to":[7.25,-9.5,8.375],"rotation":{"angle":-22.5,"axis":"z","origin":[7.25,-10.375,7.5]},"faces":{"north":{"uv":[10,6,7,7.5],"texture":"#0","tintindex":0},"south":{"uv":[3,8,0,9.5],"texture":"#0","tintindex":0},"west":{"uv":[4.5,10,3,11.5],"texture":"#0","tintindex":0},"up":{"uv":[8,1.5,11,0],"texture":"#0","tintindex":0},"down":{"uv":[8,2,11,3.5],"texture":"#0","tintindex":0}}},{"from":[5.16935,-9.22249,7.6925],"to":[6.39935,-8.60749,8.3075],"rotation":{"angle":-45,"axis":"z","origin":[5.64685,-8.88999,8]},"faces":{"north":{"uv":[5.5,9,3,10],"texture":"#0","tintindex":0},"south":{"uv":[11.5,8,9,9],"texture":"#0","tintindex":0},"west":{"uv":[1,11,0,12],"texture":"#0","tintindex":0},"up":{"uv":[9,10,11.5,9],"texture":"#0","tintindex":0},"down":{"uv":[0,10,2.5,11],"texture":"#0","tintindex":0}}},{"from":[4.85183,-8.70611,7.754],"to":[5.34384,-7.7221,8.246],"rotation":{"angle":22.5,"axis":"z","origin":[5.12284,-8.1016,8]},"faces":{"north":{"uv":[7,9,6,11],"texture":"#0","tintindex":0},"east":{"uv":[11,6,10,8],"texture":"#0","tintindex":0},"south":{"uv":[6,10,5,12],"texture":"#0","tintindex":0},"west":{"uv":[11,4,10,6],"texture":"#0","tintindex":0},"up":{"uv":[11,1,12,0],"texture":"#0","tintindex":0}}},{"from":[4.74419,-7.84967,7.80074],"to":[5.14272,-7.05263,8.19926],"rotation":{"angle":0,"axis":"z","origin":[4.96846,-7.35115,8]},"faces":{"north":{"uv":[8,10,7,11.5],"texture":"#0","tintindex":0},"east":{"uv":[11,10,10,11.5],"texture":"#0","tintindex":0},"south":{"uv":[10,10,9,11.5],"texture":"#0","tintindex":0},"west":{"uv":[9,10,8,11.5],"texture":"#0","tintindex":0},"up":{"uv":[1,12,2,11],"texture":"#0","tintindex":0}}},{"from":[4.91088,-7.16303,7.84259],"to":[5.22571,-6.53337,8.15742],"rotation":{"angle":-22.5,"axis":"z","origin":[5.0808,-6.7607,8]},"faces":{"north":{"uv":[11.5,1,11,2.5],"texture":"#0","tintindex":0},"east":{"uv":[11.5,5,11,6.5],"texture":"#0","tintindex":0},"south":{"uv":[11.5,3,11,4.5],"texture":"#0","tintindex":0},"west":{"uv":[2.5,11,2,12.5],"texture":"#0","tintindex":0},"up":{"uv":[0,12.5,0.5,12],"texture":"#0","tintindex":0}}},{"from":[5.27873,-6.61425,7.87879],"to":[5.52115,-6.12941,8.12121],"rotation":{"angle":-45,"axis":"z","origin":[5.27494,-6.25933,8]},"faces":{"north":{"uv":[6.5,11,6,12],"texture":"#0","tintindex":0},"east":{"uv":[11.5,11,11,12],"texture":"#0","tintindex":0},"south":{"uv":[11.5,10,11,11],"texture":"#0","tintindex":0},"west":{"uv":[11.5,7,11,8],"texture":"#0","tintindex":0},"up":{"uv":[12,0.5,12.5,0],"texture":"#0","tintindex":0}}},{"from":[8.5,-12.5,7.9925],"to":[19.5,-5,8.0075],"rotation":{"angle":0,"axis":"y","origin":[4,-14,7.9925]},"faces":{"north":{"uv":[0,0,14.66667,10],"texture":"#1","tintindex":0},"south":{"uv":[14.66667,0,0,10],"texture":"#1","tintindex":0}}},{"from":[-3.5,-12.5,7.9925],"to":[7.5,-5,8.0075],"rotation":{"angle":0,"axis":"y","origin":[12,-14,7.9925]},"faces":{"north":{"uv":[14.66667,0,0,10],"texture":"#1","tintindex":0},"south":{"uv":[0,0,14.66667,10],"texture":"#1","tintindex":0}}}],"gui_light":"front","display":{"thirdperson_righthand":{"rotation":[40.5,0,0],"scale":[0.63281,0.63281,0.63281]},"thirdperson_lefthand":{"rotation":[67,0,0],"translation":[-5.5,-8,9.75],"scale":[1.23438,1.23438,1.23438]},"firstperson_righthand":{"rotation":[-26,0,0],"scale":[0.57422,0.57422,0.57422]},"firstperson_lefthand":{"scale":[0,0,0]},"ground":{"rotation":[-45,0,0],"translation":[0,3.25,0]},"gui":{"translation":[0,13.75,0],"scale":[0.75,0.75,0.75]},"head":{"translation":[0,-46.25,8.5],"scale":[3.7461,3.7461,3.7461]},"fixed":{"translation":[0,-0.75,-2.5],"scale":[2.10352,2.10352,2.10352]}}}