{"credit":"Made with Blockbench","texture_size":[32,32],"textures":{"1":"bumble:saber/red","particle":"bumble:saber/red"},"elements":[{"from":[7.5,2.5,7.5],"to":[8.5,17.5,8.5],"rotation":{"angle":0,"axis":"y","origin":[7.5,7.5,6.5]},"faces":{"north":{"uv":[7.5,0.5,8,8],"texture":"#1"},"east":{"uv":[7,0.5,7.5,8],"texture":"#1"},"south":{"uv":[8.5,0.5,9,8],"texture":"#1"},"west":{"uv":[8,0.5,8.5,8],"texture":"#1"},"up":{"uv":[8,0.5,7.5,0],"texture":"#1"},"down":{"uv":[8.5,0,8,0.5],"texture":"#1"}}},{"from":[7,-0.85,7],"to":[9,0.15,9],"rotation":{"angle":0,"axis":"y","origin":[7,7.5,7]},"faces":{"north":{"uv":[10.5,5,11.5,5.5],"texture":"#1"},"east":{"uv":[9.5,5,10.5,5.5],"texture":"#1"},"south":{"uv":[12.5,5,13.5,5.5],"texture":"#1"},"west":{"uv":[11.5,5,12.5,5.5],"texture":"#1"},"up":{"uv":[11.5,5,10.5,4],"texture":"#1"},"down":{"uv":[12.5,4,11.5,5],"texture":"#1"}}},{"from":[6.5,2.5,8],"to":[9.5,18.5,8],"rotation":{"angle":0,"axis":"y","origin":[7.5,7.5,6]},"faces":{"north":{"uv":[3.5,0,5,8],"texture":"#1"},"east":{"uv":[3.5,0,3.5,8],"texture":"#1"},"south":{"uv":[5,0,6.5,8],"texture":"#1"},"west":{"uv":[5,0,5,8],"texture":"#1"},"up":{"uv":[5,0,3.5,0],"texture":"#1"},"down":{"uv":[6.5,0,5,0],"texture":"#1"}}},{"from":[8,2.75,6.5],"to":[8,18.25,9.5],"rotation":{"angle":0,"axis":"y","origin":[10.25,7.5,7.5]},"faces":{"north":{"uv":[1.5,1.5,1.5,9],"texture":"#1"},"east":{"uv":[0,1.5,1.5,9],"texture":"#1"},"south":{"uv":[3,1.5,3,9],"texture":"#1"},"west":{"uv":[1.5,1.5,3,9],"texture":"#1"},"up":{"uv":[1.5,1.5,1.5,0],"texture":"#1"},"down":{"uv":[1.5,0,1.5,1.5],"texture":"#1"}}},{"from":[7,1.5,7],"to":[9,2.5,9],"rotation":{"angle":0,"axis":"y","origin":[7,7.5,7]},"faces":{"north":{"uv":[10.5,3,11.5,3.5],"texture":"#1"},"east":{"uv":[9.5,3,10.5,3.5],"texture":"#1"},"south":{"uv":[12.5,3,13.5,3.5],"texture":"#1"},"west":{"uv":[11.5,3,12.5,3.5],"texture":"#1"},"up":{"uv":[11.5,3,10.5,2],"texture":"#1"},"down":{"uv":[12.5,2,11.5,3],"texture":"#1"}}},{"from":[7,-2,7],"to":[9,-1,9],"rotation":{"angle":45,"axis":"y","origin":[8,-2,8]},"faces":{"north":{"uv":[10.5,1,11.5,1.5],"texture":"#1"},"east":{"uv":[9.5,1,10.5,1.5],"texture":"#1"},"south":{"uv":[12.5,1,13.5,1.5],"texture":"#1"},"west":{"uv":[11.5,1,12.5,1.5],"texture":"#1"},"up":{"uv":[11.5,1,10.5,0],"texture":"#1"},"down":{"uv":[12.5,0,11.5,1],"texture":"#1"}}},{"from":[7,-4.2,7],"to":[9,-2.2,9],"rotation":{"angle":45,"axis":"y","origin":[8,-2,8]},"faces":{"north":{"uv":[3.5,9.5,4.5,10.5],"texture":"#1"},"east":{"uv":[2.5,9.5,3.5,10.5],"texture":"#1"},"south":{"uv":[5.5,9.5,6.5,10.5],"texture":"#1"},"west":{"uv":[4.5,9.5,5.5,10.5],"texture":"#1"},"up":{"uv":[4.5,9.5,3.5,8.5],"texture":"#1"},"down":{"uv":[5.5,8.5,4.5,9.5],"texture":"#1"}}},{"from":[7.5,-3.5,7.5],"to":[8.5,1.5,8.5],"rotation":{"angle":0,"axis":"y","origin":[7.5,7.5,7.5]},"faces":{"north":{"uv":[0.5,10,1,12.5],"texture":"#1"},"east":{"uv":[0,10,0.5,12.5],"texture":"#1"},"south":{"uv":[1.5,10,2,12.5],"texture":"#1"},"west":{"uv":[1,10,1.5,12.5],"texture":"#1"},"up":{"uv":[1,10,0.5,9.5],"texture":"#1"},"down":{"uv":[1.5,9.5,1,10],"texture":"#1"}}},{"from":[7,0.35,7],"to":[9,1.35,9],"rotation":{"angle":0,"axis":"y","origin":[7,7.5,7]},"faces":{"north":{"uv":[8,9.5,9,10],"texture":"#1"},"east":{"uv":[7,9.5,8,10],"texture":"#1"},"south":{"uv":[10,9.5,11,10],"texture":"#1"},"west":{"uv":[9,9.5,10,10],"texture":"#1"},"up":{"uv":[9,9.5,8,8.5],"texture":"#1"},"down":{"uv":[10,8.5,9,9.5],"texture":"#1"}}}],"gui_light":"front","display":{"thirdperson_righthand":{"translation":[0,6.75,0]},"thirdperson_lefthand":{"translation":[0,6,0]},"firstperson_righthand":{"translation":[8.75,4.75,-5]},"firstperson_lefthand":{"translation":[8.75,4.75,-5]},"ground":{"rotation":[-35,0,0],"translation":[0,9,0],"scale":[0.7,0.7,0.7]},"gui":{"rotation":[-90,-45,-91],"translation":[0.75,0.75,0.25],"scale":[0.84,0.84,0.84]},"head":{"rotation":[-45,36,0],"translation":[0,6.75,-8.75]},"fixed":{"rotation":[-90,45,90],"translation":[-1,0.5,-0.25]}}}