{"sources":[{"type":"single","resource":"littlepandaset:shield"},{"type":"single","resource":"elitecreatures:collectibles_v5_16x/ef_silly_penguins_long"},{"type":"single","resource":"summerset:animations/animations_hoe"},{"type":"single","resource":"valentineset:shield"},{"type":"single","resource":"beatsset:bow_1"},{"type":"single","resource":"beatsset:chest"},{"type":"single","resource":"beatsset:bow_2"},{"type":"single","resource":"bumble:clown/bows/clown_bow_pulling_2"},{"type":"single","resource":"bumble:clown/bows/clown_bow_pulling_1"},{"type":"single","resource":"bumble:clown/bows/clown_bow_pulling_0"},{"type":"single","resource":"summerset:armor/summer_leggings_icon"},{"type":"single","resource":"merry_christmasset:hoe"},{"type":"single","resource":"elitecreatures:collectibles_v5_16x/ef_curious_meerkats_long"},{"type":"single","resource":"beatsset:spear"},{"type":"single","resource":"littledragonset:scythe"},{"type":"single","resource":"littledragonset:fishing_rod_cast"},{"type":"single","resource":"elitecreatures:collectibles_v5_16x/ef_fluffy_owls_long"},{"type":"single","resource":"protocalset:crossbow"},{"type":"single","resource":"protocalset:wings"},{"type":"single","resource":"elitecreatures:collectibles_v5_16x/ef_enchanting_unicorns_long"},{"type":"single","resource":"bumble:easter/items/easterbunny_chestplate"},{"type":"single","resource":"littlepandaset:armor/littlepanda_helmet_icon"},{"type":"single","resource":"littleduckset:spear"},{"type":"single","resource":"bumble:valerie/items/axe"},{"type":"single","resource":"summerset:animations/animations_pickaxe"},{"type":"single","resource":"summerset:shield"},{"type":"single","resource":"killburn_set:pickaxe"},{"type":"single","resource":"littleduckset:key"},{"type":"single","resource":"protocalset:shovel"},{"type":"single","resource":"beatsset:shovel"},{"type":"single","resource":"beatsset:crossbow_firework"},{"type":"single","resource":"littledragonset:axe"},{"type":"single","resource":"thunderboltset:armor/thunderbolt_helmet_icon"},{"type":"single","resource":"valentineset:bow"},{"type":"single","resource":"noraset:fishing_rod"},{"type":"single","resource":"summerset:animations/animations_trident"},{"type":"single","resource":"killburn_set:armor/killburn_chestplate_icon"},{"type":"single","resource":"littlepandaset:armor/littlepanda_leggings_icon"},{"type":"single","resource":"beatsset:trident"},{"type":"single","resource":"merry_christmasset:staff"},{"type":"single","resource":"protocalset:armor/protocal_boots_icon"},{"type":"single","resource":"noraset:hoe"},{"type":"single","resource":"summerset:axe"},{"type":"single","resource":"_iainternal:icons/icon_arrow_chest"},{"type":"single","resource":"bonitaset:key"},{"type":"single","resource":"littleduckset:fishing_rod_cast"},{"type":"single","resource":"bonitaset:sword"},{"type":"single","resource":"bumble:valerie/items/staff"},{"type":"single","resource":"killburn_set:hammer"},{"type":"single","resource":"thunderboltset:chest"},{"type":"single","resource":"bumble:clown/clown_hoe"},{"type":"single","resource":"bumble:valerie/items/crossbow_1"},{"type":"single","resource":"killburn_set:trident"},{"type":"single","resource":"bumble:valerie/items/armor/valerie_chestplate"},{"type":"single","resource":"bumble:valerie/items/crossbow_2"},{"type":"single","resource":"thunderboltset:crossbow_1"},{"type":"single","resource":"killburn_set:key"},{"type":"single","resource":"noraset:staff"},{"type":"single","resource":"thunderboltset:crossbow_2"},{"type":"single","resource":"beatsset:hoe"},{"type":"single","resource":"thunderboltset:bow_1"},{"type":"single","resource":"bonitaset:wings"},{"type":"single","resource":"thunderboltset:bow_2"},{"type":"single","resource":"littlepandaset:armor/littlepanda_chestplate_icon"},{"type":"single","resource":"thunderboltset:hoe"},{"type":"single","resource":"valentineset:scythe"},{"type":"single","resource":"summerset:armor/summer_chestplate_icon"},{"type":"single","resource":"summerset:animations/animations_sword"},{"type":"single","resource":"thunderboltset:spear"},{"type":"single","resource":"bonitaset:hammer"},{"type":"single","resource":"bumble:valerie/items/fishing_rod"},{"type":"single","resource":"littleduckset:pickaxe"},{"type":"single","resource":"protocalset:armor/protocal_helmet_icon"},{"type":"single","resource":"littledragonset:greatsword"},{"type":"single","resource":"littleduckset:hammer"},{"type":"single","resource":"valentineset:animations/wings_outline"},{"type":"single","resource":"merry_christmasset:armor/merry_christmas_helmet_icon"},{"type":"single","resource":"merry_christmasset:hammer"},{"type":"single","resource":"killburn_set:axe"},{"type":"single","resource":"beatsset:armor/beats_leggings_icon"},{"type":"single","resource":"littleduckset:bow"},{"type":"single","resource":"bonitaset:armor/bonita_boots_icon"},{"type":"single","resource":"thunderboltset:greatsword"},{"type":"single","resource":"littlepandaset:bow"},{"type":"single","resource":"valentineset:armor/valentine_helmet_icon"},{"type":"single","resource":"littlepandaset:bamboo_backpack"},{"type":"single","resource":"littlepandaset:crossbow_1"},{"type":"single","resource":"bumble:valerie/items/armor/valerie_helmet"},{"type":"single","resource":"littledragonset:armor/littledragon_chestplate_icon"},{"type":"single","resource":"littlepandaset:crossbow_2"},{"type":"single","resource":"merry_christmasset:sword"},{"type":"single","resource":"elitecreatures:collectibles_v5_16x/dancing_flamingos_inside_16"},{"type":"single","resource":"merry_christmasset:armor/merry_christmas_chestplate_icon"},{"type":"single","resource":"elitecreatures:collectibles_v5_16x/ef_dainty_hummingbirds_long"},{"type":"single","resource":"protocalset:sword"},{"type":"single","resource":"valentineset:sword"},{"type":"single","resource":"noraset:crossbow"},{"type":"single","resource":"elitecreatures:scarecrow_animated_weapon_set/scarecrow_texture"},{"type":"single","resource":"summerset:pickaxe"},{"type":"single","resource":"thunderboltset:crossbow"},{"type":"single","resource":"littlepandaset:greatsword"},{"type":"single","resource":"beatsset:animations/animations_shovel"},{"type":"single","resource":"bonitaset:backpack"},{"type":"single","resource":"bumble:saber/green"},{"type":"single","resource":"elitecreatures:collectibles_v5_16x/ef_squeaky_guinea_pigs_long"},{"type":"single","resource":"summerset:animations/animations_scythe"},{"type":"single","resource":"merry_christmasset:shield"},{"type":"single","resource":"bumble:valerie/items/hammer"},{"type":"single","resource":"valentineset:helmet"},{"type":"single","resource":"littledragonset:little_dragon"},{"type":"single","resource":"protocalset:scythe"},{"type":"single","resource":"littledragonset:bow"},{"type":"single","resource":"summerset:fishing_rod_cast"},{"type":"single","resource":"bonitaset:animations/animations_3"},{"type":"single","resource":"bonitaset:animations/animations_4"},{"type":"single","resource":"bumble:saber/red"},{"type":"single","resource":"bonitaset:animations/animations_1"},{"type":"single","resource":"noraset:shield"},{"type":"single","resource":"bonitaset:animations/animations_2"},{"type":"single","resource":"bonitaset:trident"},{"type":"single","resource":"beatsset:shield"},{"type":"single","resource":"thunderboltset:pickaxe"},{"type":"single","resource":"bonitaset:axe"},{"type":"single","resource":"protocalset:greatsword"},{"type":"single","resource":"_iainternal:icons/icon_left_blue"},{"type":"single","resource":"summerset:backpack"},{"type":"single","resource":"beatsset:staff"},{"type":"single","resource":"littlepandaset:crossbow"},{"type":"single","resource":"summerset:bow"},{"type":"single","resource":"protocalset:armor/protocal_chestplate_icon"},{"type":"single","resource":"elitecreatures:collectibles_v5_16x/ef_wiggly_puppies_long"},{"type":"single","resource":"valentineset:armor/valentine_boots_icon"},{"type":"single","resource":"elitecreatures:scarecrow_animated_weapon_set/scarecrow_animation_02"},{"type":"single","resource":"thunderboltset:shovel"},{"type":"single","resource":"elitecreatures:scarecrow_animated_weapon_set/scarecrow_animation_03"},{"type":"single","resource":"merry_christmasset:wings"},{"type":"single","resource":"elitecreatures:scarecrow_animated_weapon_set/scarecrow_animation_01"},{"type":"single","resource":"valentineset:key"},{"type":"single","resource":"elitecreatures:scarecrow_animated_weapon_set/scarecrow_animation_04"},{"type":"single","resource":"valentineset:chest"},{"type":"single","resource":"littledragonset:flag"},{"type":"single","resource":"killburn_set:backpack"},{"type":"single","resource":"littlepandaset:hoe"},{"type":"single","resource":"beatsset:animations/animations_pickaxe"},{"type":"single","resource":"thunderboltset:wings"},{"type":"single","resource":"noraset:armor/nora_leggings_icon"},{"type":"single","resource":"killburn_set:helmet"},{"type":"single","resource":"littleduckset:firework_32x"},{"type":"single","resource":"katana_set:katana_set/katana_yellow"},{"type":"single","resource":"thunderboltset:axe"},{"type":"single","resource":"thunderboltset:armor/thunderbolt_chestplate_icon"},{"type":"single","resource":"elitecreatures:collectibles_v5_16x/ef_dancing_flamingos_long"},{"type":"single","resource":"littlepandaset:panda_head"},{"type":"single","resource":"littlepandaset:fishing_rod_cast"},{"type":"single","resource":"littleduckset:armor/littleduck_chestplate_icon"},{"type":"single","resource":"beatsset:animations/animations_axe"},{"type":"single","resource":"katana_set:katana_set/katana_red"},{"type":"single","resource":"bumble:valerie/items/key"},{"type":"single","resource":"noraset:axe"},{"type":"single","resource":"beatsset:animations/animations_spear"},{"type":"single","resource":"elitecreatures:collectibles_v5_16x/squeaky_guinea_pigs_inside_16"},{"type":"single","resource":"littlepandaset:spear"},{"type":"single","resource":"katana_set:katana_set/katana_purple"},{"type":"single","resource":"protocalset:key"},{"type":"single","resource":"bumble:valerie/items/spear"},{"type":"single","resource":"noraset:spear"},{"type":"single","resource":"bumble:easter/items/texture_02"},{"type":"single","resource":"bumble:easter/items/texture_01"},{"type":"single","resource":"littlepandaset:hammer"},{"type":"single","resource":"thunderboltset:armor/thunderbolt_leggings_icon"},{"type":"single","resource":"littledragonset:spear"},{"type":"single","resource":"littlepandaset:scythe"},{"type":"single","resource":"summerset:key"},{"type":"single","resource":"beatsset:scythe"},{"type":"single","resource":"protocalset:pickaxe"},{"type":"single","resource":"bumble:valerie/items/fishing_rod_cast"},{"type":"single","resource":"valentineset:pickaxe"},{"type":"single","resource":"summerset:animations/bubble_1"},{"type":"single","resource":"thunderboltset:staff"},{"type":"single","resource":"summerset:animations/animations_water"},{"type":"single","resource":"killburn_set:shovel"},{"type":"single","resource":"elitecreatures:collectibles_v5_16x/curious_meerkats_inside_16"},{"type":"single","resource":"killburn_set:fishing_rod"},{"type":"single","resource":"littleduckset:backpack"},{"type":"single","resource":"littledragonset:key"},{"type":"single","resource":"littledragonset:armor/littledragon_helmet_icon"},{"type":"single","resource":"bonitaset:crossbow_2"},{"type":"single","resource":"bonitaset:crossbow_1"},{"type":"single","resource":"summerset:fishing_rod"},{"type":"single","resource":"merry_christmasset:bow"},{"type":"single","resource":"bumble:clown/clown_axe"},{"type":"single","resource":"littledragonset:shield"},{"type":"single","resource":"littlepandaset:armor/littlepanda_boots_icon"},{"type":"single","resource":"noraset:hammer"},{"type":"single","resource":"summerset:sword"},{"type":"single","resource":"beatsset:crossbow_2"},{"type":"single","resource":"thunderboltset:hammer"},{"type":"single","resource":"littlepandaset:panda_hood"},{"type":"single","resource":"beatsset:crossbow_1"},{"type":"single","resource":"valentineset:crossbow"},{"type":"single","resource":"elitecreatures:scarecrow_animated_weapon_set/scarecrow_boots"},{"type":"single","resource":"summerset:weapons_theme_3"},{"type":"single","resource":"merry_christmasset:crossbow_2"},{"type":"single","resource":"noraset:trident"},{"type":"single","resource":"summerset:weapons_theme_1"},{"type":"single","resource":"merry_christmasset:crossbow_1"},{"type":"single","resource":"summerset:weapons_theme_2"},{"type":"single","resource":"killburn_set:sword"},{"type":"single","resource":"littleduckset:shovel"},{"type":"single","resource":"summerset:chest"},{"type":"single","resource":"summerset:bow_2"},{"type":"single","resource":"summerset:animations/animations_axe"},{"type":"single","resource":"summerset:bow_1"},{"type":"single","resource":"killburn_set:wings"},{"type":"single","resource":"killburn_set:knife"},{"type":"single","resource":"valentineset:armor/valentine_chestplate_icon"},{"type":"single","resource":"protocalset:staff"},{"type":"single","resource":"noraset:armor/nora_chestplate_icon"},{"type":"single","resource":"protocalset:bow"},{"type":"single","resource":"summerset:shovel"},{"type":"single","resource":"killburn_set:bow"},{"type":"single","resource":"_iainternal:icons/icon_right_blue"},{"type":"single","resource":"valentineset:armor/valentine_leggings_icon"},{"type":"single","resource":"littledragonset:backpack"},{"type":"single","resource":"littleduckset:armor/littleduck_helmet_icon"},{"type":"single","resource":"beatsset:wings"},{"type":"single","resource":"valentineset:staff"},{"type":"single","resource":"littledragonset:fishing_rod"},{"type":"single","resource":"killburn_set:chest"},{"type":"single","resource":"valentineset:axe"},{"type":"single","resource":"littledragonset:pickaxe"},{"type":"single","resource":"bonitaset:armor/bonita_leggings_icon"},{"type":"single","resource":"beatsset:sword"},{"type":"single","resource":"summerset:mask"},{"type":"single","resource":"summerset:wings"},{"type":"single","resource":"littledragonset:hammer"},{"type":"single","resource":"beatsset:fishing_rod_cast"},{"type":"single","resource":"littleduckset:shield"},{"type":"single","resource":"bonitaset:bow_1"},{"type":"single","resource":"bonitaset:bow_2"},{"type":"single","resource":"littleduckset:hoe"},{"type":"single","resource":"bumble:clown/clown_hat"},{"type":"single","resource":"merry_christmasset:shovel"},{"type":"single","resource":"thunderboltset:bow"},{"type":"single","resource":"protocalset:animations/animations_1"},{"type":"single","resource":"protocalset:animations/animations_5"},{"type":"single","resource":"summerset:armor/summer_boots_icon"},{"type":"single","resource":"bonitaset:spear"},{"type":"single","resource":"protocalset:animations/animations_4"},{"type":"single","resource":"protocalset:animations/animations_3"},{"type":"single","resource":"bonitaset:chest"},{"type":"single","resource":"protocalset:animations/animations_2"},{"type":"single","resource":"bonitaset:crossbow_firework"},{"type":"single","resource":"_iainternal:icons/icon_next_orange"},{"type":"single","resource":"bumble:easter/items/helmet"},{"type":"single","resource":"protocalset:animations/staff_cube"},{"type":"single","resource":"bumble:clown/clown_shovel"},{"type":"single","resource":"noraset:bow"},{"type":"single","resource":"merry_christmasset:key"},{"type":"single","resource":"protocalset:bow_1"},{"type":"single","resource":"protocalset:bow_2"},{"type":"single","resource":"littleduckset:armor/littleduck_leggings_icon"},{"type":"single","resource":"noraset:animations/animations_4"},{"type":"single","resource":"noraset:animations/animations_5"},{"type":"single","resource":"noraset:animations/animations_6"},{"type":"single","resource":"noraset:animations/animations_7"},{"type":"single","resource":"noraset:animations/animations_1"},{"type":"single","resource":"elitecreatures:scarecrow_animated_weapon_set/scarecrow_chestplate"},{"type":"single","resource":"noraset:animations/animations_2"},{"type":"single","resource":"valentineset:crossbow_1"},{"type":"single","resource":"noraset:animations/animations_3"},{"type":"single","resource":"valentineset:crossbow_2"},{"type":"single","resource":"beatsset:fishing_rod"},{"type":"single","resource":"littlepandaset:staff"},{"type":"single","resource":"_iainternal:icons/icon_cancel"},{"type":"single","resource":"noraset:shovel"},{"type":"single","resource":"protocalset:chest"},{"type":"single","resource":"killburn_set:hoe"},{"type":"single","resource":"noraset:crossbow_1"},{"type":"single","resource":"killburn_set:scythe"},{"type":"single","resource":"noraset:crossbow_2"},{"type":"single","resource":"bumble:valerie/items/wings"},{"type":"single","resource":"thunderboltset:helmet"},{"type":"single","resource":"beatsset:key"},{"type":"single","resource":"merry_christmasset:armor/merry_christmas_boots_icon"},{"type":"single","resource":"katana_set:katana_set/katana_green"},{"type":"single","resource":"thunderboltset:scythe"},{"type":"single","resource":"katana_set:katana_set/katana_blue"},{"type":"single","resource":"thunderboltset:shield"},{"type":"single","resource":"elitecreatures:collectibles_v5_16x/collectibles_package"},{"type":"single","resource":"merry_christmasset:fishing_rod"},{"type":"single","resource":"bumble:easter/items/easterbunny_leggings"},{"type":"single","resource":"littlepandaset:fishing_rod"},{"type":"single","resource":"thunderboltset:sword"},{"type":"single","resource":"summerset:greatsword"},{"type":"single","resource":"killburn_set:armor/killburn_leggings_icon"},{"type":"single","resource":"littlepandaset:trident"},{"type":"single","resource":"bonitaset:hoe"},{"type":"single","resource":"bonitaset:fishing_rod"},{"type":"single","resource":"protocalset:axe"},{"type":"single","resource":"littleduckset:frag"},{"type":"single","resource":"bumble:valerie/items/bow"},{"type":"single","resource":"elitecreatures:collectibles_v5_16x/mighty_griffins_inside_16"},{"type":"single","resource":"noraset:scythe"},{"type":"single","resource":"bonitaset:armor/bonita_helmet_icon"},{"type":"single","resource":"beatsset:hammer"},{"type":"single","resource":"valentineset:animations/staff_outline"},{"type":"single","resource":"bumble:clown/clown_pickaxe"},{"type":"single","resource":"elitecreatures:collectibles_v5_16x/silly_penguins_inside_16"},{"type":"single","resource":"bumble:clown/clown_sword"},{"type":"single","resource":"summerset:animations/animations_spear"},{"type":"single","resource":"beatsset:armor/beats_helmet_icon"},{"type":"single","resource":"valentineset:hammer"},{"type":"single","resource":"thunderboltset:key"},{"type":"single","resource":"summerset:crossbow_firework"},{"type":"single","resource":"killburn_set:staff"},{"type":"single","resource":"beatsset:axe"},{"type":"single","resource":"protocalset:fishing_rod_cast"},{"type":"single","resource":"protocalset:hammer"},{"type":"single","resource":"merry_christmasset:pickaxe"},{"type":"single","resource":"thunderboltset:fishing_rod_cast"},{"type":"single","resource":"noraset:key"},{"type":"single","resource":"elitecreatures:collectibles_v5_16x/ef_mighty_griffins_long"},{"type":"single","resource":"merry_christmasset:bow_2"},{"type":"single","resource":"valentineset:greatsword"},{"type":"single","resource":"merry_christmasset:bow_1"},{"type":"single","resource":"valentineset:fishing_rod"},{"type":"single","resource":"littlepandaset:chest"},{"type":"single","resource":"thunderboltset:fishing_rod"},{"type":"single","resource":"protocalset:helmet"},{"type":"single","resource":"bumble:saber/pink"},{"type":"single","resource":"littleduckset:crossbow_2"},{"type":"single","resource":"merry_christmasset:chest"},{"type":"single","resource":"valentineset:hoe"},{"type":"single","resource":"elitecreatures:collectibles_v5_16x/dainty_hummingbirds_inside_16"},{"type":"single","resource":"merry_christmasset:hat"},{"type":"single","resource":"littleduckset:crossbow_1"},{"type":"single","resource":"bumble:valerie/items/scythe"},{"type":"single","resource":"bumble:saber/yellow"},{"type":"single","resource":"bumble:valerie/items/shield"},{"type":"single","resource":"valentineset:bow_1"},{"type":"single","resource":"valentineset:bow_2"},{"type":"single","resource":"merry_christmasset:backpack"},{"type":"single","resource":"bumble:valerie/items/trident"},{"type":"single","resource":"valentineset:wings"},{"type":"single","resource":"protocalset:spear"},{"type":"single","resource":"elitecreatures:collectibles_v5_16x/ferocious_dragons_inside_16"},{"type":"single","resource":"_iainternal:icons/icon_search"},{"type":"single","resource":"summerset:crossbow_2"},{"type":"single","resource":"littlepandaset:crossbow_firework"},{"type":"single","resource":"summerset:hammer"},{"type":"single","resource":"valentineset:spear"},{"type":"single","resource":"beatsset:crossbow"},{"type":"single","resource":"bonitaset:helmet"},{"type":"single","resource":"merry_christmasset:scythe"},{"type":"single","resource":"summerset:crossbow_1"},{"type":"single","resource":"protocalset:fishing_rod"},{"type":"single","resource":"noraset:greatsword"},{"type":"single","resource":"noraset:fishing_rod_cast"},{"type":"single","resource":"bonitaset:shield"},{"type":"single","resource":"bonitaset:scythe"},{"type":"single","resource":"bonitaset:crossbow"},{"type":"single","resource":"bumble:easter/items/easterbunny_helmet"},{"type":"single","resource":"katana_set:katana_set/katana_orange"},{"type":"single","resource":"bumble:valerie/items/armor/valerie_boots"},{"type":"single","resource":"protocalset:shield"},{"type":"single","resource":"bumble:valerie/items/crossbow"},{"type":"single","resource":"bonitaset:staff"},{"type":"single","resource":"beatsset:animations/animations_greatsword"},{"type":"single","resource":"bumble:valerie/items/hoe"},{"type":"single","resource":"beatsset:helmet"},{"type":"single","resource":"katana_set:katana_set/katana_black"},{"type":"single","resource":"littleduckset:littleduck"},{"type":"single","resource":"littledragonset:crossbow_firework"},{"type":"single","resource":"protocalset:crossbow_2"},{"type":"single","resource":"protocalset:crossbow_1"},{"type":"single","resource":"elitecreatures:scarecrow_animated_weapon_set/scarecrow_helmet"},{"type":"single","resource":"beatsset:animations/animations_scythe"},{"type":"single","resource":"killburn_set:crossbow"},{"type":"single","resource":"littledragonset:wings"},{"type":"single","resource":"littledragonset:armor/littledragon_leggings_icon"},{"type":"single","resource":"littlepandaset:key"},{"type":"single","resource":"merry_christmasset:trident"},{"type":"single","resource":"summerset:animations/animations_shovel"},{"type":"single","resource":"killburn_set:emissive_texture/01"},{"type":"single","resource":"killburn_set:emissive_texture/02"},{"type":"single","resource":"bumble:easter/items/eff_01"},{"type":"single","resource":"bumble:easter/items/eff_02"},{"type":"single","resource":"bumble:easter/items/texture"},{"type":"single","resource":"littlepandaset:sword"},{"type":"single","resource":"beatsset:armor/beats_chestplate_icon"},{"type":"single","resource":"bonitaset:shovel"},{"type":"single","resource":"protocalset:trident"},{"type":"single","resource":"summerset:crossbow"},{"type":"single","resource":"littlepandaset:bow_1"},{"type":"single","resource":"merry_christmasset:crossbow"},{"type":"single","resource":"elitecreatures:collectibles_v5_16x/wiggly_puppies_inside_16"},{"type":"single","resource":"littlepandaset:bow_2"},{"type":"single","resource":"littleduckset:staff"},{"type":"single","resource":"bumble:valerie/items/pickaxe"},{"type":"single","resource":"merry_christmasset:axe"},{"type":"single","resource":"littledragonset:bow_2"},{"type":"single","resource":"bumble:valerie/items/sword"},{"type":"single","resource":"noraset:bow_1"},{"type":"single","resource":"littledragonset:bow_1"},{"type":"single","resource":"littledragonset:animations/animations_flame_03"},{"type":"single","resource":"noraset:bow_2"},{"type":"single","resource":"littledragonset:animations/animations_flame_04"},{"type":"single","resource":"littledragonset:animations/animations_flame_05"},{"type":"single","resource":"beatsset:animations/animations_trident"},{"type":"single","resource":"protocalset:hoe"},{"type":"single","resource":"littledragonset:shovel"},{"type":"single","resource":"littledragonset:sword"},{"type":"single","resource":"littlepandaset:pickaxe"},{"type":"single","resource":"noraset:sword"},{"type":"single","resource":"valentineset:trident"},{"type":"single","resource":"protocalset:armor/protocal_leggings_icon"},{"type":"single","resource":"elitecreatures:scarecrow_animated_weapon_set/scarecrow_leggings"},{"type":"single","resource":"thunderboltset:firework"},{"type":"single","resource":"merry_christmasset:spear"},{"type":"single","resource":"beatsset:greatsword"},{"type":"single","resource":"elitecreatures:collectibles_v5_16x/enchanting_unicorns_inside_16"},{"type":"single","resource":"beatsset:animations/animations_06"},{"type":"single","resource":"beatsset:animations/animations_05"},{"type":"single","resource":"beatsset:animations/animations_04"},{"type":"single","resource":"littledragonset:animations/animations_flame_01"},{"type":"single","resource":"littledragonset:animations/animations_flame_02"},{"type":"single","resource":"beatsset:animations/animations_07"},{"type":"single","resource":"littlepandaset:shovel"},{"type":"single","resource":"littledragonset:hoe"},{"type":"single","resource":"beatsset:animations/animations_vinyl_disc"},{"type":"single","resource":"bumble:saber/orange"},{"type":"single","resource":"bumble:valerie/items/animations/animation_1"},{"type":"single","resource":"littlepandaset:backpack"},{"type":"single","resource":"beatsset:animations/animations_02"},{"type":"single","resource":"noraset:helmet"},{"type":"single","resource":"thunderboltset:armor/thunderbolt_boots_icon"},{"type":"single","resource":"beatsset:animations/animations_01"},{"type":"single","resource":"beatsset:pickaxe"},{"type":"single","resource":"bumble:valerie/items/animations/animation_2"},{"type":"single","resource":"thunderboltset:animation_1"},{"type":"single","resource":"beatsset:armor/beats_boots_icon"},{"type":"single","resource":"thunderboltset:animation_3"},{"type":"single","resource":"thunderboltset:animation_2"},{"type":"single","resource":"beatsset:animations/animations_sword"},{"type":"single","resource":"merry_christmasset:detail"},{"type":"single","resource":"littledragonset:crossbow_1"},{"type":"single","resource":"bumble:easter/items/easterbunny_boots"},{"type":"single","resource":"littledragonset:crossbow_2"},{"type":"single","resource":"elitecreatures:collectibles_v5_16x/fluffy_owls_inside_16"},{"type":"single","resource":"thunderboltset:animation_4"},{"type":"single","resource":"summerset:armor/summer_helmet_icon"},{"type":"single","resource":"noraset:armor/nora_boots_icon"},{"type":"single","resource":"littledragonset:animations/animations_wings"},{"type":"single","resource":"valentineset:backpack"},{"type":"single","resource":"bumble:valerie/items/shovel"},{"type":"single","resource":"littleduckset:fishing_rod"},{"type":"single","resource":"bonitaset:pickaxe"},{"type":"single","resource":"noraset:wings"},{"type":"single","resource":"bumble:valerie/items/chest"},{"type":"single","resource":"elitecreatures:collectibles_v5_16x/ef_ferocious_dragons_long"},{"type":"single","resource":"bumble:valerie/items/bow_1"},{"type":"single","resource":"summerset:animations/spin_animations"},{"type":"single","resource":"littledragonset:helmet"},{"type":"single","resource":"summerset:animations/animations_greatsword"},{"type":"single","resource":"summerset:hoe"},{"type":"single","resource":"killburn_set:shield"},{"type":"single","resource":"killburn_set:armor/killburn_boots_icon"},{"type":"single","resource":"bonitaset:greatsword"},{"type":"single","resource":"killburn_set:animations/animation_8"},{"type":"single","resource":"bumble:valerie/items/bow_2"},{"type":"single","resource":"killburn_set:animations/animation_7"},{"type":"single","resource":"merry_christmasset:armor/merry_christmas_leggings_icon"},{"type":"single","resource":"littledragonset:armor/littledragon_boots_icon"},{"type":"single","resource":"noraset:chest"},{"type":"single","resource":"killburn_set:animations/animation_6"},{"type":"single","resource":"littleduckset:crossbow"},{"type":"single","resource":"killburn_set:animations/animation_5"},{"type":"single","resource":"killburn_set:spear"},{"type":"single","resource":"killburn_set:animations/animation_4"},{"type":"single","resource":"killburn_set:animations/animation_3"},{"type":"single","resource":"killburn_set:animations/animation_2"},{"type":"single","resource":"killburn_set:animations/animation_1"},{"type":"single","resource":"littleduckset:bow_1"},{"type":"single","resource":"littledragonset:crossbow"},{"type":"single","resource":"littleduckset:armor/littleduck_boots_icon"},{"type":"single","resource":"merry_christmasset:greatsword"},{"type":"single","resource":"littledragonset:chest"},{"type":"single","resource":"littleduckset:bow_2"},{"type":"single","resource":"valentineset:shovel"},{"type":"single","resource":"littledragonset:trident"},{"type":"single","resource":"bumble:saber/blue"},{"type":"single","resource":"littleduckset:hood"},{"type":"single","resource":"bonitaset:armor/bonita_chestplate_icon"},{"type":"single","resource":"_iainternal:icons/icon_back_orange"},{"type":"single","resource":"killburn_set:armor/killburn_helmet_icon"},{"type":"single","resource":"littleduckset:sword"},{"type":"single","resource":"valentineset:animations/animations_1"},{"type":"single","resource":"littleduckset:axe"},{"type":"single","resource":"noraset:pickaxe"},{"type":"single","resource":"beatsset:bow"},{"type":"single","resource":"bumble:easter/items/texture_animation_01"},{"type":"single","resource":"bumble:valerie/items/greatsword"},{"type":"single","resource":"bumble:valerie/items/armor/valerie_leggings"},{"type":"single","resource":"bumble:easter/items/texture_animation_02"},{"type":"single","resource":"littlepandaset:axe"},{"type":"single","resource":"bumble:saber/purple"},{"type":"single","resource":"bonitaset:bow"},{"type":"single","resource":"bonitaset:fishing_rod_cast"},{"type":"single","resource":"bumble:clown/bows/clown_bow"},{"type":"single","resource":"littleduckset:chest"}]}