{"credit":"Made by PolygonMC","texture_size":[8,8],"textures":{"1":"bonitaset:animations/animations_1","2":"bonitaset:axe","3":"bonitaset:animations/animations_4","particle":"bonitaset:animations/animations_1","main":"bonitaset:animations/animations_3"},"elements":[{"from":[7.5,1.07897,7.5],"to":[8.5,2.07897,8.5],"rotation":{"angle":0,"axis":"y","origin":[7.5,-3.39603,8.55]},"faces":{"north":{"uv":[9.33333,2,10,2.66667],"texture":"#2"},"east":{"uv":[9.33333,3.33333,10,4],"texture":"#2"},"south":{"uv":[9.33333,4,10,4.66667],"texture":"#2"},"west":{"uv":[9.33333,5.33333,10,6],"texture":"#2"},"up":{"uv":[10,6.66667,9.33333,6],"texture":"#2"}}},{"from":[7.5,5.225,7.5],"to":[8.5,6.225,8.5],"rotation":{"angle":0,"axis":"x","origin":[8,6.725,8.15]},"faces":{"north":{"uv":[7.33333,9.33333,8,10],"texture":"#2"},"east":{"uv":[9.33333,7.33333,10,8],"texture":"#2"},"south":{"uv":[8,9.33333,8.66667,10],"texture":"#2"},"west":{"uv":[9.33333,8,10,8.66667],"texture":"#2"},"down":{"uv":[9.33333,9.33333,8.66667,10],"texture":"#2"}}},{"from":[7.5,9.225,7.5],"to":[8.5,10.225,8.5],"rotation":{"angle":0,"axis":"y","origin":[7.5,8.225,7.5]},"faces":{"north":{"uv":[8,10,8.66667,10.66667],"texture":"#2"},"east":{"uv":[10,8,10.66667,8.66667],"texture":"#2"},"south":{"uv":[8.66667,10,9.33333,10.66667],"texture":"#2"},"west":{"uv":[10,8.66667,10.66667,9.33333],"texture":"#2"}}},{"from":[7.5,4.225,7.5],"to":[8.5,4.725,8.5],"rotation":{"angle":0,"axis":"x","origin":[8,3.65199,8.00452]},"faces":{"north":{"uv":[4,11.33333,4.66667,11.66667],"texture":"#2"},"east":{"uv":[11.33333,4,12,4.33333],"texture":"#2"},"south":{"uv":[4.66667,11.33333,5.33333,11.66667],"texture":"#2"},"west":{"uv":[11.33333,4.66667,12,5],"texture":"#2"},"up":{"uv":[10,10,9.33333,9.33333],"texture":"#2"},"down":{"uv":[0.66667,10,0,10.66667],"texture":"#2"}}},{"from":[7.5,2.57897,7.5],"to":[8.5,3.07897,8.5],"rotation":{"angle":0,"axis":"x","origin":[8,3.65199,7.99548]},"faces":{"north":{"uv":[5.33333,11.33333,6,11.66667],"texture":"#2"},"east":{"uv":[11.33333,5.33333,12,5.66667],"texture":"#2"},"south":{"uv":[6,11.33333,6.66667,11.66667],"texture":"#2"},"west":{"uv":[11.33333,6,12,6.33333],"texture":"#2"},"up":{"uv":[1.33333,10.66667,0.66667,10],"texture":"#2"},"down":{"uv":[2,10,1.33333,10.66667],"texture":"#2"}}},{"from":[7.4,3.047,7.39637],"to":[8.6,4.247,8.59637],"rotation":{"angle":-45,"axis":"x","origin":[8,3.65199,7.99672]},"faces":{"north":{"uv":[2,10,2.66667,10.66667],"texture":"#2"},"east":{"uv":[10,2,10.66667,2.66667],"texture":"#2"},"south":{"uv":[10,2.66667,10.66667,3.33333],"texture":"#2"},"west":{"uv":[10,3.33333,10.66667,4],"texture":"#2"},"up":{"uv":[10.66667,4.66667,10,4],"texture":"#2"},"down":{"uv":[10.66667,4.66667,10,5.33333],"texture":"#2"}}},{"from":[7.6,2.07897,7.6],"to":[8.4,2.57897,8.4],"rotation":{"angle":0,"axis":"x","origin":[8,3.65199,7.99548]},"faces":{"north":{"uv":[6.66667,11.33333,7.33333,11.66667],"texture":"#2"},"east":{"uv":[11.33333,6.66667,12,7],"texture":"#2"},"south":{"uv":[7.33333,11.33333,8,11.66667],"texture":"#2"},"west":{"uv":[11.33333,7.33333,12,7.66667],"texture":"#2"}}},{"from":[7.6,4.725,7.6],"to":[8.4,5.225,8.4],"rotation":{"angle":0,"axis":"x","origin":[8,3.65199,8.00452]},"faces":{"north":{"uv":[8,11.33333,8.66667,11.66667],"texture":"#2"},"east":{"uv":[11.33333,8,12,8.33333],"texture":"#2"},"south":{"uv":[8.66667,11.33333,9.33333,11.66667],"texture":"#2"},"west":{"uv":[11.33333,8.66667,12,9],"texture":"#2"}}},{"from":[7.75,0.11254,6.94818],"to":[8.25,1.11254,7.94818],"rotation":{"angle":22.5,"axis":"x","origin":[8,1.23632,7.98062]},"faces":{"north":{"uv":[11.33333,11.33333,11.66667,12],"texture":"#2"},"east":{"uv":[7.33333,10,8,10.66667],"texture":"#2"},"south":{"uv":[12,0,12.33333,0.66667],"texture":"#2"},"west":{"uv":[10,7.33333,10.66667,8],"texture":"#2"},"up":{"uv":[12.33333,1.33333,12,0.66667],"texture":"#2"},"down":{"uv":[12.33333,1.33333,12,2],"texture":"#2"}}},{"from":[7.752,1.17173,6.45595],"to":[8.248,2.22173,7.18095],"rotation":{"angle":-22.5,"axis":"x","origin":[8,1.23632,7.98062]},"faces":{"north":{"uv":[11.33333,9.33333,11.66667,10],"texture":"#2"},"east":{"uv":[10,11.33333,10.33333,12],"texture":"#2"},"south":{"uv":[11.33333,10,11.66667,10.66667],"texture":"#2"},"west":{"uv":[11.33333,10.66667,11.66667,11.33333],"texture":"#2"},"up":{"uv":[10.33333,12.33333,10,12],"texture":"#2"}}},{"from":[7.752,1.17173,8.81905],"to":[8.248,2.22173,9.54405],"rotation":{"angle":22.5,"axis":"x","origin":[8,1.23632,8.01938]},"faces":{"north":{"uv":[11.66667,10,11.33333,10.66667],"texture":"#2"},"east":{"uv":[10.33333,11.33333,10,12],"texture":"#2"},"south":{"uv":[11.66667,9.33333,11.33333,10],"texture":"#2"},"west":{"uv":[11.66667,10.66667,11.33333,11.33333],"texture":"#2"},"up":{"uv":[10.33333,12,10,12.33333],"texture":"#2"}}},{"from":[7.75,0.11254,8.05182],"to":[8.25,1.11254,9.05182],"rotation":{"angle":-22.5,"axis":"x","origin":[8,1.23632,8.01938]},"faces":{"north":{"uv":[12.33333,0,12,0.66667],"texture":"#2"},"east":{"uv":[8,10,7.33333,10.66667],"texture":"#2"},"south":{"uv":[11.66667,11.33333,11.33333,12],"texture":"#2"},"west":{"uv":[10.66667,7.33333,10,8],"texture":"#2"},"up":{"uv":[12.33333,0.66667,12,1.33333],"texture":"#2"},"down":{"uv":[12.33333,2,12,1.33333],"texture":"#2"}}},{"from":[7.405,0.3916,7.66275],"to":[8.595,1.5816,8.85275],"rotation":{"angle":45,"axis":"x","origin":[8,1.23632,7.98062]},"faces":{"north":{"uv":[5.33333,10,6,10.66667],"texture":"#2"},"east":{"uv":[10,5.33333,10.66667,6],"texture":"#2"},"south":{"uv":[6,10,6.66667,10.66667],"texture":"#2"},"west":{"uv":[10,6,10.66667,6.66667],"texture":"#2"},"up":{"uv":[7.33333,10.66667,6.66667,10],"texture":"#2"},"down":{"uv":[10.66667,6.66667,10,7.33333],"texture":"#2"}}},{"from":[7.4,9.975,7.25],"to":[8.6,11.725,9],"rotation":{"angle":-45,"axis":"x","origin":[8,10.725,8]},"faces":{"north":{"uv":[8.66667,0,9.33333,1.33333],"texture":"#2"},"east":{"uv":[2.66667,13,4,14.33333],"texture":"#2"},"south":{"uv":[1.33333,8.66667,2,10],"texture":"#2"},"west":{"uv":[6.66667,3.33333,8,4.66667],"texture":"#2"},"up":{"uv":[9.33333,2.66667,8.66667,1.33333],"texture":"#2"},"down":{"uv":[2.66667,8.66667,2,10],"texture":"#2"}}},{"from":[7.15,10.225,7.5],"to":[8.85,11.475,8.75],"rotation":{"angle":-45,"axis":"x","origin":[8,10.725,8]},"faces":{"north":{"uv":[4.33333,13,5.33333,14],"texture":"#2"},"east":{"uv":[5.33333,7.33333,6.33333,8.33333],"texture":"#2"},"south":{"uv":[6.66667,7.33333,7.66667,8.33333],"texture":"#2"},"west":{"uv":[2.66667,8,3.66667,9],"texture":"#2"},"up":{"uv":[9,4.33333,8,3.33333],"texture":"#2"},"down":{"uv":[5,8,4,9],"texture":"#2"}}},{"from":[7.35,6.225,7.35],"to":[8.65,9.225,8.65],"rotation":{"angle":0,"axis":"x","origin":[8,6.725,8.15]},"faces":{"north":{"uv":[5.33333,3.33333,6.33333,5.33333],"texture":"#2"},"east":{"uv":[5.33333,5.33333,6.33333,7.33333],"texture":"#2"},"south":{"uv":[0,13,1,15],"texture":"#2"},"west":{"uv":[1.33333,13,2.33333,15],"texture":"#2"},"up":{"uv":[9,8.33333,8,7.33333],"texture":"#2"},"down":{"uv":[1,8.66667,0,9.66667],"texture":"#2"}}},{"from":[7.75,11.84365,3.9794],"to":[8.25,12.84365,5.4794],"rotation":{"angle":22.5,"axis":"x","origin":[8,12.34365,3.9794]},"faces":{"east":{"uv":[8.66667,8.66667,9.66667,9.33333],"texture":"#2"},"west":{"uv":[9.33333,0,10.33333,0.66667],"texture":"#2"},"up":{"uv":[2.33333,12.33333,2,11.33333],"texture":"#2"},"down":{"uv":[3,11.33333,2.66667,12.33333],"texture":"#2"}}},{"from":[7.75,11.79592,2.58095],"to":[8.25,12.79592,3.58095],"rotation":{"angle":-45,"axis":"x","origin":[8,13.29592,3.08095]},"faces":{"north":{"uv":[12,2,12.33333,2.66667],"texture":"#2"},"east":{"uv":[9.33333,10,10,10.66667],"texture":"#2"},"south":{"uv":[12,2.66667,12.33333,3.33333],"texture":"#2"},"west":{"uv":[10,9.33333,10.66667,10],"texture":"#2"}}},{"from":[7.75,10.80768,6.46677],"to":[8.25,11.80768,7.46677],"rotation":{"angle":-45,"axis":"x","origin":[8,12.30768,6.96677]},"faces":{"east":{"uv":[10.66667,8,11.33333,8.66667],"texture":"#2"},"south":{"uv":[12,7.33333,12.33333,8],"texture":"#2"},"west":{"uv":[8.66667,10.66667,9.33333,11.33333],"texture":"#2"}}},{"from":[7.75,12.66598,2.46887],"to":[8.25,13.66598,3.46887],"rotation":{"angle":-22.5,"axis":"x","origin":[8,14.16598,2.96887]},"faces":{"north":{"uv":[12,3.33333,12.33333,4],"texture":"#2"},"east":{"uv":[10,10,10.66667,10.66667],"texture":"#2"},"south":{"uv":[4,12,4.33333,12.66667],"texture":"#2"},"west":{"uv":[0,10.66667,0.66667,11.33333],"texture":"#2"},"up":{"uv":[12.33333,4.66667,12,4],"texture":"#2"}}},{"from":[7.75,8.95635,3.9794],"to":[8.25,9.95635,5.4794],"rotation":{"angle":-22.5,"axis":"x","origin":[8,9.45635,3.9794]},"faces":{"east":{"uv":[9.33333,0.66667,10.33333,1.33333],"texture":"#2"},"west":{"uv":[9.33333,1.33333,10.33333,2],"texture":"#2"},"up":{"uv":[11.66667,3.66667,11.33333,2.66667],"texture":"#2"},"down":{"uv":[3.66667,11.33333,3.33333,12.33333],"texture":"#2"}}},{"from":[7.75,9.49232,5.17388],"to":[8.25,10.49232,7.67388],"rotation":{"angle":0,"axis":"x","origin":[8,9.99232,5.17388]},"faces":{"east":{"uv":[6.66667,4.66667,8.33333,5.33333],"texture":"#2"},"west":{"uv":[6.66667,5.33333,8.33333,6],"texture":"#2"},"up":{"uv":[3,11,2.66667,9.33333],"texture":"#2"},"down":{"uv":[3.66667,9.33333,3.33333,11],"texture":"#2"}}},{"from":[7.75,11.30768,5.17388],"to":[8.25,12.30768,7.67388],"rotation":{"angle":0,"axis":"x","origin":[8,11.80768,5.17388]},"faces":{"east":{"uv":[6.66667,6,8.33333,6.66667],"texture":"#2"},"west":{"uv":[6.66667,6.66667,8.33333,7.33333],"texture":"#2"},"up":{"uv":[4.33333,11,4,9.33333],"texture":"#2"},"down":{"uv":[5,9.33333,4.66667,11],"texture":"#2"}}},{"from":[7.75,9.00408,2.58095],"to":[8.25,10.00408,3.58095],"rotation":{"angle":45,"axis":"x","origin":[8,8.50408,3.08095]},"faces":{"north":{"uv":[12,5.33333,12.33333,6],"texture":"#2"},"east":{"uv":[10.66667,0.66667,11.33333,1.33333],"texture":"#2"},"south":{"uv":[6,12,6.33333,12.66667],"texture":"#2"},"west":{"uv":[1.33333,10.66667,2,11.33333],"texture":"#2"}}},{"from":[7.75,8.13402,2.46887],"to":[8.25,9.13402,3.46887],"rotation":{"angle":22.5,"axis":"x","origin":[8,7.63402,2.96887]},"faces":{"north":{"uv":[4.66667,12,5,12.66667],"texture":"#2"},"east":{"uv":[10.66667,0,11.33333,0.66667],"texture":"#2"},"south":{"uv":[12,4.66667,12.33333,5.33333],"texture":"#2"},"west":{"uv":[0.66667,10.66667,1.33333,11.33333],"texture":"#2"},"down":{"uv":[5.66667,12,5.33333,12.66667],"texture":"#2"}}},{"from":[7.985,5.9,0.4],"to":[8.015,15.9,7.9],"rotation":{"angle":0,"axis":"y","origin":[7.985,-1.75,0.4]},"faces":{"east":{"uv":[5,0,0,6.66667],"texture":"#2"},"west":{"uv":[0,0,5,6.66667],"texture":"#2"}}},{"from":[7,9.51053,6.25],"to":[7,13.01053,9.75],"rotation":{"angle":45,"axis":"x","origin":[7,11.26053,8]},"faces":{"west":{"uv":[0,0,7,7],"texture":"#1"}}},{"from":[9,9.51053,6.25],"to":[9,13.01053,9.75],"rotation":{"angle":45,"axis":"x","origin":[9,11.26053,8]},"faces":{"east":{"uv":[7,0,0,7],"texture":"#1"}}},{"from":[7.77411,8.625,8.80068],"to":[7.80411,13.625,13.30068],"rotation":{"angle":-45,"axis":"y","origin":[7.80411,8.625,8.80068]},"faces":{"east":{"uv":[4.5,0,0,5],"texture":"#main"},"west":{"uv":[0,0,4.5,5],"texture":"#main"}}},{"from":[7.77411,8.625,8.80068],"to":[7.80411,13.625,13.30068],"rotation":{"angle":-22.5,"axis":"y","origin":[7.80411,8.625,8.80068]},"faces":{"east":{"uv":[12.5,0,8,5],"texture":"#main"},"west":{"uv":[8,0,12.5,5],"texture":"#main"}}},{"from":[7.77411,8.625,8.80068],"to":[7.80411,13.625,13.30068],"rotation":{"angle":0,"axis":"y","origin":[7.80411,8.625,8.80068]},"faces":{"east":{"uv":[4.5,8,0,13],"texture":"#main"},"west":{"uv":[0,8,4.5,13],"texture":"#main"}}},{"from":[8.19589,8.625,8.80068],"to":[8.22589,13.625,13.30068],"rotation":{"angle":45,"axis":"y","origin":[8.19589,8.625,8.80068]},"faces":{"east":{"uv":[4.5,0,0,5],"texture":"#main"},"west":{"uv":[0,0,4.5,5],"texture":"#main"}}},{"from":[8.19589,8.625,8.80068],"to":[8.22589,13.625,13.30068],"rotation":{"angle":22.5,"axis":"y","origin":[8.19589,8.625,8.80068]},"faces":{"east":{"uv":[12.5,0,8,5],"texture":"#main"},"west":{"uv":[8,0,12.5,5],"texture":"#main"}}},{"from":[8.19589,8.625,8.80068],"to":[8.22589,13.625,13.30068],"rotation":{"angle":0,"axis":"y","origin":[8.19589,8.625,8.80068]},"faces":{"east":{"uv":[4.5,8,0,13],"texture":"#main"},"west":{"uv":[0,8,4.5,13],"texture":"#main"}}},{"from":[7.5,6.75,-1.5],"to":[7.5,14.75,6.5],"rotation":{"angle":0,"axis":"y","origin":[7.5,6.75,-1.5]},"faces":{"west":{"uv":[0,0,16,16],"texture":"#3"}}},{"from":[8.5,6.75,-1.5],"to":[8.5,14.75,6.5],"rotation":{"angle":0,"axis":"y","origin":[8.5,6.75,-1.5]},"faces":{"east":{"uv":[16,0,0,16],"texture":"#3"}}}],"gui_light":"front","display":{"thirdperson_righthand":{"translation":[0,2.25,1]},"thirdperson_lefthand":{"translation":[0,2.25,1]},"firstperson_righthand":{"rotation":[-10,0,0],"translation":[0,4.25,1.75]},"firstperson_lefthand":{"rotation":[-10,0,0],"translation":[0,4.25,1.75]},"ground":{"rotation":[-45,0,0],"translation":[0,8.25,0]},"gui":{"rotation":[-90,45,90],"translation":[1.5,-0.25,0]},"head":{"rotation":[90,-90,90]},"fixed":{"rotation":[0,-90,0],"translation":[0,4.25,-1.5],"scale":[2.5,2.5,2.5]}}}