{"credit":"Made by PolygonMC","texture_size":[24,24],"textures":{"1":"bonitaset:animations/animations_1","2":"bonitaset:helmet","particle":"bonitaset:animations/animations_1","main":"bonitaset:animations/animations_3"},"elements":[{"from":[5,7.25,5],"to":[7,9.25,6],"rotation":{"angle":0,"axis":"y","origin":[5,7.25,5]},"faces":{"north":{"uv":[0.66667,8.66667,2,10],"texture":"#2"},"east":{"uv":[7.33333,8.66667,8,10],"texture":"#2"},"south":{"uv":[8.66667,0.66667,10,2],"texture":"#2"},"west":{"uv":[8.66667,9.33333,9.33333,10.66667],"texture":"#2"},"up":{"uv":[10.66667,10,9.33333,9.33333],"texture":"#2"},"down":{"uv":[2,10,0.66667,10.66667],"texture":"#2"}}},{"from":[5,11.25,4.9],"to":[7,13.25,4.9],"rotation":{"angle":0,"axis":"y","origin":[5,11.25,4.9]},"faces":{"north":{"uv":[3.33333,12,4.66667,13.33333],"texture":"#2"}}},{"from":[9,11.25,4.9],"to":[11,13.25,4.9],"rotation":{"angle":0,"axis":"y","origin":[11,11.25,4.9]},"faces":{"north":{"uv":[4.66667,12,3.33333,13.33333],"texture":"#2"}}},{"from":[6,7.25,10],"to":[10,13.25,11],"rotation":{"angle":0,"axis":"y","origin":[6,7.25,10]},"faces":{"north":{"uv":[0,0,2.66667,4],"texture":"#2"},"south":{"uv":[2.66667,0,5.33333,4],"texture":"#2"},"up":{"uv":[10.66667,5.33333,8,4.66667],"texture":"#2"},"down":{"uv":[11.33333,2,8.66667,2.66667],"texture":"#2"}}},{"from":[6,6.25,5],"to":[7,7.25,6],"rotation":{"angle":0,"axis":"y","origin":[5,5.25,5]},"faces":{"north":{"uv":[0.66667,10.66667,1.33333,11.33333],"texture":"#2"},"east":{"uv":[10.66667,0.66667,11.33333,1.33333],"texture":"#2"},"south":{"uv":[1.33333,10.66667,2,11.33333],"texture":"#2"},"west":{"uv":[10.66667,1.33333,11.33333,2],"texture":"#2"},"down":{"uv":[11.33333,2.66667,10.66667,3.33333],"texture":"#2"}}},{"from":[5,11.25,5],"to":[11,13.25,6],"rotation":{"angle":0,"axis":"y","origin":[11,10.25,5]},"faces":{"north":{"uv":[5.33333,5.33333,9.33333,6.66667],"texture":"#2"},"east":{"uv":[10,2.66667,10.66667,4],"texture":"#2"},"south":{"uv":[0,6.66667,4,8],"texture":"#2"},"west":{"uv":[4.66667,10,5.33333,11.33333],"texture":"#2"},"up":{"uv":[4,8.66667,0,8],"texture":"#2"},"down":{"uv":[12,0,8,0.66667],"texture":"#2"}}},{"from":[6,12.25,6],"to":[10,13.25,10],"rotation":{"angle":0,"axis":"y","origin":[11,10.25,6]},"faces":{"up":{"uv":[8,2.66667,5.33333,0],"texture":"#2"},"down":{"uv":[8,2.66667,5.33333,5.33333],"texture":"#2"}}},{"from":[5,9.25,7],"to":[6,13.25,11],"rotation":{"angle":0,"axis":"y","origin":[5,8.25,6]},"faces":{"north":{"uv":[2,8.66667,2.66667,11.33333],"texture":"#2"},"east":{"uv":[0,4,2.66667,6.66667],"texture":"#2"},"south":{"uv":[2.66667,8.66667,3.33333,11.33333],"texture":"#2"},"west":{"uv":[2.66667,4,5.33333,6.66667],"texture":"#2"},"up":{"uv":[4,11.33333,3.33333,8.66667],"texture":"#2"}}},{"from":[5,7.25,6],"to":[6,9.25,11],"rotation":{"angle":0,"axis":"y","origin":[5,7.25,6]},"faces":{"east":{"uv":[4,6.66667,7.33333,8],"texture":"#2"},"south":{"uv":[10,0.66667,10.66667,2],"texture":"#2"},"west":{"uv":[7.33333,6.66667,10.66667,8],"texture":"#2"},"up":{"uv":[8.66667,4,8,0.66667],"texture":"#2"},"down":{"uv":[4.66667,8,4,11.33333],"texture":"#2"}}},{"from":[5,11.25,6],"to":[6,13.25,7],"rotation":{"angle":0,"axis":"y","origin":[5,10.25,6]},"faces":{"east":{"uv":[5.33333,10,6,11.33333],"texture":"#2"},"west":{"uv":[6,10,6.66667,11.33333],"texture":"#2"},"up":{"uv":[10,10.66667,9.33333,10],"texture":"#2"},"down":{"uv":[10.66667,10,10,10.66667],"texture":"#2"}}},{"from":[4.5,9.5,8.25],"to":[5,11,9.75],"rotation":{"angle":-45,"axis":"x","origin":[4.5,10.25,9]},"faces":{"north":{"uv":[10.66667,4.66667,11,5.66667],"texture":"#2"},"east":{"uv":[6,8.66667,7,9.66667],"texture":"#2"},"south":{"uv":[10.66667,6,11,7],"texture":"#2"},"west":{"uv":[8.66667,8,9.66667,9],"texture":"#2"},"up":{"uv":[9,11.66667,8.66667,10.66667],"texture":"#2"},"down":{"uv":[9.66667,10.66667,9.33333,11.66667],"texture":"#2"}}},{"from":[9,7.25,5],"to":[11,9.25,6],"rotation":{"angle":0,"axis":"y","origin":[11,7.25,5]},"faces":{"north":{"uv":[2,8.66667,0.66667,10],"texture":"#2"},"east":{"uv":[9.33333,9.33333,8.66667,10.66667],"texture":"#2"},"south":{"uv":[10,0.66667,8.66667,2],"texture":"#2"},"west":{"uv":[8,8.66667,7.33333,10],"texture":"#2"},"up":{"uv":[9.33333,10,10.66667,9.33333],"texture":"#2"},"down":{"uv":[0.66667,10,2,10.66667],"texture":"#2"}}},{"from":[10,7.25,6],"to":[11,9.25,11],"rotation":{"angle":0,"axis":"y","origin":[11,7.25,6]},"faces":{"east":{"uv":[10.66667,6.66667,7.33333,8],"texture":"#2"},"south":{"uv":[10.66667,0.66667,10,2],"texture":"#2"},"west":{"uv":[7.33333,6.66667,4,8],"texture":"#2"},"up":{"uv":[8,4,8.66667,0.66667],"texture":"#2"},"down":{"uv":[4,8,4.66667,11.33333],"texture":"#2"}}},{"from":[11.25,7.5,5],"to":[11.25,9.5,10],"rotation":{"angle":0,"axis":"y","origin":[12.25,7.5,5]},"faces":{"east":{"uv":[3.33333,12.33333,0,13.66667],"texture":"#2"}}},{"from":[8.3,13.5,6],"to":[10.3,13.5,11],"rotation":{"angle":0,"axis":"z","origin":[9.3,13.5,8.5]},"faces":{"up":{"uv":[3.33333,12.33333,0,13.66667],"rotation":270,"texture":"#2"}}},{"from":[5.7,13.5,6],"to":[7.7,13.5,11],"rotation":{"angle":0,"axis":"z","origin":[6.7,13.5,8.5]},"faces":{"up":{"uv":[3.33333,13.66667,0,12.33333],"rotation":270,"texture":"#2"}}},{"from":[8.7,7.25,11.25],"to":[10.7,12.25,11.25],"rotation":{"angle":0,"axis":"x","origin":[9.7,9.75,11.25]},"faces":{"south":{"uv":[3.33333,13.66667,0,12.33333],"rotation":270,"texture":"#2"}}},{"from":[5.3,7.25,11.25],"to":[7.3,12.25,11.25],"rotation":{"angle":0,"axis":"x","origin":[6.3,9.75,11.25]},"faces":{"south":{"uv":[3.33333,12.33333,0,13.66667],"rotation":270,"texture":"#2"}}},{"from":[4.75,7.5,5],"to":[4.75,9.5,10],"rotation":{"angle":0,"axis":"y","origin":[3.75,7.5,5]},"faces":{"west":{"uv":[0,12.33333,3.33333,13.66667],"texture":"#2"}}},{"from":[9,6.25,5],"to":[10,7.25,6],"rotation":{"angle":0,"axis":"y","origin":[11,5.25,5]},"faces":{"north":{"uv":[1.33333,10.66667,0.66667,11.33333],"texture":"#2"},"east":{"uv":[11.33333,1.33333,10.66667,2],"texture":"#2"},"south":{"uv":[2,10.66667,1.33333,11.33333],"texture":"#2"},"west":{"uv":[11.33333,0.66667,10.66667,1.33333],"texture":"#2"},"down":{"uv":[10.66667,2.66667,11.33333,3.33333],"texture":"#2"}}},{"from":[10,9.25,7],"to":[11,13.25,11],"rotation":{"angle":0,"axis":"y","origin":[11,8.25,6]},"faces":{"north":{"uv":[2.66667,8.66667,2,11.33333],"texture":"#2"},"east":{"uv":[5.33333,4,2.66667,6.66667],"texture":"#2"},"south":{"uv":[3.33333,8.66667,2.66667,11.33333],"texture":"#2"},"west":{"uv":[2.66667,4,0,6.66667],"texture":"#2"},"up":{"uv":[3.33333,11.33333,4,8.66667],"texture":"#2"}}},{"from":[11,9.5,8.25],"to":[11.5,11,9.75],"rotation":{"angle":-45,"axis":"x","origin":[11.5,10.25,9]},"faces":{"north":{"uv":[11,4.66667,10.66667,5.66667],"texture":"#2"},"east":{"uv":[9.66667,8,8.66667,9],"texture":"#2"},"south":{"uv":[11,6,10.66667,7],"texture":"#2"},"west":{"uv":[7,8.66667,6,9.66667],"texture":"#2"},"up":{"uv":[8.66667,11.66667,9,10.66667],"texture":"#2"},"down":{"uv":[9.33333,10.66667,9.66667,11.66667],"texture":"#2"}}},{"from":[10,11.25,6],"to":[11,13.25,7],"rotation":{"angle":0,"axis":"y","origin":[11,10.25,6]},"faces":{"east":{"uv":[6.66667,10,6,11.33333],"texture":"#2"},"west":{"uv":[6,10,5.33333,11.33333],"texture":"#2"},"up":{"uv":[9.33333,10.66667,10,10],"texture":"#2"},"down":{"uv":[10,10,10.66667,10.66667],"texture":"#2"}}},{"from":[7,12,4.75],"to":[9,14,5.75],"rotation":{"angle":45,"axis":"z","origin":[8,13,4.75]},"faces":{"north":{"uv":[8.66667,2.66667,10,4],"texture":"#2"},"east":{"uv":[6.66667,10,7.33333,11.33333],"texture":"#2"},"south":{"uv":[4.66667,8.66667,6,10],"texture":"#2"},"west":{"uv":[7.33333,10,8,11.33333],"texture":"#2"},"up":{"uv":[11.33333,8.66667,10,8],"texture":"#2"},"down":{"uv":[11.33333,8.66667,10,9.33333],"texture":"#2"}}},{"from":[7.25,12.25,4.5],"to":[8.75,13.75,4.75],"rotation":{"angle":45,"axis":"z","origin":[8,13,3.75]},"faces":{"north":{"uv":[9.33333,5.33333,10.33333,6.33333],"texture":"#2"},"east":{"uv":[10.66667,9.33333,11,10.33333],"texture":"#2"},"west":{"uv":[10,10.66667,10.33333,11.66667],"texture":"#2"},"up":{"uv":[11.66667,7.66667,10.66667,7.33333],"texture":"#2"},"down":{"uv":[11.66667,10.66667,10.66667,11],"texture":"#2"}}},{"from":[7.5,13,5.75],"to":[8.5,14,10.75],"rotation":{"angle":45,"axis":"z","origin":[8,13.5,5.75]},"faces":{"east":{"uv":[8,4,11.33333,4.66667],"texture":"#2"},"south":{"uv":[10.66667,3.33333,11.33333,4],"texture":"#2"},"west":{"uv":[4.66667,8,8,8.66667],"texture":"#2"},"up":{"uv":[8.66667,11.33333,8,8],"texture":"#2"},"down":{"uv":[0.66667,8.66667,0,12],"texture":"#2"}}},{"from":[6.25,11.51053,4.5],"to":[9.75,15.01053,4.5],"rotation":{"angle":45,"axis":"z","origin":[8,13.26053,4.5]},"faces":{"north":{"uv":[0,0,7,7],"texture":"#1"}}},{"from":[4.77411,7.875,9.55068],"to":[4.80411,12.875,14.05068],"rotation":{"angle":-45,"axis":"y","origin":[4.80411,7.875,9.55068]},"faces":{"east":{"uv":[4.5,0,0,5],"texture":"#main"},"west":{"uv":[0,0,4.5,5],"texture":"#main"}}},{"from":[4.77411,7.875,9.55068],"to":[4.80411,12.875,14.05068],"rotation":{"angle":-22.5,"axis":"y","origin":[4.80411,7.875,9.55068]},"faces":{"east":{"uv":[12.5,0,8,5],"texture":"#main"},"west":{"uv":[8,0,12.5,5],"texture":"#main"}}},{"from":[4.77411,7.875,9.55068],"to":[4.80411,12.875,14.05068],"rotation":{"angle":0,"axis":"y","origin":[4.80411,7.875,9.55068]},"faces":{"east":{"uv":[4.5,8,0,13],"texture":"#main"},"west":{"uv":[0,8,4.5,13],"texture":"#main"}}},{"from":[11.19589,7.875,9.55068],"to":[11.22589,12.875,14.05068],"rotation":{"angle":45,"axis":"y","origin":[11.19589,7.875,9.55068]},"faces":{"east":{"uv":[4.5,0,0,5],"texture":"#main"},"west":{"uv":[0,0,4.5,5],"texture":"#main"}}},{"from":[11.19589,7.875,9.55068],"to":[11.22589,12.875,14.05068],"rotation":{"angle":22.5,"axis":"y","origin":[11.19589,7.875,9.55068]},"faces":{"east":{"uv":[12.5,0,8,5],"texture":"#main"},"west":{"uv":[8,0,12.5,5],"texture":"#main"}}},{"from":[11.19589,7.875,9.55068],"to":[11.22589,12.875,14.05068],"rotation":{"angle":0,"axis":"y","origin":[11.19589,7.875,9.55068]},"faces":{"east":{"uv":[4.5,8,0,13],"texture":"#main"},"west":{"uv":[0,8,4.5,13],"texture":"#main"}}}],"gui_light":"front","display":{"thirdperson_righthand":{"rotation":[51,0,0]},"thirdperson_lefthand":{"rotation":[51,0,0]},"firstperson_righthand":{"rotation":[-10,180,0],"translation":[-1,2.25,1.75]},"firstperson_lefthand":{"rotation":[-10,180,0],"translation":[-1,2.25,1.75]},"ground":{"rotation":[25,0,0],"translation":[0,6.25,0]},"gui":{"rotation":[0,180,0],"translation":[0,-3.25,0],"scale":[1.48828,1.48828,1.48828]},"head":{"translation":[0,-5,0],"scale":[2.43555,2.43555,2.43555]},"fixed":{"rotation":[-90,0,0],"translation":[0,0,-4.5],"scale":[2.5,2.5,2.5]}}}