{"credit":"Made by PolygonMC","textures":{"1":"bonitaset:key","main":"bonitaset:animations/animations_3","particle":"bonitaset:key"},"elements":[{"from":[7.35,7.5,9.125],"to":[8.65,9.5,11.125],"rotation":{"angle":-45,"axis":"x","origin":[8,8.5,10.125]},"faces":{"north":{"uv":[2,0,3.5,2],"texture":"#1"},"east":{"uv":[0,0,2,2],"texture":"#1"},"south":{"uv":[2,2,3.5,4],"texture":"#1"},"west":{"uv":[0,2,2,4],"texture":"#1"},"up":{"uv":[1.5,6,0,4],"texture":"#1"},"down":{"uv":[5.5,0,4,2],"texture":"#1"}}},{"from":[7,7.75,9.375],"to":[9,9.25,10.875],"rotation":{"angle":-45,"axis":"x","origin":[8,8.5,10.125]},"faces":{"north":{"uv":[2,4,4,5.5],"texture":"#1"},"east":{"uv":[6,0,7.5,1.5],"texture":"#1"},"south":{"uv":[4,2,6,3.5],"texture":"#1"},"west":{"uv":[2,6,3.5,7.5],"texture":"#1"},"up":{"uv":[6,5.5,4,4],"texture":"#1"},"down":{"uv":[2,6,0,7.5],"texture":"#1"}}},{"from":[7.5,8,8.375],"to":[8.5,9,9.375],"rotation":{"angle":0,"axis":"y","origin":[7.5,8,7.375]},"faces":{"north":{"uv":[6,7,7,8],"texture":"#1"},"east":{"uv":[7,7,8,8],"texture":"#1"},"west":{"uv":[0,8,1,9],"texture":"#1"},"up":{"uv":[9,1,8,0],"texture":"#1"},"down":{"uv":[2,8,1,9],"texture":"#1"}}},{"from":[7.5,8,4.375],"to":[8.5,9,6.375],"rotation":{"angle":0,"axis":"y","origin":[7.5,8,4.375]},"faces":{"north":{"uv":[8,1,9,2],"texture":"#1"},"east":{"uv":[5,6,7,7],"texture":"#1"},"south":{"uv":[2,8,3,9],"texture":"#1"},"west":{"uv":[7,4,9,5],"texture":"#1"},"up":{"uv":[6,9,5,7],"texture":"#1"},"down":{"uv":[8,5,7,7],"texture":"#1"}}},{"from":[7.75,7,4.625],"to":[8.25,8,5.125],"rotation":{"angle":0,"axis":"y","origin":[7.5,7,4.625]},"faces":{"north":{"uv":[8,2,8.5,3],"texture":"#1"},"east":{"uv":[3,8,3.5,9],"texture":"#1"},"south":{"uv":[8,3,8.5,4],"texture":"#1"},"west":{"uv":[4,8,4.5,9],"texture":"#1"},"down":{"uv":[8.5,7,8,7.5],"texture":"#1"}}},{"from":[7.75,7,5.625],"to":[8.25,8,6.125],"rotation":{"angle":0,"axis":"y","origin":[7.5,7,5.625]},"faces":{"north":{"uv":[8,5,8.5,6],"texture":"#1"},"east":{"uv":[6,8,6.5,9],"texture":"#1"},"south":{"uv":[8,6,8.5,7],"texture":"#1"},"west":{"uv":[7,8,7.5,9],"texture":"#1"},"down":{"uv":[1.5,9,1,9.5],"texture":"#1"}}},{"from":[7.75,7.5,5.125],"to":[8.25,8,5.625],"rotation":{"angle":0,"axis":"y","origin":[7.5,7,5.125]},"faces":{"east":{"uv":[8,8,8.5,8.5],"texture":"#1"},"west":{"uv":[0,9,0.5,9.5],"texture":"#1"},"down":{"uv":[9.5,0,9,0.5],"texture":"#1"}}},{"from":[7.6,8.1,6.375],"to":[8.4,8.9,8.375],"rotation":{"angle":0,"axis":"y","origin":[7.5,8,6.375]},"faces":{"east":{"uv":[6,2,8,3],"texture":"#1"},"west":{"uv":[6,3,8,4],"texture":"#1"},"up":{"uv":[5,8,4,6],"texture":"#1"},"down":{"uv":[7,4,6,6],"texture":"#1"}}},{"from":[7.77411,6.125,11.05068],"to":[7.80411,11.125,15.55068],"rotation":{"angle":-45,"axis":"y","origin":[7.80411,6.125,11.05068]},"faces":{"east":{"uv":[4.5,0,0,5],"texture":"#main"},"west":{"uv":[0,0,4.5,5],"texture":"#main"}}},{"from":[7.77411,6.125,11.05068],"to":[7.80411,11.125,15.55068],"rotation":{"angle":-22.5,"axis":"y","origin":[7.80411,6.125,11.05068]},"faces":{"east":{"uv":[12.5,0,8,5],"texture":"#main"},"west":{"uv":[8,0,12.5,5],"texture":"#main"}}},{"from":[7.77411,6.125,11.05068],"to":[7.80411,11.125,15.55068],"rotation":{"angle":0,"axis":"y","origin":[7.80411,6.125,11.05068]},"faces":{"east":{"uv":[4.5,8,0,13],"texture":"#main"},"west":{"uv":[0,8,4.5,13],"texture":"#main"}}},{"from":[8.19589,6.125,11.05068],"to":[8.22589,11.125,15.55068],"rotation":{"angle":45,"axis":"y","origin":[8.19589,6.125,11.05068]},"faces":{"east":{"uv":[4.5,0,0,5],"texture":"#main"},"west":{"uv":[0,0,4.5,5],"texture":"#main"}}},{"from":[8.19589,6.125,11.05068],"to":[8.22589,11.125,15.55068],"rotation":{"angle":22.5,"axis":"y","origin":[8.19589,6.125,11.05068]},"faces":{"east":{"uv":[12.5,0,8,5],"texture":"#main"},"west":{"uv":[8,0,12.5,5],"texture":"#main"}}},{"from":[8.19589,6.125,11.05068],"to":[8.22589,11.125,15.55068],"rotation":{"angle":0,"axis":"y","origin":[8.19589,6.125,11.05068]},"faces":{"east":{"uv":[4.5,8,0,13],"texture":"#main"},"west":{"uv":[0,8,4.5,13],"texture":"#main"}}}],"gui_light":"front","display":{"thirdperson_righthand":{"rotation":[69.75,0,0],"translation":[0,2,-0.5]},"thirdperson_lefthand":{"rotation":[69.75,0,0],"translation":[0,2,-0.5]},"firstperson_righthand":{"rotation":[63.25,0,-12],"translation":[0,4.25,1.75]},"firstperson_lefthand":{"rotation":[63.25,0,-12],"translation":[0,4.25,1.75]},"ground":{"rotation":[35,0,0],"translation":[0,4.25,0],"scale":[1.27734,1.27734,1.27734]},"gui":{"rotation":[-90,135,90],"translation":[-3,1.75,0],"scale":[1.73828,1.73828,1.73828]},"head":{"rotation":[90,-45,90],"scale":[1.59961,1.59961,1.59961]},"fixed":{"rotation":[90,-45,90],"translation":[0,-1,-1.5],"scale":[2.5,2.5,2.5]}}}