{"credit":"Made by PolygonMC","textures":{"1":"bonitaset:animations/animations_1","3":"bonitaset:animations/animations_4","4":"bonitaset:pickaxe","particle":"bonitaset:animations/animations_1","main":"bonitaset:animations/animations_3"},"elements":[{"from":[7.5,1.07897,7.5],"to":[8.5,2.07897,8.5],"rotation":{"angle":0,"axis":"y","origin":[7.5,-3.39603,8.55]},"faces":{"north":{"uv":[10,6,11,7],"texture":"#4"},"east":{"uv":[10,7,11,8],"texture":"#4"},"south":{"uv":[10,8,11,9],"texture":"#4"},"west":{"uv":[10,9,11,10],"texture":"#4"},"up":{"uv":[11,11,10,10],"texture":"#4"},"down":{"uv":[1,11,0,12],"texture":"#4"}}},{"from":[7.5,5.225,7.5],"to":[8.5,6.225,8.5],"rotation":{"angle":0,"axis":"y","origin":[8,6.725,8.15]},"faces":{"north":{"uv":[1,11,2,12],"texture":"#4"},"east":{"uv":[11,1,12,2],"texture":"#4"},"south":{"uv":[2,11,3,12],"texture":"#4"},"west":{"uv":[11,2,12,3],"texture":"#4"},"down":{"uv":[4,11,3,12],"texture":"#4"}}},{"from":[7.5,9.225,7.5],"to":[8.5,10.225,8.5],"rotation":{"angle":0,"axis":"y","origin":[7.5,8.225,7.5]},"faces":{"north":{"uv":[11,3,12,4],"texture":"#4"},"east":{"uv":[11,4,12,5],"texture":"#4"},"south":{"uv":[6,11,7,12],"texture":"#4"},"west":{"uv":[11,6,12,7],"texture":"#4"}}},{"from":[7.5,4.225,7.5],"to":[8.5,4.725,8.5],"rotation":{"angle":0,"axis":"y","origin":[8,3.65199,8.00452]},"faces":{"north":{"uv":[10,12,11,12.5],"texture":"#4"},"east":{"uv":[12,10,13,10.5],"texture":"#4"},"south":{"uv":[11,12,12,12.5],"texture":"#4"},"west":{"uv":[12,11,13,11.5],"texture":"#4"},"up":{"uv":[8,12,7,11],"texture":"#4"},"down":{"uv":[12,7,11,8],"texture":"#4"}}},{"from":[7.5,2.57897,7.5],"to":[8.5,3.07897,8.5],"rotation":{"angle":0,"axis":"y","origin":[8,3.65199,7.99548]},"faces":{"north":{"uv":[12,12,13,12.5],"texture":"#4"},"east":{"uv":[0,13,1,13.5],"texture":"#4"},"south":{"uv":[13,0,14,0.5],"texture":"#4"},"west":{"uv":[1,13,2,13.5],"texture":"#4"},"up":{"uv":[9,12,8,11],"texture":"#4"},"down":{"uv":[12,8,11,9],"texture":"#4"}}},{"from":[7.4,3.047,7.39637],"to":[8.6,4.247,8.59637],"rotation":{"angle":-45,"axis":"x","origin":[8,3.65199,7.99672]},"faces":{"north":{"uv":[9,11,10,12],"texture":"#4"},"east":{"uv":[11,9,12,10],"texture":"#4"},"south":{"uv":[10,11,11,12],"texture":"#4"},"west":{"uv":[11,10,12,11],"texture":"#4"},"up":{"uv":[12,12,11,11],"texture":"#4"},"down":{"uv":[1,12,0,13],"texture":"#4"}}},{"from":[7.6,2.07897,7.6],"to":[8.4,2.57897,8.4],"rotation":{"angle":0,"axis":"y","origin":[8,3.65199,7.99548]},"faces":{"north":{"uv":[13,1,14,1.5],"texture":"#4"},"east":{"uv":[2,13,3,13.5],"texture":"#4"},"south":{"uv":[13,2,14,2.5],"texture":"#4"},"west":{"uv":[3,13,4,13.5],"texture":"#4"}}},{"from":[7.6,4.725,7.6],"to":[8.4,5.225,8.4],"rotation":{"angle":0,"axis":"y","origin":[8,3.65199,8.00452]},"faces":{"north":{"uv":[13,3,14,3.5],"texture":"#4"},"east":{"uv":[13,4,14,4.5],"texture":"#4"},"south":{"uv":[13,5,14,5.5],"texture":"#4"},"west":{"uv":[6,13,7,13.5],"texture":"#4"}}},{"from":[7.75,0.11254,6.94818],"to":[8.25,1.11254,7.94818],"rotation":{"angle":22.5,"axis":"x","origin":[8,1.23632,7.98062]},"faces":{"north":{"uv":[13,6,13.5,7],"texture":"#4"},"east":{"uv":[12,0,13,1],"texture":"#4"},"south":{"uv":[7,13,7.5,14],"texture":"#4"},"west":{"uv":[1,12,2,13],"texture":"#4"},"up":{"uv":[13.5,8,13,7],"texture":"#4"},"down":{"uv":[8.5,13,8,14],"texture":"#4"}}},{"from":[7.752,1.17173,6.45595],"to":[8.248,2.22173,7.18095],"rotation":{"angle":-22.5,"axis":"x","origin":[8,1.23632,7.98062]},"faces":{"north":{"uv":[13,8,13.5,9],"texture":"#4"},"east":{"uv":[13,9,13.5,10],"texture":"#4"},"south":{"uv":[10,13,10.5,14],"texture":"#4"},"west":{"uv":[13,10,13.5,11],"texture":"#4"},"up":{"uv":[14.5,3.5,14,3],"texture":"#4"}}},{"from":[7.752,1.17173,8.81905],"to":[8.248,2.22173,9.54405],"rotation":{"angle":22.5,"axis":"x","origin":[8,1.23632,8.01938]},"faces":{"north":{"uv":[11,13,11.5,14],"texture":"#4"},"east":{"uv":[13,11,13.5,12],"texture":"#4"},"south":{"uv":[12,13,12.5,14],"texture":"#4"},"west":{"uv":[13,12,13.5,13],"texture":"#4"},"up":{"uv":[4.5,14.5,4,14],"texture":"#4"}}},{"from":[7.75,0.11254,8.05182],"to":[8.25,1.11254,9.05182],"rotation":{"angle":-22.5,"axis":"x","origin":[8,1.23632,8.01938]},"faces":{"north":{"uv":[13,13,13.5,14],"texture":"#4"},"east":{"uv":[12,1,13,2],"texture":"#4"},"south":{"uv":[0,14,0.5,15],"texture":"#4"},"west":{"uv":[2,12,3,13],"texture":"#4"},"up":{"uv":[14.5,1,14,0],"texture":"#4"},"down":{"uv":[1.5,14,1,15],"texture":"#4"}}},{"from":[7.405,0.3916,7.66275],"to":[8.595,1.5816,8.85275],"rotation":{"angle":45,"axis":"x","origin":[8,1.23632,7.98062]},"faces":{"north":{"uv":[12,2,13,3],"texture":"#4"},"east":{"uv":[3,12,4,13],"texture":"#4"},"south":{"uv":[12,3,13,4],"texture":"#4"},"west":{"uv":[12,4,13,5],"texture":"#4"},"up":{"uv":[13,6,12,5],"texture":"#4"},"down":{"uv":[7,12,6,13],"texture":"#4"}}},{"from":[7.4,9.975,7.25],"to":[8.6,11.725,9],"rotation":{"angle":-45,"axis":"x","origin":[8,10.725,8]},"faces":{"north":{"uv":[8,9,9,11],"texture":"#4"},"east":{"uv":[0,7,2,9],"texture":"#4"},"south":{"uv":[9,9,10,11],"texture":"#4"},"west":{"uv":[2,7,4,9],"texture":"#4"},"up":{"uv":[11,3,10,1],"texture":"#4"},"down":{"uv":[11,3,10,5],"texture":"#4"}}},{"from":[7.15,10.225,7.5],"to":[8.85,11.475,8.75],"rotation":{"angle":-45,"axis":"x","origin":[8,10.725,8]},"faces":{"north":{"uv":[8,1,9.5,2.5],"texture":"#4"},"east":{"uv":[8,3,9.5,4.5],"texture":"#4"},"south":{"uv":[4,8,5.5,9.5],"texture":"#4"},"west":{"uv":[8,5,9.5,6.5],"texture":"#4"},"up":{"uv":[7.5,9.5,6,8],"texture":"#4"},"down":{"uv":[9.5,7,8,8.5],"texture":"#4"}}},{"from":[7.35,6.225,7.35],"to":[8.65,9.225,8.65],"rotation":{"angle":0,"axis":"y","origin":[8,6.725,8.15]},"faces":{"north":{"uv":[14.5,0,16,3],"texture":"#4"},"east":{"uv":[14.5,3,16,6],"texture":"#4"},"south":{"uv":[14.5,6,16,9],"texture":"#4"},"west":{"uv":[14.5,9,16,12],"texture":"#4"},"up":{"uv":[1.5,10.5,0,9],"texture":"#4"},"down":{"uv":[3.5,9,2,10.5],"texture":"#4"}}},{"from":[7.75,10.80768,6.46677],"to":[8.25,11.80768,7.46677],"rotation":{"angle":-45,"axis":"x","origin":[8,12.30768,6.96677]},"faces":{"east":{"uv":[12,6,13,7],"texture":"#4"},"south":{"uv":[14,1,14.5,2],"texture":"#4"},"west":{"uv":[7,12,8,13],"texture":"#4"}}},{"from":[7.75,10.77171,2.9794],"to":[8.25,11.77171,4.4794],"rotation":{"angle":-22.5,"axis":"x","origin":[8,11.27171,2.9794]},"faces":{"east":{"uv":[10,5,11.5,6],"texture":"#4"},"west":{"uv":[6,10,7.5,11],"texture":"#4"},"up":{"uv":[12.5,9.5,12,8],"texture":"#4"},"down":{"uv":[9.5,12,9,13.5],"texture":"#4"}}},{"from":[7.75,11.30768,4.17388],"to":[8.25,12.30768,7.67388],"rotation":{"angle":0,"axis":"y","origin":[8,11.80768,5.17388]},"faces":{"east":{"uv":[4,7,7.5,8],"texture":"#4"},"west":{"uv":[8,0,11.5,1],"texture":"#4"},"up":{"uv":[4.5,13.5,4,10],"texture":"#4"},"down":{"uv":[5.5,10,5,13.5],"texture":"#4"}}},{"from":[7.75,10.81944,1.58095],"to":[8.25,11.81944,2.58095],"rotation":{"angle":45,"axis":"x","origin":[8,10.31944,2.08095]},"faces":{"north":{"uv":[2,14,2.5,15],"texture":"#4"},"east":{"uv":[12,7,13,8],"texture":"#4"},"south":{"uv":[14,2,14.5,3],"texture":"#4"},"west":{"uv":[8,12,9,13],"texture":"#4"},"down":{"uv":[3.5,14,3,15],"texture":"#4"}}},{"from":[7.985,8.80768,0.67388],"to":[8.015,12.30768,7.67388],"rotation":{"angle":0,"axis":"y","origin":[7.985,-1.84232,0.42388]},"faces":{"east":{"uv":[7.5,0,0.5,3.5],"texture":"#4"},"west":{"uv":[0.5,0,7.5,3.5],"texture":"#4"}}},{"from":[7,9.51053,6.25],"to":[7,13.01053,9.75],"rotation":{"angle":45,"axis":"x","origin":[7,11.26053,8]},"faces":{"west":{"uv":[0,0,7,7],"texture":"#1"}}},{"from":[9,9.51053,6.25],"to":[9,13.01053,9.75],"rotation":{"angle":45,"axis":"x","origin":[9,11.26053,8]},"faces":{"east":{"uv":[7,0,0,7],"texture":"#1"}}},{"from":[7.77411,8.625,8.80068],"to":[7.80411,13.625,13.30068],"rotation":{"angle":-45,"axis":"y","origin":[7.80411,8.625,8.80068]},"faces":{"east":{"uv":[4.5,0,0,5],"texture":"#main"},"west":{"uv":[0,0,4.5,5],"texture":"#main"}}},{"from":[7.77411,8.625,8.80068],"to":[7.80411,13.625,13.30068],"rotation":{"angle":-22.5,"axis":"y","origin":[7.80411,8.625,8.80068]},"faces":{"east":{"uv":[12.5,0,8,5],"texture":"#main"},"west":{"uv":[8,0,12.5,5],"texture":"#main"}}},{"from":[7.77411,8.625,8.80068],"to":[7.80411,13.625,13.30068],"rotation":{"angle":0,"axis":"y","origin":[7.80411,8.625,8.80068]},"faces":{"east":{"uv":[4.5,8,0,13],"texture":"#main"},"west":{"uv":[0,8,4.5,13],"texture":"#main"}}},{"from":[8.19589,8.625,8.80068],"to":[8.22589,13.625,13.30068],"rotation":{"angle":45,"axis":"y","origin":[8.19589,8.625,8.80068]},"faces":{"east":{"uv":[4.5,0,0,5],"texture":"#main"},"west":{"uv":[0,0,4.5,5],"texture":"#main"}}},{"from":[8.19589,8.625,8.80068],"to":[8.22589,13.625,13.30068],"rotation":{"angle":22.5,"axis":"y","origin":[8.19589,8.625,8.80068]},"faces":{"east":{"uv":[12.5,0,8,5],"texture":"#main"},"west":{"uv":[8,0,12.5,5],"texture":"#main"}}},{"from":[8.19589,8.625,8.80068],"to":[8.22589,13.625,13.30068],"rotation":{"angle":0,"axis":"y","origin":[8.19589,8.625,8.80068]},"faces":{"east":{"uv":[4.5,8,0,13],"texture":"#main"},"west":{"uv":[0,8,4.5,13],"texture":"#main"}}},{"from":[6.8,7.75,0.5],"to":[6.8,13.25,8],"rotation":{"angle":0,"axis":"y","origin":[6.8,7.75,0]},"faces":{"west":{"uv":[1,6,16,16],"texture":"#3"}}},{"from":[9.2,7.75,0.5],"to":[9.2,13.25,8],"rotation":{"angle":0,"axis":"y","origin":[9.2,7.75,0]},"faces":{"east":{"uv":[16,6,1,16],"texture":"#3"}}}],"gui_light":"front","display":{"thirdperson_righthand":{"translation":[0,2.25,1]},"thirdperson_lefthand":{"translation":[0,2.25,1]},"firstperson_righthand":{"rotation":[-10,0,0],"translation":[0,4.25,1.75]},"firstperson_lefthand":{"rotation":[-10,0,0],"translation":[0,4.25,1.75]},"ground":{"rotation":[-45,0,0],"translation":[0,8.25,0]},"gui":{"rotation":[-90,45,90],"translation":[0.5,-0.25,0]},"head":{"rotation":[90,-90,90]},"fixed":{"rotation":[0,-90,0],"translation":[0,4.25,-1.5],"scale":[2.5,2.5,2.5]}}}