{"credit":"Made by PolygonMC","texture_size":[24,24],"textures":{"1":"bonitaset:animations/animations_1","3":"bonitaset:animations/animations_2","4":"bonitaset:shield","5":"bonitaset:animations/animations_4","particle":"bonitaset:animations/animations_1"},"elements":[{"from":[7.5,6.60754,9.875],"to":[8.5,7.60754,10.875],"rotation":{"angle":0,"axis":"y","origin":[8,8,8]},"faces":{"north":{"uv":[14.33333,3.66667,15,4.33333],"texture":"#4"},"east":{"uv":[9.33333,10,10,10.66667],"texture":"#4"},"south":{"uv":[13.66667,3.66667,14.33333,4.33333],"texture":"#4"},"west":{"uv":[10.66667,0,11.33333,0.66667],"texture":"#4"},"up":{"uv":[11.33333,1.33333,10.66667,0.66667],"rotation":90,"texture":"#4"}}},{"from":[7.5,10.60754,9.875],"to":[8.5,11.60754,10.875],"rotation":{"angle":0,"axis":"y","origin":[8,8,8]},"faces":{"north":{"uv":[10.66667,2,11.33333,2.66667],"texture":"#4"},"east":{"uv":[13.66667,3,14.33333,3.66667],"texture":"#4"},"south":{"uv":[10.66667,1.33333,11.33333,2],"texture":"#4"},"west":{"uv":[14.33333,3,15,3.66667],"texture":"#4"},"down":{"uv":[15.66667,3,15,3.66667],"rotation":270,"texture":"#4"}}},{"from":[7.5,9.60754,9.875],"to":[8.5,10.10754,10.875],"rotation":{"angle":0,"axis":"y","origin":[8,8,8]},"faces":{"north":{"uv":[11.33333,10.66667,12,11],"texture":"#4"},"east":{"uv":[10,11.33333,10.66667,11.66667],"texture":"#4"},"south":{"uv":[11.33333,10,12,10.33333],"texture":"#4"},"west":{"uv":[10.66667,11.33333,11.33333,11.66667],"texture":"#4"},"up":{"uv":[11.33333,3.33333,10.66667,2.66667],"rotation":90,"texture":"#4"},"down":{"uv":[11.33333,3.33333,10.66667,4],"rotation":270,"texture":"#4"}}},{"from":[7.5,8.10754,9.875],"to":[8.5,8.60754,10.875],"rotation":{"angle":0,"axis":"y","origin":[8,8,8]},"faces":{"north":{"uv":[12,0.66667,12.66667,1],"texture":"#4"},"east":{"uv":[11.33333,11.33333,12,11.66667],"texture":"#4"},"south":{"uv":[12,0,12.66667,0.33333],"texture":"#4"},"west":{"uv":[0.66667,12,1.33333,12.33333],"texture":"#4"},"up":{"uv":[11.33333,4.66667,10.66667,4],"rotation":90,"texture":"#4"},"down":{"uv":[11.33333,4.66667,10.66667,5.33333],"rotation":270,"texture":"#4"}}},{"from":[8.18315,8.18315,9.775],"to":[9.38315,9.38315,10.975],"rotation":{"angle":45,"axis":"z","origin":[8,8,8]},"faces":{"north":{"uv":[10.66667,6,11.33333,6.66667],"texture":"#4"},"east":{"uv":[5.33333,10.66667,6,11.33333],"texture":"#4"},"south":{"uv":[10.66667,5.33333,11.33333,6],"texture":"#4"},"west":{"uv":[6,10.66667,6.66667,11.33333],"texture":"#4"},"up":{"uv":[7.33333,11.33333,6.66667,10.66667],"rotation":90,"texture":"#4"},"down":{"uv":[11.33333,6.66667,10.66667,7.33333],"rotation":270,"texture":"#4"}}},{"from":[7.6,7.60754,9.975],"to":[8.4,8.10754,10.775],"rotation":{"angle":0,"axis":"y","origin":[8,8,8]},"faces":{"north":{"uv":[12,2,12.66667,2.33333],"texture":"#4"},"east":{"uv":[1.33333,12,2,12.33333],"texture":"#4"},"south":{"uv":[12,1.33333,12.66667,1.66667],"texture":"#4"},"west":{"uv":[2,12,2.66667,12.33333],"texture":"#4"}}},{"from":[7.6,10.10754,9.975],"to":[8.4,10.60754,10.775],"rotation":{"angle":0,"axis":"y","origin":[8,8,8]},"faces":{"north":{"uv":[12,3.33333,12.66667,3.66667],"texture":"#4"},"east":{"uv":[2.66667,12,3.33333,12.33333],"texture":"#4"},"south":{"uv":[12,2.66667,12.66667,3],"texture":"#4"},"west":{"uv":[3.33333,12,4,12.33333],"texture":"#4"}}},{"from":[7.56437,5.69555,10.125],"to":[8.56437,6.69555,10.625],"rotation":{"angle":22.5,"axis":"z","origin":[8,8,8]},"faces":{"north":{"uv":[10.66667,7.33333,11.33333,8],"texture":"#4"},"east":{"uv":[4,12,4.33333,12.66667],"texture":"#4"},"south":{"uv":[7.33333,10.66667,8,11.33333],"texture":"#4"},"west":{"uv":[12,4,12.33333,4.66667],"texture":"#4"},"up":{"uv":[5,12.66667,4.66667,12],"rotation":90,"texture":"#4"},"down":{"uv":[12.33333,4.66667,12,5.33333],"rotation":270,"texture":"#4"}}},{"from":[9.30356,6.76957,10.127],"to":[10.02856,7.81957,10.623],"rotation":{"angle":-22.5,"axis":"z","origin":[8,8,8]},"faces":{"north":{"uv":[12,7.33333,12.33333,8],"texture":"#4"},"east":{"uv":[12,5.33333,12.33333,6],"texture":"#4"},"south":{"uv":[12,6,12.33333,6.66667],"texture":"#4"},"west":{"uv":[12,6.66667,12.33333,7.33333],"texture":"#4"},"up":{"uv":[9.66667,13,9.33333,12.66667],"rotation":90,"texture":"#4"}}},{"from":[7.43563,5.69555,10.125],"to":[8.43563,6.69555,10.625],"rotation":{"angle":-22.5,"axis":"z","origin":[8,8,8]},"faces":{"north":{"uv":[10.66667,8,11.33333,8.66667],"texture":"#4"},"east":{"uv":[12,8,12.33333,8.66667],"texture":"#4"},"south":{"uv":[8,10.66667,8.66667,11.33333],"texture":"#4"},"west":{"uv":[12,8.66667,12.33333,9.33333],"texture":"#4"},"up":{"uv":[12.33333,10,12,9.33333],"rotation":90,"texture":"#4"},"down":{"uv":[10.33333,12,10,12.66667],"rotation":270,"texture":"#4"}}},{"from":[5.97144,6.76957,10.127],"to":[6.69644,7.81957,10.623],"rotation":{"angle":22.5,"axis":"z","origin":[8,8,8]},"faces":{"north":{"uv":[11.33333,12,11.66667,12.66667],"texture":"#4"},"east":{"uv":[12,10,12.33333,10.66667],"texture":"#4"},"south":{"uv":[10.66667,12,11,12.66667],"texture":"#4"},"west":{"uv":[12,10.66667,12.33333,11.33333],"texture":"#4"},"up":{"uv":[13,9.66667,12.66667,9.33333],"rotation":90,"texture":"#4"}}},{"from":[8.5664,6.2436,9.78],"to":[9.7564,7.4336,10.97],"rotation":{"angle":-45,"axis":"z","origin":[8,8,8]},"faces":{"north":{"uv":[10,10.66667,10.66667,11.33333],"texture":"#4"},"east":{"uv":[10.66667,8.66667,11.33333,9.33333],"texture":"#4"},"south":{"uv":[9.33333,10.66667,10,11.33333],"texture":"#4"},"west":{"uv":[10.66667,9.33333,11.33333,10],"texture":"#4"},"up":{"uv":[11.33333,10.66667,10.66667,10],"rotation":90,"texture":"#4"},"down":{"uv":[11.33333,10.66667,10.66667,11.33333],"rotation":270,"texture":"#4"}}},{"from":[6.71669,11.35091,10.125],"to":[7.71669,12.35091,10.625],"rotation":{"angle":-22.5,"axis":"z","origin":[8,8,8]},"faces":{"north":{"uv":[4.66667,11.33333,5.33333,12],"texture":"#4"},"east":{"uv":[8,12.66667,8.33333,13.33333],"texture":"#4"},"south":{"uv":[11.33333,4,12,4.66667],"texture":"#4"},"west":{"uv":[12.66667,8,13,8.66667],"texture":"#4"},"up":{"uv":[9,13.33333,8.66667,12.66667],"rotation":90,"texture":"#4"},"down":{"uv":[13,8.66667,12.66667,9.33333],"rotation":270,"texture":"#4"}}},{"from":[10.15123,10.22689,10.127],"to":[10.87623,11.27689,10.623],"rotation":{"angle":22.5,"axis":"z","origin":[8,8,8]},"faces":{"north":{"uv":[12.66667,7.33333,13,8],"texture":"#4"},"east":{"uv":[6.66667,12.66667,7,13.33333],"texture":"#4"},"south":{"uv":[12.66667,6.66667,13,7.33333],"texture":"#4"},"west":{"uv":[7.33333,12.66667,7.66667,13.33333],"texture":"#4"},"down":{"uv":[13,10,12.66667,10.33333],"rotation":270,"texture":"#4"}}},{"from":[8.28331,11.35091,10.125],"to":[9.28331,12.35091,10.625],"rotation":{"angle":22.5,"axis":"z","origin":[8,8,8]},"faces":{"north":{"uv":[4,11.33333,4.66667,12],"texture":"#4"},"east":{"uv":[5.33333,12.66667,5.66667,13.33333],"texture":"#4"},"south":{"uv":[11.33333,3.33333,12,4],"texture":"#4"},"west":{"uv":[12.66667,5.33333,13,6],"texture":"#4"},"up":{"uv":[6.33333,13.33333,6,12.66667],"rotation":90,"texture":"#4"},"down":{"uv":[13,6,12.66667,6.66667],"rotation":270,"texture":"#4"}}},{"from":[5.12377,10.22689,10.127],"to":[5.84877,11.27689,10.623],"rotation":{"angle":-22.5,"axis":"z","origin":[8,8,8]},"faces":{"north":{"uv":[12.66667,4.66667,13,5.33333],"texture":"#4"},"east":{"uv":[4,12.66667,4.33333,13.33333],"texture":"#4"},"south":{"uv":[12.66667,4,13,4.66667],"texture":"#4"},"west":{"uv":[4.66667,12.66667,5,13.33333],"texture":"#4"},"down":{"uv":[10.33333,12.66667,10,13],"rotation":270,"texture":"#4"}}},{"from":[10.13269,10.13269,9.78],"to":[11.32269,11.32269,10.97],"rotation":{"angle":45,"axis":"z","origin":[8,8,8]},"faces":{"north":{"uv":[2.66667,11.33333,3.33333,12],"texture":"#4"},"east":{"uv":[11.33333,1.33333,12,2],"texture":"#4"},"south":{"uv":[2,11.33333,2.66667,12],"texture":"#4"},"west":{"uv":[11.33333,2,12,2.66667],"texture":"#4"},"up":{"uv":[12,3.33333,11.33333,2.66667],"rotation":90,"texture":"#4"},"down":{"uv":[4,11.33333,3.33333,12],"rotation":270,"texture":"#4"}}},{"from":[3.74198,10.50802,6.025],"to":[5.49198,12.25802,7.225],"rotation":{"angle":-45,"axis":"z","origin":[8,8,8]},"faces":{"north":{"uv":[6,4.66667,7.33333,6],"texture":"#4"},"east":{"uv":[13.66667,0,14.33333,1.33333],"texture":"#4"},"south":{"uv":[6,3.33333,7.33333,4.66667],"texture":"#4"},"west":{"uv":[6.66667,9.33333,7.33333,10.66667],"texture":"#4"},"up":{"uv":[8,10.66667,7.33333,9.33333],"rotation":90,"texture":"#4"},"down":{"uv":[8.66667,9.33333,8,10.66667],"rotation":270,"texture":"#4"}}},{"from":[3.99198,10.75802,5.775],"to":[5.24198,12.00802,7.475],"rotation":{"angle":-45,"axis":"z","origin":[8,8,8]},"faces":{"north":{"uv":[8.66667,1.33333,9.66667,2.33333],"texture":"#4"},"east":{"uv":[5.33333,8,6.33333,9],"texture":"#4"},"south":{"uv":[6.66667,8,7.66667,9],"texture":"#4"},"west":{"uv":[8,8,9,9],"texture":"#4"},"up":{"uv":[9.66667,3.66667,8.66667,2.66667],"rotation":90,"texture":"#4"},"down":{"uv":[9.66667,4,8.66667,5],"rotation":270,"texture":"#4"}}},{"from":[6.33367,12.03127,6.275],"to":[8.33367,13.28127,6.975],"rotation":{"angle":-22.5,"axis":"z","origin":[8,8,8]},"faces":{"north":{"uv":[6.66667,0,8,1],"texture":"#4"},"east":{"uv":[11.33333,4.66667,11.66667,5.66667],"texture":"#4"},"south":{"uv":[6,6,7.33333,7],"texture":"#4"},"up":{"uv":[0.33333,12.66667,0,11.33333],"rotation":90,"texture":"#4"},"down":{"uv":[11.66667,0,11.33333,1.33333],"rotation":270,"texture":"#4"}}},{"from":[6.19155,11.73792,6.277],"to":[7.19155,14.73792,6.973],"rotation":{"angle":-45,"axis":"z","origin":[8,8,8]},"faces":{"north":{"uv":[7.33333,1.33333,8,3.33333],"texture":"#4"},"east":{"uv":[9.33333,8,9.66667,10],"texture":"#4"},"south":{"uv":[6.66667,1.33333,7.33333,3.33333],"texture":"#4"},"west":{"uv":[8.66667,9.33333,9,11.33333],"texture":"#4"},"up":{"uv":[12.33333,12,12,11.33333],"rotation":90,"texture":"#4"},"down":{"uv":[12.33333,12,12,12.66667],"rotation":270,"texture":"#4"}}},{"from":[5.19155,13.73792,6.277],"to":[6.19155,14.73792,6.973],"rotation":{"angle":-45,"axis":"z","origin":[8,8,8]},"faces":{"north":{"uv":[1.33333,11.33333,2,12],"texture":"#4"},"south":{"uv":[0.66667,11.33333,1.33333,12],"texture":"#4"},"up":{"uv":[0.33333,13.33333,0,12.66667],"rotation":90,"texture":"#4"},"down":{"uv":[13,0,12.66667,0.66667],"rotation":270,"texture":"#4"}}},{"from":[7.45632,14.24478,6.24972],"to":[8.01132,15.60478,7.00028],"rotation":{"angle":-22.5,"axis":"z","origin":[8,8,8]},"faces":{"north":{"uv":[6,11.33333,6.33333,12.33333],"texture":"#4"},"east":{"uv":[10,0,10.66667,1],"texture":"#4"},"south":{"uv":[5.33333,11.33333,5.66667,12.33333],"texture":"#4"},"west":{"uv":[10,1.33333,10.66667,2.33333],"texture":"#4"},"up":{"uv":[1.33333,13,0.66667,12.66667],"rotation":90,"texture":"#4"},"down":{"uv":[13.33333,0.66667,12.66667,1],"rotation":270,"texture":"#4"}}},{"from":[7.66633,12.03127,6.275],"to":[9.66633,13.28127,6.975],"rotation":{"angle":22.5,"axis":"z","origin":[8,8,8]},"faces":{"north":{"uv":[8,0,6.66667,1],"texture":"#4"},"south":{"uv":[7.33333,6,6,7],"texture":"#4"},"west":{"uv":[11.66667,4.66667,11.33333,5.66667],"texture":"#4"},"up":{"uv":[0.33333,11.33333,0,12.66667],"rotation":90,"texture":"#4"},"down":{"uv":[11.66667,1.33333,11.33333,0],"rotation":270,"texture":"#4"}}},{"from":[8.80845,11.73792,6.277],"to":[9.80845,14.73792,6.973],"rotation":{"angle":45,"axis":"z","origin":[8,8,8]},"faces":{"north":{"uv":[8,1.33333,7.33333,3.33333],"texture":"#4"},"east":{"uv":[9,9.33333,8.66667,11.33333],"texture":"#4"},"south":{"uv":[7.33333,1.33333,6.66667,3.33333],"texture":"#4"},"west":{"uv":[9.66667,8,9.33333,10],"texture":"#4"},"up":{"uv":[12.33333,11.33333,12,12],"rotation":90,"texture":"#4"},"down":{"uv":[12.33333,12.66667,12,12],"rotation":270,"texture":"#4"}}},{"from":[9.80845,13.73792,6.277],"to":[10.80845,14.73792,6.973],"rotation":{"angle":45,"axis":"z","origin":[8,8,8]},"faces":{"north":{"uv":[2,11.33333,1.33333,12],"texture":"#4"},"south":{"uv":[1.33333,11.33333,0.66667,12],"texture":"#4"},"up":{"uv":[0.33333,12.66667,0,13.33333],"rotation":90,"texture":"#4"},"down":{"uv":[13,0.66667,12.66667,0],"rotation":270,"texture":"#4"}}},{"from":[7.98868,14.24478,6.24972],"to":[8.54368,15.60478,7.00028],"rotation":{"angle":22.5,"axis":"z","origin":[8,8,8]},"faces":{"north":{"uv":[6.33333,11.33333,6,12.33333],"texture":"#4"},"east":{"uv":[10.66667,1.33333,10,2.33333],"texture":"#4"},"south":{"uv":[5.66667,11.33333,5.33333,12.33333],"texture":"#4"},"west":{"uv":[10.66667,0,10,1],"texture":"#4"},"up":{"uv":[1.33333,12.66667,0.66667,13],"rotation":90,"texture":"#4"},"down":{"uv":[13.33333,1,12.66667,0.66667],"rotation":270,"texture":"#4"}}},{"from":[4.56422,9.96078,6.4],"to":[6.03922,11.43578,6.85],"rotation":{"angle":-45,"axis":"z","origin":[8,8,8]},"faces":{"north":{"uv":[8.66667,6.66667,9.66667,7.66667],"texture":"#4"},"east":{"uv":[11.33333,6,11.66667,7],"texture":"#4"},"south":{"uv":[8.66667,5.33333,9.66667,6.33333],"texture":"#4"},"west":{"uv":[6.66667,11.33333,7,12.33333],"texture":"#4"},"up":{"uv":[7.66667,12.33333,7.33333,11.33333],"rotation":90,"texture":"#4"},"down":{"uv":[11.66667,7.33333,11.33333,8.33333],"rotation":270,"texture":"#4"}}},{"from":[8.80686,5.71814,6.4],"to":[10.28186,7.19314,6.85],"rotation":{"angle":-45,"axis":"z","origin":[8,8,8]},"faces":{"north":{"uv":[5.33333,9.33333,6.33333,10.33333],"texture":"#4"},"east":{"uv":[8,11.33333,8.33333,12.33333],"texture":"#4"},"south":{"uv":[13.66667,1.66667,14.66667,2.66667],"texture":"#4"},"west":{"uv":[8.66667,11.33333,9,12.33333],"texture":"#4"},"up":{"uv":[11.66667,9.66667,11.33333,8.66667],"rotation":90,"texture":"#4"},"down":{"uv":[9.66667,11.33333,9.33333,12.33333],"rotation":270,"texture":"#4"}}},{"from":[6.9625,5.81594,6.402],"to":[9.0375,11.81594,6.848],"rotation":{"angle":0,"axis":"x","origin":[8,8,8]},"faces":{"north":{"uv":[4.66667,3.33333,6,7.33333],"texture":"#4"},"east":{"uv":[13.66667,4.66667,14,8.66667],"texture":"#4"},"south":{"uv":[3.33333,3.33333,4.66667,7.33333],"texture":"#4"},"west":{"uv":[7.33333,3.33333,7.66667,7.33333],"texture":"#4"}}},{"from":[8.9625,7.56594,6.452],"to":[9.5375,10.56594,6.798],"rotation":{"angle":0,"axis":"x","origin":[8,8,8]},"faces":{"north":{"uv":[10,8.66667,10.33333,10.66667],"texture":"#4"},"east":{"uv":[10,2.66667,10.33333,4.66667],"texture":"#4"},"south":{"uv":[10,4.66667,10.33333,6.66667],"texture":"#4"},"west":{"uv":[10,6.66667,10.33333,8.66667],"texture":"#4"}}},{"from":[8.8191,7.88026,6.452],"to":[9.3941,8.78026,6.798],"rotation":{"angle":-45,"axis":"z","origin":[8,8,8]},"faces":{"north":{"uv":[12.66667,2,13,2.66667],"texture":"#4"},"east":{"uv":[1.33333,12.66667,1.66667,13.33333],"texture":"#4"},"south":{"uv":[12.66667,1.33333,13,2],"texture":"#4"},"west":{"uv":[2,12.66667,2.33333,13.33333],"texture":"#4"}}},{"from":[6.37278,10.32657,6.452],"to":[7.27278,10.90157,6.798],"rotation":{"angle":-45,"axis":"z","origin":[8,8,8]},"faces":{"north":{"uv":[12.66667,2.66667,13.33333,3],"texture":"#4"},"south":{"uv":[2.66667,12.66667,3.33333,13],"texture":"#4"},"up":{"uv":[3.66667,13.33333,3.33333,12.66667],"rotation":90,"texture":"#4"},"down":{"uv":[13,3.33333,12.66667,4],"rotation":270,"texture":"#4"}}},{"from":[8.72722,10.32657,6.452],"to":[9.62722,10.90157,6.798],"rotation":{"angle":45,"axis":"z","origin":[8,8,8]},"faces":{"north":{"uv":[13.33333,2.66667,12.66667,3],"texture":"#4"},"south":{"uv":[3.33333,12.66667,2.66667,13],"texture":"#4"},"up":{"uv":[3.66667,12.66667,3.33333,13.33333],"rotation":90,"texture":"#4"},"down":{"uv":[13,4,12.66667,3.33333],"rotation":270,"texture":"#4"}}},{"from":[6.4625,7.56594,6.452],"to":[7.0375,10.56594,6.798],"rotation":{"angle":0,"axis":"x","origin":[8,8,8]},"faces":{"north":{"uv":[10.33333,8.66667,10,10.66667],"texture":"#4"},"east":{"uv":[10.33333,6.66667,10,8.66667],"texture":"#4"},"south":{"uv":[10.33333,4.66667,10,6.66667],"texture":"#4"},"west":{"uv":[10.33333,2.66667,10,4.66667],"texture":"#4"}}},{"from":[6.6059,7.88026,6.452],"to":[7.1809,8.78026,6.798],"rotation":{"angle":45,"axis":"z","origin":[8,8,8]},"faces":{"north":{"uv":[13,2,12.66667,2.66667],"texture":"#4"},"east":{"uv":[2.33333,12.66667,2,13.33333],"texture":"#4"},"south":{"uv":[13,1.33333,12.66667,2],"texture":"#4"},"west":{"uv":[1.66667,12.66667,1.33333,13.33333],"texture":"#4"}}},{"from":[13.23852,3.15373,6.402],"to":[13.81352,3.65373,6.848],"rotation":{"angle":-45,"axis":"z","origin":[8,8,8]},"faces":{"north":{"uv":[12.66667,11.33333,13,11.66667],"texture":"#4"},"east":{"uv":[10.66667,12.66667,11,13],"texture":"#4"},"south":{"uv":[12.66667,10.66667,13,11],"texture":"#4"},"west":{"uv":[11.33333,12.66667,11.66667,13],"texture":"#4"},"down":{"uv":[12.33333,12.66667,12,13],"rotation":270,"texture":"#4"}}},{"from":[8.4625,0.81594,6.402],"to":[9.0375,5.81594,6.848],"rotation":{"angle":0,"axis":"x","origin":[8,8,8]},"faces":{"north":{"uv":[8,4.66667,8.33333,8],"texture":"#4"},"east":{"uv":[8,1.33333,8.33333,4.66667],"texture":"#4"},"south":{"uv":[4,8,4.33333,11.33333],"texture":"#4"},"west":{"uv":[4.66667,8,5,11.33333],"texture":"#4"}}},{"from":[12.51201,10.34279,6.41],"to":[17.51201,15.34279,6.44],"rotation":{"angle":22.5,"axis":"z","origin":[8,8,8]},"faces":{"north":{"uv":[3.33333,0,6.66667,3.33333],"texture":"#4"},"south":{"uv":[6.66667,0,3.33333,3.33333],"texture":"#4"}}},{"from":[-1.51201,10.34279,6.41],"to":[3.48799,15.34279,6.44],"rotation":{"angle":-22.5,"axis":"z","origin":[8,8,8]},"faces":{"north":{"uv":[6.66667,0,3.33333,3.33333],"texture":"#4"},"south":{"uv":[3.33333,0,6.66667,3.33333],"texture":"#4"}}},{"from":[8.75,-0.89246,6.625],"to":[11.25,13.10754,6.655],"rotation":{"angle":0,"axis":"y","origin":[8,8,8]},"faces":{"north":{"uv":[0,0,1.66667,9.33333],"texture":"#4"},"south":{"uv":[1.66667,0,0,9.33333],"texture":"#4"}}},{"from":[10.47642,-0.89246,5.48594],"to":[12.47642,15.10754,5.51594],"rotation":{"angle":-22.5,"axis":"y","origin":[8,8,8]},"faces":{"north":{"uv":[2,0,3.33333,10.66667],"texture":"#4"},"south":{"uv":[3.33333,0,2,10.66667],"texture":"#4"}}},{"from":[4.75,-0.89246,6.625],"to":[7.25,13.10754,6.655],"rotation":{"angle":0,"axis":"y","origin":[8,8,8]},"faces":{"north":{"uv":[1.66667,0,0,9.33333],"texture":"#4"},"south":{"uv":[0,0,1.66667,9.33333],"texture":"#4"}}},{"from":[3.52358,-0.89246,5.48594],"to":[5.52358,15.10754,5.51594],"rotation":{"angle":22.5,"axis":"y","origin":[8,8,8]},"faces":{"north":{"uv":[3.33333,0,2,10.66667],"texture":"#4"},"south":{"uv":[2,0,3.33333,10.66667],"texture":"#4"}}},{"from":[2.18648,3.15373,6.402],"to":[2.76148,3.65373,6.848],"rotation":{"angle":45,"axis":"z","origin":[8,8,8]},"faces":{"north":{"uv":[13,11.33333,12.66667,11.66667],"texture":"#4"},"east":{"uv":[11.66667,12.66667,11.33333,13],"texture":"#4"},"south":{"uv":[13,10.66667,12.66667,11],"texture":"#4"},"west":{"uv":[11,12.66667,10.66667,13],"texture":"#4"},"down":{"uv":[12.33333,13,12,12.66667],"rotation":270,"texture":"#4"}}},{"from":[6.9625,0.81594,6.402],"to":[7.5375,5.81594,6.848],"rotation":{"angle":0,"axis":"x","origin":[8,8,8]},"faces":{"north":{"uv":[8.33333,4.66667,8,8],"texture":"#4"},"east":{"uv":[5,8,4.66667,11.33333],"texture":"#4"},"south":{"uv":[4.33333,8,4,11.33333],"texture":"#4"},"west":{"uv":[8.33333,1.33333,8,4.66667],"texture":"#4"}}},{"from":[4.78337,10.21663,6.78],"to":[5.78337,11.21663,9.78],"rotation":{"angle":-45,"axis":"z","origin":[8,8,8]},"faces":{"east":{"uv":[4,7.33333,6,8],"texture":"#4"},"west":{"uv":[6,7.33333,8,8],"texture":"#4"},"up":{"uv":[10,0.66667,8,0],"rotation":90,"texture":"#4"},"down":{"uv":[10,0.66667,8,1.33333],"rotation":270,"texture":"#4"}}},{"from":[8.67246,6.32754,6.78],"to":[9.67246,7.32754,9.78],"rotation":{"angle":-45,"axis":"z","origin":[8,8,8]},"faces":{"east":{"uv":[4,7.33333,6,8],"texture":"#4"},"west":{"uv":[6,7.33333,8,8],"texture":"#4"},"up":{"uv":[10,0.66667,8,0],"rotation":90,"texture":"#4"},"down":{"uv":[10,0.66667,8,1.33333],"rotation":270,"texture":"#4"}}},{"from":[5.75,-1.89246,6.125],"to":[10.25,12.10754,6.125],"rotation":{"angle":0,"axis":"y","origin":[8,8,8]},"faces":{"north":{"uv":[0,0,4.5,14],"texture":"#3"}}},{"from":[9.96764,9.96764,5.625],"to":[13.46764,13.46764,5.625],"rotation":{"angle":45,"axis":"z","origin":[8,8,8]},"faces":{"north":{"uv":[0,0,7,7],"texture":"#1"}}},{"from":[8.25,2.5,6],"to":[16.25,10.5,6],"rotation":{"angle":0,"axis":"y","origin":[12.25,6.5,6]},"faces":{"north":{"uv":[16,0,0,16],"texture":"#5"}}},{"from":[-0.25,2.5,6],"to":[7.75,10.5,6],"rotation":{"angle":0,"axis":"y","origin":[3.75,6.5,6]},"faces":{"north":{"uv":[0,0,16,16],"texture":"#5"}}}],"gui_light":"front","display":{"thirdperson_righthand":{"rotation":[0,-90,0],"translation":[2.5,-3,1]},"thirdperson_lefthand":{"rotation":[0,-90,0],"translation":[2.5,-3,1]},"firstperson_righthand":{"rotation":[0,0,10],"translation":[0,0.5,2]},"firstperson_lefthand":{"rotation":[0,0,10],"translation":[0,0.5,2]},"ground":{"rotation":[45,0,0],"translation":[0,6.25,0]},"gui":{"rotation":[0,180,-45],"translation":[1.5,-1.5,0],"scale":[0.79883,0.79883,0.79883]},"fixed":{"translation":[0,-2.75,-1.5],"scale":[2.5,2.5,2.5]}}}