{"credit":"Made by PolygonMC","texture_size":[24,24],"textures":{"0":"bonitaset:wings","1":"bonitaset:animations/animations_4","particle":"bonitaset:wings"},"elements":[{"from":[6.5,6.5,7.25],"to":[9.5,9.5,8.75],"rotation":{"angle":45,"axis":"z","origin":[8,8,8]},"faces":{"north":{"uv":[7.66667,8.33333,9.66667,10.33333],"texture":"#0"},"east":{"uv":[11,4.33333,12,6.33333],"texture":"#0"},"south":{"uv":[9.66667,8.33333,11.66667,10.33333],"texture":"#0"},"west":{"uv":[11,6.33333,12,8.33333],"texture":"#0"},"up":{"uv":[9.66667,12.66667,7.66667,11.66667],"texture":"#0"},"down":{"uv":[13.66667,8.33333,11.66667,9.33333],"texture":"#0"}}},{"from":[7,7,6.75],"to":[9,9,9.25],"rotation":{"angle":45,"axis":"z","origin":[8,8,8]},"faces":{"north":{"uv":[9.66667,11.66667,11,13],"texture":"#0"},"east":{"uv":[7.66667,10.33333,9.33333,11.66667],"texture":"#0"},"south":{"uv":[11.66667,9.66667,13,11],"texture":"#0"},"west":{"uv":[9.66667,10.33333,11.33333,11.66667],"texture":"#0"},"up":{"uv":[12.33333,2,11,0.33333],"texture":"#0"},"down":{"uv":[12.33333,2.33333,11,4],"texture":"#0"}}},{"from":[9.97,2.05,8.005],"to":[10,10.55,18.505],"rotation":{"angle":22.5,"axis":"y","origin":[10,2.05,8.005]},"faces":{"east":{"uv":[0,8.66667,7,14.33333],"texture":"#0"},"west":{"uv":[7,8.66667,0,14.33333],"texture":"#0"}}},{"from":[10,3.8,7.975],"to":[26,15.8,8.005],"rotation":{"angle":-22.5,"axis":"y","origin":[10,3.8,7.975]},"faces":{"north":{"uv":[0,0,10.66667,8],"texture":"#0"},"south":{"uv":[10.66667,0,0,8],"texture":"#0"}}},{"from":[6,2.05,8.005],"to":[6.03,10.55,18.505],"rotation":{"angle":-22.5,"axis":"y","origin":[6,2.05,8.005]},"faces":{"east":{"uv":[0,8.66667,7,14.33333],"texture":"#0"},"west":{"uv":[7,8.66667,0,14.33333],"texture":"#0"}}},{"from":[-10,3.8,7.975],"to":[6,15.8,8.005],"rotation":{"angle":22.5,"axis":"y","origin":[6,3.8,7.975]},"faces":{"north":{"uv":[10.66667,0,0,8],"texture":"#0"},"south":{"uv":[0,0,10.66667,8],"texture":"#0"}}},{"from":[10,6,7.75],"to":[18,14,7.75],"rotation":{"angle":-22.5,"axis":"y","origin":[10,6,7.75]},"faces":{"north":{"uv":[0,0,16,16],"texture":"#1"},"east":{"uv":[0,0,0,5.33333],"texture":"#missing"},"west":{"uv":[0,0,0,5.33333],"texture":"#missing"},"up":{"uv":[0,0,5.33333,0],"texture":"#missing"},"down":{"uv":[0,0,5.33333,0],"texture":"#missing"}}},{"from":[-2,6,7.75],"to":[6,14,7.75],"rotation":{"angle":22.5,"axis":"y","origin":[6,6,7.75]},"faces":{"north":{"uv":[16,0,0,16],"texture":"#1"},"east":{"uv":[0,0,0,5.33333],"texture":"#missing"},"west":{"uv":[0,0,0,5.33333],"texture":"#missing"},"up":{"uv":[5.33333,0,0,0],"texture":"#missing"},"down":{"uv":[5.33333,0,0,0],"texture":"#missing"}}}],"gui_light":"front","display":{"thirdperson_righthand":{"rotation":[-135.25,0,-180],"scale":[0.77148,0.77148,0.77148]},"thirdperson_lefthand":{"rotation":[66.25,0,0],"translation":[-5.5,-7.5,10.25],"scale":[1.5,1.5,1.5]},"firstperson_righthand":{"rotation":[-17.5,180,0],"translation":[0,1.25,0]},"firstperson_lefthand":{"scale":[0,0,0]},"ground":{"rotation":[-45,0,0],"translation":[0,4,0]},"gui":{"rotation":[0,180,0],"scale":[0.53516,0.53516,0.53516]},"head":{"translation":[0,-13.25,7.75],"scale":[2.20703,2.20703,2.20703]},"fixed":{"rotation":[0,180,0],"translation":[0,0,-2],"scale":[2.21094,2.21094,2.21094]}}}