{"credit":"MadebyPolygonMC","texture_size":[24,24],"textures":{"1":"littleduckset:axe"},"elements":[{"from":[7.4,-0.1,7.4],"to":[8.6,1.1,8.6],"rotation":{"angle":-45,"axis":"x","origin":[8,0.5,8]},"faces":{"north":{"uv":[12.66667,4.66667,13.33333,5.33333],"texture":"#1"},"east":{"uv":[12.66667,5.33333,13.33333,6],"texture":"#1"},"south":{"uv":[11.33333,12.66667,12,13.33333],"texture":"#1"},"west":{"uv":[12,12.66667,12.66667,13.33333],"texture":"#1"},"up":{"uv":[13.33333,13.33333,12.66667,12.66667],"texture":"#1"},"down":{"uv":[0.66667,13.33333,0,14],"texture":"#1"}}},{"from":[7.5,0.7,7.5],"to":[8.5,1.7,8.5],"rotation":{"angle":0,"axis":"x","origin":[8,1.2,8]},"faces":{"north":{"uv":[13.33333,0,14,0.66667],"texture":"#1"},"east":{"uv":[0.66667,13.33333,1.33333,14],"texture":"#1"},"south":{"uv":[13.33333,0.66667,14,1.33333],"texture":"#1"},"west":{"uv":[1.33333,13.33333,2,14],"texture":"#1"},"up":{"uv":[14,2,13.33333,1.33333],"texture":"#1"},"down":{"uv":[2.66667,13.33333,2,14],"texture":"#1"}}},{"from":[7.5,3.7,7.5],"to":[8.5,4.7,8.5],"rotation":{"angle":0,"axis":"x","origin":[8,4.2,8]},"faces":{"north":{"uv":[13.33333,2,14,2.66667],"texture":"#1"},"east":{"uv":[2.66667,13.33333,3.33333,14],"texture":"#1"},"south":{"uv":[13.33333,2.66667,14,3.33333],"texture":"#1"},"west":{"uv":[3.33333,13.33333,4,14],"texture":"#1"},"up":{"uv":[14,4,13.33333,3.33333],"texture":"#1"},"down":{"uv":[14,4.66667,13.33333,5.33333],"texture":"#1"}}},{"from":[7.5,10.7,7.5],"to":[8.5,11.7,8.5],"rotation":{"angle":0,"axis":"x","origin":[8,11.2,8]},"faces":{"north":{"uv":[6.66667,13.33333,7.33333,14],"texture":"#1"},"east":{"uv":[13.33333,6.66667,14,7.33333],"texture":"#1"},"south":{"uv":[13.33333,7.33333,14,8],"texture":"#1"},"west":{"uv":[13.33333,8,14,8.66667],"texture":"#1"},"up":{"uv":[14,9.33333,13.33333,8.66667],"texture":"#1"},"down":{"uv":[14,9.33333,13.33333,10],"texture":"#1"}}},{"from":[7.6,1.7,7.6],"to":[8.4,3.7,8.4],"rotation":{"angle":0,"axis":"x","origin":[8,2.2,8]},"faces":{"north":{"uv":[11.33333,10,12,11.33333],"texture":"#1"},"east":{"uv":[11.33333,11.33333,12,12.66667],"texture":"#1"},"south":{"uv":[2.66667,12,3.33333,13.33333],"texture":"#1"},"west":{"uv":[3.33333,12,4,13.33333],"texture":"#1"},"up":{"uv":[14,6,13.33333,5.33333],"texture":"#1"},"down":{"uv":[14,6,13.33333,6.66667],"texture":"#1"}}},{"from":[6.78,11.67,6.2767],"to":[9.22,14.11,9.9367],"rotation":{"angle":0,"axis":"y","origin":[-2.37,1.91,-2.2633]},"faces":{"north":{"uv":[2.66667,10,4.33333,11.66667],"texture":"#1"},"east":{"uv":[2.66667,8,5,9.66667],"texture":"#1"},"south":{"uv":[4.66667,10,6.33333,11.66667],"texture":"#1"},"west":{"uv":[8,4,10.33333,5.66667],"texture":"#1"},"up":{"uv":[9.66667,8.33333,8,6],"texture":"#1"},"down":{"uv":[9.66667,8.66667,8,11],"texture":"#1"}}},{"from":[7.2192,13.2292,5.2025],"to":[8.7808,15.0908,7.2349],"rotation":{"angle":0,"axis":"y","origin":[1.3632,6.9828,-1.6539]},"faces":{"north":{"uv":[10,6,11,7.33333],"texture":"#1"},"east":{"uv":[5.33333,8,6.66667,9.33333],"texture":"#1"},"south":{"uv":[10,7.33333,11,8.66667],"texture":"#1"},"west":{"uv":[10,2.66667,11.33333,4],"texture":"#1"},"up":{"uv":[11,10,10,8.66667],"texture":"#1"},"down":{"uv":[11,10,10,11.33333],"texture":"#1"}}},{"from":[7.3412,13.3207,4.3241],"to":[8.6588,13.9063,5.2025],"rotation":{"angle":0,"axis":"y","origin":[1.3632,6.9523,-3.3863]},"faces":{"north":{"uv":[0,14,1,14.33333],"texture":"#1"},"east":{"uv":[14,0,14.66667,0.33333],"texture":"#1"},"west":{"uv":[14,0.66667,14.66667,1],"texture":"#1"},"up":{"uv":[6.33333,10,5.33333,9.33333],"texture":"#1"},"down":{"uv":[13,6.66667,12,7.33333],"texture":"#1"}}},{"from":[7.2192,13.6342,9.3755],"to":[8.7808,14.4638,10.8079],"rotation":{"angle":-22.5,"axis":"x","origin":[8,14.049,10.2417]},"faces":{"east":{"uv":[12,7.33333,13,8],"texture":"#1"},"south":{"uv":[12,8,13,8.66667],"texture":"#1"},"west":{"uv":[12.66667,4,13.66667,4.66667],"texture":"#1"},"up":{"uv":[8.33333,12.33333,7.33333,11.33333],"texture":"#1"},"down":{"uv":[9.66667,11.33333,8.66667,12.33333],"texture":"#1"}}},{"from":[7.25,4.7,7.25],"to":[8.75,10.7,8.75],"rotation":{"angle":0,"axis":"y","origin":[6,1.4,6]},"faces":{"north":{"uv":[6.66667,3.33333,7.66667,7.33333],"texture":"#1"},"east":{"uv":[0,7.33333,1,11.33333],"texture":"#1"},"south":{"uv":[1.33333,7.33333,2.33333,11.33333],"texture":"#1"},"west":{"uv":[6.66667,7.33333,7.66667,11.33333],"texture":"#1"},"up":{"uv":[12.33333,9.66667,11.33333,8.66667],"texture":"#1"},"down":{"uv":[11,11.33333,10,12.33333],"texture":"#1"}}},{"from":[7.5,12,3.8],"to":[8.5,13,6.8],"rotation":{"angle":0,"axis":"y","origin":[7.5,12,2.8]},"faces":{"north":{"uv":[13.33333,10,14,10.66667],"texture":"#1"},"east":{"uv":[10.66667,4,12.66667,4.66667],"texture":"#1"},"south":{"uv":[13.33333,10.66667,14,11.33333],"texture":"#1"},"west":{"uv":[10.66667,4.66667,12.66667,5.33333],"texture":"#1"},"up":{"uv":[0.66667,13.33333,0,11.33333],"texture":"#1"},"down":{"uv":[1.33333,11.33333,0.66667,13.33333],"texture":"#1"}}},{"from":[7.5,12.53596,1.40552],"to":[8.5,13.53596,4.10552],"rotation":{"angle":22.5,"axis":"x","origin":[8,13.03596,2.60552]},"faces":{"north":{"uv":[11.33333,13.33333,12,14],"texture":"#1"},"east":{"uv":[11.33333,3.33333,13,4],"texture":"#1"},"south":{"uv":[13.33333,11.33333,14,12],"texture":"#1"},"west":{"uv":[11.33333,6,13,6.66667],"texture":"#1"},"up":{"uv":[7.33333,13,6.66667,11.33333],"texture":"#1"},"down":{"uv":[12,6.66667,11.33333,8.33333],"texture":"#1"}}},{"from":[7.75,9.72284,2.38791],"to":[8.25,12.72284,6.38791],"rotation":{"angle":0,"axis":"x","origin":[7.75,11.22284,4.88791]},"faces":{"north":{"uv":[7.33333,12.66667,7.66667,14.66667],"texture":"#1"},"east":{"uv":[4,3.33333,6.66667,5.33333],"texture":"#1"},"south":{"uv":[8,12.66667,8.33333,14.66667],"texture":"#1"},"west":{"uv":[0,5.33333,2.66667,7.33333],"texture":"#1"},"up":{"uv":[4.33333,14.66667,4,12],"texture":"#1"},"down":{"uv":[5,12,4.66667,14.66667],"texture":"#1"}}},{"from":[7.76,7.92995,2.71634],"to":[8.24,11.92995,5.54134],"rotation":{"angle":-45,"axis":"x","origin":[7.76,10.42995,5.21634]},"faces":{"north":{"uv":[5.33333,12,5.66667,14.66667],"texture":"#1"},"east":{"uv":[2.66667,5.33333,4.66667,8],"texture":"#1"},"south":{"uv":[6,12,6.33333,14.66667],"texture":"#1"},"west":{"uv":[4.66667,5.33333,6.66667,8],"texture":"#1"},"up":{"uv":[9,14.66667,8.66667,12.66667],"texture":"#1"},"down":{"uv":[13,8.66667,12.66667,10.66667],"texture":"#1"}}},{"from":[8,6,1.4],"to":[8,14,7.4],"rotation":{"angle":0,"axis":"y","origin":[8,6,1.4]},"faces":{"north":{"uv":[0,0,0,5.33333],"texture":"#1"},"east":{"uv":[4,0,0,5.33333],"texture":"#1"},"south":{"uv":[0,0,0,5.33333],"texture":"#1"},"west":{"uv":[0,0,4,5.33333],"texture":"#1"},"up":{"uv":[0,4,0,0],"texture":"#1"},"down":{"uv":[0,0,0,4],"texture":"#1"}}}],"gui_light":"front","display":{"thirdperson_righthand":{"translation":[0,3,1.5]},"thirdperson_lefthand":{"translation":[0,3,1.5]},"firstperson_righthand":{"translation":[-2.5,5.75,3]},"firstperson_lefthand":{"translation":[-2.5,5.75,3]},"ground":{"translation":[0,7.5,0]},"gui":{"rotation":[90,-135,90],"translation":[-1.75,-1.75,-1],"scale":[1.16211,1.16211,1.16211]},"head":{"rotation":[0,90,0],"scale":[1.5,1.5,1.5]},"fixed":{"rotation":[90,-135,90],"translation":[-1.75,-0.25,-1],"scale":[1.25,1.25,1.25]}}}