{
	"credit": "Made by PolygonMC",
	"texture_size": [24, 24],
	"textures": {
		"2": "littleduckset:crossbow_2",
		"particle": "littleduckset:crossbow_2"
	},
	"elements": [
		{
			"from": [7.39, 2.6055, 1.9],
			"to": [8.61, 5.0455, 5.56],
			"rotation": {"angle": 0, "axis": "y", "origin": [6.17, 2.6055, 1.9]},
			"faces": {
				"north": {"uv": [5.33333, 10.66667, 6, 12.33333], "texture": "#2"},
				"east": {"uv": [0, 6, 2.33333, 7.66667], "texture": "#2"},
				"south": {"uv": [10.66667, 5.33333, 11.33333, 7], "texture": "#2"},
				"west": {"uv": [2.66667, 6, 5, 7.66667], "texture": "#2"},
				"up": {"uv": [10.66667, 4.33333, 10, 2], "texture": "#2"},
				"down": {"uv": [10.66667, 4.66667, 10, 7], "texture": "#2"}
			}
		},
		{
			"from": [7.39, 4.0505, 5.56],
			"to": [8.61, 5.0455, 8],
			"rotation": {"angle": 0, "axis": "y", "origin": [6.17, 2.6055, 5.56]},
			"faces": {
				"north": {"uv": [11.33333, 2, 12, 2.66667], "texture": "#2"},
				"east": {"uv": [6, 10.66667, 7.66667, 11.33333], "texture": "#2"},
				"south": {"uv": [12, 10, 12.66667, 10.66667], "texture": "#2"},
				"west": {"uv": [10.66667, 8, 12.33333, 8.66667], "texture": "#2"},
				"up": {"uv": [8.66667, 12.33333, 8, 10.66667], "texture": "#2"},
				"down": {"uv": [9.33333, 10.66667, 8.66667, 12.33333], "texture": "#2"}
			}
		},
		{
			"from": [7.39, 2.6055, 8],
			"to": [8.61, 5.0455, 10.44],
			"rotation": {"angle": 0, "axis": "y", "origin": [6.17, 2.6055, 8]},
			"faces": {
				"north": {"uv": [10.66667, 8.66667, 11.33333, 10.33333], "texture": "#2"},
				"east": {"uv": [8, 2, 9.66667, 3.66667], "texture": "#2"},
				"south": {"uv": [10.66667, 10.66667, 11.33333, 12.33333], "texture": "#2"},
				"west": {"uv": [8, 6, 9.66667, 7.66667], "texture": "#2"},
				"up": {"uv": [0.66667, 13, 0, 11.33333], "texture": "#2"},
				"down": {"uv": [12, 0, 11.33333, 1.66667], "texture": "#2"}
			}
		},
		{
			"from": [7.39, 4.0505, 10.44],
			"to": [8.61, 5.0455, 14.1],
			"rotation": {"angle": 0, "axis": "y", "origin": [6.17, 2.6055, 10.44]},
			"faces": {
				"north": {"uv": [12, 10.66667, 12.66667, 11.33333], "texture": "#2"},
				"east": {"uv": [6.66667, 10, 9, 10.66667], "texture": "#2"},
				"south": {"uv": [12, 11.33333, 12.66667, 12], "texture": "#2"},
				"west": {"uv": [10, 7.33333, 12.33333, 8], "texture": "#2"},
				"up": {"uv": [10, 12.33333, 9.33333, 10], "texture": "#2"},
				"down": {"uv": [10.66667, 10, 10, 12.33333], "texture": "#2"}
			}
		},
		{
			"from": [7.4205, 2.148, 10.074],
			"to": [8.5795, 4.8795, 13.734],
			"rotation": {"angle": 22.5, "axis": "x", "origin": [8, 3.6595, 11.904]},
			"faces": {
				"east": {"uv": [5.33333, 6, 7.66667, 7.66667], "texture": "#2"},
				"south": {"uv": [0.66667, 11.33333, 1.33333, 13], "texture": "#2"},
				"west": {"uv": [7.33333, 4, 9.66667, 5.66667], "texture": "#2"},
				"down": {"uv": [11.33333, 0, 10.66667, 2.33333], "texture": "#2"}
			}
		},
		{
			"from": [7.4, 0.19185, 9.08315],
			"to": [8.6, 1.39185, 10.28315],
			"rotation": {"angle": 22.5, "axis": "x", "origin": [8, 2.1, 8.375]},
			"faces": {
				"north": {"uv": [12, 12, 12.66667, 12.66667], "texture": "#2"},
				"east": {"uv": [12.66667, 0, 13.33333, 0.66667], "texture": "#2"},
				"south": {"uv": [12.66667, 0.66667, 13.33333, 1.33333], "texture": "#2"},
				"west": {"uv": [1.33333, 12.66667, 2, 13.33333], "texture": "#2"},
				"up": {"uv": [13.33333, 2, 12.66667, 1.33333], "texture": "#2"},
				"down": {"uv": [2.66667, 12.66667, 2, 13.33333], "texture": "#2"}
			}
		},
		{
			"from": [7.5, 0.45, 7.875],
			"to": [8.5, 1.45, 8.875],
			"rotation": {"angle": -22.5, "axis": "x", "origin": [8, 2.1, 8.375]},
			"faces": {
				"north": {"uv": [12.66667, 2, 13.33333, 2.66667], "texture": "#2"},
				"east": {"uv": [2.66667, 12.66667, 3.33333, 13.33333], "texture": "#2"},
				"south": {"uv": [3.33333, 12.66667, 4, 13.33333], "texture": "#2"},
				"west": {"uv": [4, 12.66667, 4.66667, 13.33333], "texture": "#2"},
				"up": {"uv": [5.33333, 13.33333, 4.66667, 12.66667], "texture": "#2"},
				"down": {"uv": [6, 12.66667, 5.33333, 13.33333], "texture": "#2"}
			}
		},
		{
			"from": [7.5, 3.45, 7.875],
			"to": [8.5, 4.45, 8.875],
			"rotation": {"angle": -22.5, "axis": "x", "origin": [8, 2.1, 8.375]},
			"faces": {
				"north": {"uv": [12.66667, 5.33333, 13.33333, 6], "texture": "#2"},
				"east": {"uv": [6, 12.66667, 6.66667, 13.33333], "texture": "#2"},
				"south": {"uv": [12.66667, 6, 13.33333, 6.66667], "texture": "#2"},
				"west": {"uv": [6.66667, 12.66667, 7.33333, 13.33333], "texture": "#2"},
				"up": {"uv": [13.33333, 7.33333, 12.66667, 6.66667], "texture": "#2"},
				"down": {"uv": [8, 12.66667, 7.33333, 13.33333], "texture": "#2"}
			}
		},
		{
			"from": [7.6, 1.45, 7.975],
			"to": [8.4, 3.45, 8.775],
			"rotation": {"angle": -22.5, "axis": "x", "origin": [8, 2.1, 8.375]},
			"faces": {
				"north": {"uv": [6, 11.33333, 6.66667, 12.66667], "texture": "#2"},
				"east": {"uv": [6.66667, 11.33333, 7.33333, 12.66667], "texture": "#2"},
				"south": {"uv": [7.33333, 11.33333, 8, 12.66667], "texture": "#2"},
				"west": {"uv": [11.33333, 8.66667, 12, 10], "texture": "#2"},
				"up": {"uv": [13.33333, 8, 12.66667, 7.33333], "texture": "#2"},
				"down": {"uv": [8.66667, 12.66667, 8, 13.33333], "texture": "#2"}
			}
		},
		{
			"from": [6.78, 4.77, 9.8767],
			"to": [9.22, 7.21, 13.5367],
			"rotation": {"angle": 0, "axis": "y", "origin": [-2.37, -4.99, 1.3367]},
			"faces": {
				"north": {"uv": [6.66667, 8, 8.33333, 9.66667], "texture": "#2"},
				"east": {"uv": [0, 8, 2.33333, 9.66667], "texture": "#2"},
				"south": {"uv": [8.66667, 8, 10.33333, 9.66667], "texture": "#2"},
				"west": {"uv": [8, 0, 10.33333, 1.66667], "texture": "#2"},
				"up": {"uv": [4.33333, 10.33333, 2.66667, 8], "texture": "#2"},
				"down": {"uv": [6.33333, 8, 4.66667, 10.33333], "texture": "#2"}
			}
		},
		{
			"from": [7.2192, 6.3292, 8.8025],
			"to": [8.7808, 8.1908, 10.8349],
			"rotation": {"angle": 0, "axis": "y", "origin": [1.3632, 0.0828, 1.9461]},
			"faces": {
				"north": {"uv": [2.66667, 10.66667, 3.66667, 12], "texture": "#2"},
				"east": {"uv": [0, 10, 1.33333, 11.33333], "texture": "#2"},
				"south": {"uv": [10.66667, 2.66667, 11.66667, 4], "texture": "#2"},
				"west": {"uv": [1.33333, 10, 2.66667, 11.33333], "texture": "#2"},
				"up": {"uv": [5, 12, 4, 10.66667], "texture": "#2"},
				"down": {"uv": [11.66667, 4, 10.66667, 5.33333], "texture": "#2"}
			}
		},
		{
			"from": [7.3412, 6.4207, 7.9241],
			"to": [8.6588, 7.0063, 8.8025],
			"rotation": {"angle": 0, "axis": "y", "origin": [1.3632, 0.0523, 0.2137]},
			"faces": {
				"north": {"uv": [12, 12.66667, 13, 13], "texture": "#2"},
				"east": {"uv": [13.33333, 0, 14, 0.33333], "texture": "#2"},
				"west": {"uv": [13.33333, 0.66667, 14, 1], "texture": "#2"},
				"up": {"uv": [13, 3.33333, 12, 2.66667], "texture": "#2"},
				"down": {"uv": [13, 3.33333, 12, 4], "texture": "#2"}
			}
		},
		{
			"from": [7.2192, 6.7342, 12.9755],
			"to": [8.7808, 7.5638, 14.4079],
			"rotation": {"angle": -22.5, "axis": "x", "origin": [8, 7.149, 13.8417]},
			"faces": {
				"east": {"uv": [4, 12, 5, 12.66667], "texture": "#2"},
				"south": {"uv": [12, 4, 13, 4.66667], "texture": "#2"},
				"west": {"uv": [12, 4.66667, 13, 5.33333], "texture": "#2"},
				"up": {"uv": [2.33333, 12.33333, 1.33333, 11.33333], "texture": "#2"},
				"down": {"uv": [12.33333, 5.33333, 11.33333, 6.33333], "texture": "#2"}
			}
		},
		{
			"from": [6.4, 3.9, 1.95],
			"to": [7.6, 6.1, 3.15],
			"rotation": {"angle": 0, "axis": "y", "origin": [6.5, 4, 2.05]},
			"faces": {
				"north": {"uv": [11.33333, 10, 12, 11.33333], "texture": "#2"},
				"east": {"uv": [11.33333, 11.33333, 12, 12.66667], "texture": "#2"},
				"south": {"uv": [12, 0, 12.66667, 1.33333], "texture": "#2"},
				"west": {"uv": [12, 1.33333, 12.66667, 2.66667], "texture": "#2"},
				"up": {"uv": [13.33333, 8.66667, 12.66667, 8], "texture": "#2"},
				"down": {"uv": [9.33333, 12.66667, 8.66667, 13.33333], "texture": "#2"}
			}
		},
		{
			"from": [4.4, 4.975, 2.3],
			"to": [6.4, 5.975, 2.8],
			"rotation": {"angle": 0, "axis": "z", "origin": [5.4, 5.475, 2.8]},
			"faces": {
				"north": {"uv": [11.33333, 6.66667, 12.66667, 7.33333], "texture": "#2"},
				"east": {"uv": [1.33333, 13.33333, 1.66667, 14], "texture": "#2"},
				"south": {"uv": [2.66667, 12, 4, 12.66667], "texture": "#2"},
				"west": {"uv": [13.33333, 1.33333, 13.66667, 2], "texture": "#2"},
				"up": {"uv": [10.66667, 13, 9.33333, 12.66667], "texture": "#2"},
				"down": {"uv": [14, 10, 12.66667, 10.33333], "texture": "#2"}
			}
		},
		{
			"from": [3.16746, 4.975, 2.64462],
			"to": [4.66746, 5.975, 3.14462],
			"rotation": {"angle": 22.5, "axis": "y", "origin": [3.66746, 5.475, 3.14462]},
			"faces": {
				"north": {"uv": [12, 8.66667, 13, 9.33333], "texture": "#2"},
				"south": {"uv": [12, 9.33333, 13, 10], "texture": "#2"},
				"up": {"uv": [13.66667, 12.33333, 12.66667, 12], "texture": "#2"},
				"down": {"uv": [1, 13.33333, 0, 13.66667], "texture": "#2"}
			}
		},
		{
			"from": [2.66063, 4.975, 3.43469],
			"to": [3.66063, 5.975, 3.93469],
			"rotation": {"angle": 45, "axis": "y", "origin": [2.66063, 5.475, 3.93469]},
			"faces": {
				"north": {"uv": [10.66667, 12.66667, 11.33333, 13.33333], "texture": "#2"},
				"south": {"uv": [12.66667, 10.66667, 13.33333, 11.33333], "texture": "#2"},
				"west": {"uv": [2, 13.33333, 2.33333, 14], "texture": "#2"},
				"up": {"uv": [14, 2.33333, 13.33333, 2], "texture": "#2"},
				"down": {"uv": [3.33333, 13.33333, 2.66667, 13.66667], "texture": "#2"}
			}
		},
		{
			"from": [1.80707, 5.225, 3.78824],
			"to": [2.80707, 5.725, 4.78824],
			"rotation": {"angle": 45, "axis": "y", "origin": [2.30707, 5.725, 4.28824]},
			"faces": {
				"north": {"uv": [13.33333, 2.66667, 14, 3], "texture": "#2"},
				"east": {"uv": [3.33333, 13.33333, 4, 13.66667], "texture": "#2"},
				"south": {"uv": [13.33333, 3.33333, 14, 3.66667], "texture": "#2"},
				"west": {"uv": [4, 13.33333, 4.66667, 13.66667], "texture": "#2"},
				"up": {"uv": [12, 13.33333, 11.33333, 12.66667], "texture": "#2"},
				"down": {"uv": [13.33333, 11.33333, 12.66667, 12], "texture": "#2"}
			}
		},
		{
			"from": [8.4, 3.9, 1.95],
			"to": [9.6, 6.1, 3.15],
			"rotation": {"angle": 0, "axis": "y", "origin": [9.5, 4, 2.05]},
			"faces": {
				"north": {"uv": [12, 10, 11.33333, 11.33333], "texture": "#2"},
				"east": {"uv": [12.66667, 1.33333, 12, 2.66667], "texture": "#2"},
				"south": {"uv": [12.66667, 0, 12, 1.33333], "texture": "#2"},
				"west": {"uv": [12, 11.33333, 11.33333, 12.66667], "texture": "#2"},
				"up": {"uv": [12.66667, 8.66667, 13.33333, 8], "texture": "#2"},
				"down": {"uv": [8.66667, 12.66667, 9.33333, 13.33333], "texture": "#2"}
			}
		},
		{
			"from": [9.6, 4.975, 2.3],
			"to": [11.6, 5.975, 2.8],
			"rotation": {"angle": 0, "axis": "z", "origin": [10.6, 5.475, 2.8]},
			"faces": {
				"north": {"uv": [12.66667, 6.66667, 11.33333, 7.33333], "texture": "#2"},
				"east": {"uv": [13.66667, 1.33333, 13.33333, 2], "texture": "#2"},
				"south": {"uv": [4, 12, 2.66667, 12.66667], "texture": "#2"},
				"west": {"uv": [1.66667, 13.33333, 1.33333, 14], "texture": "#2"},
				"up": {"uv": [9.33333, 13, 10.66667, 12.66667], "texture": "#2"},
				"down": {"uv": [12.66667, 10, 14, 10.33333], "texture": "#2"}
			}
		},
		{
			"from": [11.33254, 4.975, 2.64462],
			"to": [12.83254, 5.975, 3.14462],
			"rotation": {"angle": -22.5, "axis": "y", "origin": [12.33254, 5.475, 3.14462]},
			"faces": {
				"north": {"uv": [13, 8.66667, 12, 9.33333], "texture": "#2"},
				"south": {"uv": [13, 9.33333, 12, 10], "texture": "#2"},
				"up": {"uv": [12.66667, 12.33333, 13.66667, 12], "texture": "#2"},
				"down": {"uv": [0, 13.33333, 1, 13.66667], "texture": "#2"}
			}
		},
		{
			"from": [12.33937, 4.975, 3.43469],
			"to": [13.33937, 5.975, 3.93469],
			"rotation": {"angle": -45, "axis": "y", "origin": [13.33937, 5.475, 3.93469]},
			"faces": {
				"north": {"uv": [11.33333, 12.66667, 10.66667, 13.33333], "texture": "#2"},
				"east": {"uv": [2.33333, 13.33333, 2, 14], "texture": "#2"},
				"south": {"uv": [13.33333, 10.66667, 12.66667, 11.33333], "texture": "#2"},
				"up": {"uv": [13.33333, 2.33333, 14, 2], "texture": "#2"},
				"down": {"uv": [2.66667, 13.33333, 3.33333, 13.66667], "texture": "#2"}
			}
		},
		{
			"from": [13.19293, 5.225, 3.78824],
			"to": [14.19293, 5.725, 4.78824],
			"rotation": {"angle": -45, "axis": "y", "origin": [13.69293, 5.725, 4.28824]},
			"faces": {
				"north": {"uv": [14, 2.66667, 13.33333, 3], "texture": "#2"},
				"east": {"uv": [4.66667, 13.33333, 4, 13.66667], "texture": "#2"},
				"south": {"uv": [14, 3.33333, 13.33333, 3.66667], "texture": "#2"},
				"west": {"uv": [4, 13.33333, 3.33333, 13.66667], "texture": "#2"},
				"up": {"uv": [11.33333, 13.33333, 12, 12.66667], "texture": "#2"},
				"down": {"uv": [12.66667, 11.33333, 13.33333, 12], "texture": "#2"}
			}
		},
		{
			"from": [2.3, 5.475, 4.3],
			"to": [13.7, 5.475, 9.9],
			"rotation": {"angle": 0, "axis": "y", "origin": [3.5, 5.475, 4.3]},
			"faces": {
				"north": {"uv": [0, 0, 7.66667, 0], "texture": "#2"},
				"east": {"uv": [0, 0, 3.66667, 0], "texture": "#2"},
				"south": {"uv": [0, 0, 7.66667, 0], "texture": "#2"},
				"west": {"uv": [0, 0, 3.66667, 0], "texture": "#2"},
				"up": {"uv": [7.66667, 3.66667, 0, 0], "texture": "#2"},
				"down": {"uv": [7.66667, 0, 0, 3.66667], "texture": "#2"}
			}
		}
	],
	"gui_light": "front",
	"display": {
		"thirdperson_righthand": {
			"translation": [0, 3.75, 2.25]
		},
		"thirdperson_lefthand": {
			"translation": [0, 3.75, 2.25]
		},
		"firstperson_righthand": {
			"rotation": [0, -10, 0],
			"translation": [5.5, 7.25, 3.75]
		},
		"firstperson_lefthand": {
			"rotation": [0, -12, 0],
			"translation": [4.5, 7.5, 4.75]
		},
		"ground": {
			"rotation": [40, 0, 0],
			"translation": [0, 7.5, 1.75]
		},
		"gui": {
			"rotation": [39, 130, 0],
			"translation": [1, 3.5, -1],
			"scale": [1.32617, 1.32617, 1.32617]
		},
		"head": {
			"scale": [0, 0, 0]
		},
		"fixed": {
			"rotation": [-90, 0, 0],
			"translation": [0, 0.25, -9.25],
			"scale": [1.72852, 1.72852, 1.72852]
		}
	}
}