{"credit":"MadebyPolygonMC","textures":{"2":"littleduckset:key","particle":"littleduckset:key"},"elements":[{"from":[7.4,5.66185,3.94029],"to":[8.6,6.86185,5.14029],"rotation":{"angle":45,"axis":"x","origin":[8,7.57,5.84844]},"faces":{"north":{"uv":[3,10,4,11],"texture":"#2"},"east":{"uv":[4,10,5,11],"texture":"#2"},"south":{"uv":[5,10,6,11],"texture":"#2"},"west":{"uv":[6,10,7,11],"texture":"#2"},"up":{"uv":[8,11,7,10],"texture":"#2"},"down":{"uv":[9,10,8,11],"texture":"#2"}}},{"from":[7.5,7.07,4.19844],"to":[8.5,8.07,5.19844],"rotation":{"angle":0,"axis":"x","origin":[8,7.57,5.84844]},"faces":{"north":{"uv":[9,10,10,11],"texture":"#2"},"east":{"uv":[10,10,11,11],"texture":"#2"},"south":{"uv":[0,11,1,12],"texture":"#2"},"west":{"uv":[1,11,2,12],"texture":"#2"},"up":{"uv":[3,12,2,11],"texture":"#2"},"down":{"uv":[4,11,3,12],"texture":"#2"}}},{"from":[7.5,7.07,7.19844],"to":[8.5,8.07,8.19844],"rotation":{"angle":0,"axis":"x","origin":[8,7.57,5.84844]},"faces":{"north":{"uv":[11,3,12,4],"texture":"#2"},"east":{"uv":[4,11,5,12],"texture":"#2"},"south":{"uv":[11,4,12,5],"texture":"#2"},"west":{"uv":[5,11,6,12],"texture":"#2"},"up":{"uv":[12,6,11,5],"texture":"#2"},"down":{"uv":[7,11,6,12],"texture":"#2"}}},{"from":[7.6,7.17,5.19844],"to":[8.4,7.97,7.19844],"rotation":{"angle":0,"axis":"x","origin":[8,7.57,5.84844]},"faces":{"north":{"uv":[11,6,12,7],"texture":"#2"},"east":{"uv":[7,9,9,10],"texture":"#2"},"south":{"uv":[7,11,8,12],"texture":"#2"},"west":{"uv":[9,7,11,8],"texture":"#2"},"up":{"uv":[4,8,3,6],"texture":"#2"},"down":{"uv":[3,9,2,11],"texture":"#2"}}},{"from":[6.78,6.84,8.17514],"to":[9.22,9.28,11.83514],"rotation":{"angle":0,"axis":"y","origin":[-2.37,-2.92,-0.36486]},"faces":{"north":{"uv":[0,6,2.5,8.5],"texture":"#2"},"east":{"uv":[0,0,3.5,2.5],"texture":"#2"},"south":{"uv":[7,0,9.5,2.5],"texture":"#2"},"west":{"uv":[0,3,3.5,5.5],"texture":"#2"},"up":{"uv":[6.5,3.5,4,0],"texture":"#2"},"down":{"uv":[6.5,4,4,7.5],"texture":"#2"}}},{"from":[7.2192,8.3992,7.10094],"to":[8.7808,10.2608,9.13334],"rotation":{"angle":0,"axis":"y","origin":[1.3632,2.1528,0.24454]},"faces":{"north":{"uv":[7,7,8.5,9],"texture":"#2"},"east":{"uv":[7,3,9,5],"texture":"#2"},"south":{"uv":[3,8,4.5,10],"texture":"#2"},"west":{"uv":[7,5,9,7],"texture":"#2"},"up":{"uv":[6.5,10,5,8],"texture":"#2"},"down":{"uv":[1.5,9,0,11],"texture":"#2"}}},{"from":[7.3412,8.4907,6.22254],"to":[8.6588,9.0763,7.10094],"rotation":{"angle":0,"axis":"y","origin":[1.3632,2.1223,-1.48786]},"faces":{"north":{"uv":[11,8,12.5,8.5],"texture":"#2"},"east":{"uv":[9,11,10,11.5],"texture":"#2"},"west":{"uv":[11,9,12,9.5],"texture":"#2"},"up":{"uv":[10.5,9,9,8],"texture":"#2"},"down":{"uv":[10.5,9,9,10],"texture":"#2"}}},{"from":[7.2192,8.8042,11.27394],"to":[8.7808,9.6338,12.70634],"rotation":{"angle":-22.5,"axis":"x","origin":[8,9.219,12.14014]},"faces":{"east":{"uv":[10,0,11.5,1],"texture":"#2"},"south":{"uv":[10,1,11.5,2],"texture":"#2"},"west":{"uv":[10,2,11.5,3],"texture":"#2"},"up":{"uv":[10.5,4.5,9,3],"texture":"#2"},"down":{"uv":[10.5,5,9,6.5],"texture":"#2"}}},{"from":[7.75,6.17,3.79844],"to":[8.25,7.17,4.79844],"rotation":{"angle":0,"axis":"y","origin":[8.25,0.17,2.39844]},"faces":{"north":{"uv":[10,11,10.5,12],"texture":"#2"},"east":{"uv":[11,7,12,8],"texture":"#2"},"south":{"uv":[11,10,11.5,11],"texture":"#2"},"west":{"uv":[8,11,9,12],"texture":"#2"},"down":{"uv":[11.5,11,11,12],"texture":"#2"}}}],"gui_light":"front","display":{"thirdperson_righthand":{"rotation":[74.75,0,0],"translation":[0,2.25,0.25]},"thirdperson_lefthand":{"rotation":[74.75,0,0],"translation":[0,2.25,0.25]},"firstperson_righthand":{"rotation":[46,0,-22],"translation":[-3.75,6.5,4]},"firstperson_lefthand":{"rotation":[46,0,-22],"translation":[-3.75,6.5,4]},"ground":{"rotation":[43,0,0],"translation":[0,8.75,0],"scale":[2.04688,2.04688,2.04688]},"gui":{"rotation":[90,-45,90],"translation":[0.25,0.5,-1],"scale":[1.9707,1.9707,1.9707]},"head":{"rotation":[0,90,0],"scale":[1.5,1.5,1.5]},"fixed":{"rotation":[90,-45,90],"translation":[0,0.5,-0.25],"scale":[2.26367,2.26367,2.26367]}}}