{"credit":"MadewithBlockbench","texture_size":[8,8],"textures":{"0":"bumble:easter/items/texture_01","1":"bumble:easter/items/texture_animation_01","2":"bumble:easter/items/texture_animation_02","particle":"bumble:easter/items/texture_01"},"elements":[{"from":[7,1.5,6.5],"to":[9,10.5,9.5],"rotation":{"angle":0,"axis":"y","origin":[-0.5,2,0]},"faces":{"north":{"uv":[4.25,2.75,4.75,5],"texture":"#0"},"east":{"uv":[3.75,2.75,3,5],"texture":"#0"},"south":{"uv":[3.75,2.75,4.25,5],"texture":"#0"},"west":{"uv":[3,2.75,3.75,5],"texture":"#0"},"up":{"uv":[2.25,6.75,1.75,6],"texture":"#0"},"down":{"uv":[2.25,6.75,1.75,6],"texture":"#0"}}},{"from":[8,-15,4],"to":[8,-2,12],"rotation":{"angle":0,"axis":"y","origin":[0,14,0]},"faces":{"north":{"uv":[0,3.25,0,0],"texture":"#missing"},"east":{"uv":[8.625,5.5,6.625,2.25],"texture":"#0"},"south":{"uv":[0,3.25,0,0],"texture":"#missing"},"west":{"uv":[6.625,5.5,8.625,2.25],"texture":"#0"},"up":{"uv":[0,2,0,0],"texture":"#missing"},"down":{"uv":[0,2,0,0],"texture":"#missing"}}},{"from":[6,12.5,5.5],"to":[8,16.5,10.5],"rotation":{"angle":0,"axis":"y","origin":[-0.5,2,0]},"faces":{"north":{"uv":[0.5,5.75,0,6.75],"texture":"#0"},"east":{"uv":[0.5,5.75,1.75,6.75],"texture":"#0"},"south":{"uv":[0,5.75,0.5,6.75],"texture":"#0"},"west":{"uv":[0.5,5.75,1.75,6.75],"texture":"#0"},"up":{"uv":[1.375,8,0.875,6.75],"texture":"#0"},"down":{"uv":[1.375,8,0.875,6.75],"texture":"#0"}}},{"from":[7,16.5,5.5],"to":[8,20.5,7],"rotation":{"angle":0,"axis":"y","origin":[-0.5,2,0]},"faces":{"north":{"uv":[0.375,7,0.625,8],"texture":"#0"},"east":{"uv":[0,7,0.375,8],"texture":"#0"},"south":{"uv":[0.625,7,0.375,8],"texture":"#0"},"west":{"uv":[0,7,0.375,8],"texture":"#0"},"up":{"uv":[0.875,7.375,0.625,7],"texture":"#0"},"down":{"uv":[0.875,7.375,0.625,7],"texture":"#0"}}},{"from":[7,16.5,9],"to":[8,20.5,10.5],"rotation":{"angle":0,"axis":"y","origin":[-0.5,2,16]},"faces":{"north":{"uv":[0.375,7,0.625,8],"texture":"#0"},"east":{"uv":[0.375,7,0,8],"texture":"#0"},"south":{"uv":[0.625,7,0.375,8],"texture":"#0"},"west":{"uv":[0.375,7,0,8],"texture":"#0"},"up":{"uv":[0.875,7,0.625,7.375],"texture":"#0"},"down":{"uv":[0.875,7,0.625,7.375],"texture":"#0"}}},{"from":[8,16.5,5.5],"to":[9,20.5,7],"rotation":{"angle":0,"axis":"y","origin":[15.5,2,0]},"faces":{"north":{"uv":[0.625,7,0.375,8],"texture":"#0"},"east":{"uv":[0.375,7,0,8],"texture":"#0"},"south":{"uv":[0.375,7,0.625,8],"texture":"#0"},"west":{"uv":[0.375,7,0,8],"texture":"#0"},"up":{"uv":[0.625,7.375,0.875,7],"texture":"#0"},"down":{"uv":[0.625,7.375,0.875,7],"texture":"#0"}}},{"from":[8,16.5,9],"to":[9,20.5,10.5],"rotation":{"angle":0,"axis":"y","origin":[15.5,2,16]},"faces":{"north":{"uv":[0.625,7,0.375,8],"texture":"#0"},"east":{"uv":[0,7,0.375,8],"texture":"#0"},"south":{"uv":[0.375,7,0.625,8],"texture":"#0"},"west":{"uv":[0,7,0.375,8],"texture":"#0"},"up":{"uv":[0.625,7,0.875,7.375],"texture":"#0"},"down":{"uv":[0.625,7,0.875,7.375],"texture":"#0"}}},{"from":[8,12.5,5.5],"to":[10,16.5,10.5],"rotation":{"angle":0,"axis":"y","origin":[15.5,2,0]},"faces":{"north":{"uv":[0,5.75,0.5,6.75],"texture":"#0"},"east":{"uv":[1.75,5.75,0.5,6.75],"texture":"#0"},"south":{"uv":[0.5,5.75,0,6.75],"texture":"#0"},"west":{"uv":[1.75,5.75,0.5,6.75],"texture":"#0"},"up":{"uv":[0.875,8,1.375,6.75],"texture":"#0"},"down":{"uv":[0.875,8,1.375,6.75],"texture":"#0"}}},{"from":[6.5,9.5,6],"to":[9.5,11.5,10],"rotation":{"angle":0,"axis":"y","origin":[-0.5,2,0]},"faces":{"north":{"uv":[2.5,8.5,3.25,9],"texture":"#0"},"east":{"uv":[2.25,8,3.25,8.5],"texture":"#0"},"south":{"uv":[2.5,8.5,3.25,9],"texture":"#0"},"west":{"uv":[2.25,8,3.25,8.5],"texture":"#0"},"up":{"uv":[2.25,7.75,1.5,6.75],"texture":"#0"},"down":{"uv":[2.25,7.75,1.5,6.75],"texture":"#0"}}},{"from":[6.5,0.5,6],"to":[9.5,2.5,10],"rotation":{"angle":0,"axis":"y","origin":[-0.5,2,0]},"faces":{"north":{"uv":[2.5,8.5,3.25,9],"texture":"#0"},"east":{"uv":[2.25,8,3.25,8.5],"texture":"#0"},"south":{"uv":[2.5,8.5,3.25,9],"texture":"#0"},"west":{"uv":[2.25,8,3.25,8.5],"texture":"#0"},"up":{"uv":[2.25,7.75,1.5,6.75],"texture":"#0"},"down":{"uv":[2.25,7.75,1.5,6.75],"texture":"#0"}}},{"from":[8,12.5,5],"to":[8,31.5,11],"rotation":{"angle":0,"axis":"y","origin":[0,2,0]},"faces":{"north":{"uv":[0.125,0,0.125,4.75],"texture":"#0"},"east":{"uv":[14.375,0,15.875,4.75],"texture":"#0"},"south":{"uv":[0.125,0,0.125,4.75],"texture":"#0"},"west":{"uv":[15.875,0,14.375,4.75],"texture":"#0"},"up":{"uv":[0.125,0,0.125,1.5],"texture":"#0"},"down":{"uv":[0.125,0,0.125,1.5],"texture":"#0"}}},{"from":[7,6,0],"to":[9,8,4],"rotation":{"angle":22.5,"axis":"x","origin":[-0.5,-1,16]},"faces":{"north":{"uv":[3,8.5,2.5,9],"texture":"#0"},"east":{"uv":[3.25,8,2.25,8.5],"texture":"#0"},"south":{"uv":[3,8.5,2.5,9],"texture":"#0"},"west":{"uv":[3.25,8,2.25,8.5],"texture":"#0"},"up":{"uv":[2,6.75,1.5,7.75],"texture":"#0"},"down":{"uv":[2,6.75,1.5,7.75],"texture":"#0"}}},{"from":[6,-1.5,6.75],"to":[10,1,9.25],"rotation":{"angle":0,"axis":"y","origin":[0,-9.5,9]},"faces":{"north":{"uv":[4.625,0.75,5.625,0.125],"texture":"#0"},"east":{"uv":[4,1.5,4.625,2.125],"texture":"#0"},"south":{"uv":[4.625,0.75,5.625,0.125],"texture":"#0"},"west":{"uv":[4,1.5,4.625,2.125],"texture":"#0"},"up":{"uv":[4,0.875,5,1.5],"texture":"#0"},"down":{"uv":[4,0.875,5,1.5],"texture":"#0"}}},{"from":[5.9,11,6.75],"to":[10.1,13.5,9.25],"rotation":{"angle":0,"axis":"y","origin":[0,-9.5,9]},"faces":{"north":{"uv":[4.625,0.75,5.625,0.125],"texture":"#0"},"east":{"uv":[4,1.5,4.625,2.125],"texture":"#0"},"south":{"uv":[4.625,0.75,5.625,0.125],"texture":"#0"},"west":{"uv":[4,1.5,4.625,2.125],"texture":"#0"},"up":{"uv":[4,0.875,5,1.5],"texture":"#0"},"down":{"uv":[4,0.875,5,1.5],"texture":"#0"}}},{"from":[7,6,12],"to":[9,8,16],"rotation":{"angle":-22.5,"axis":"x","origin":[-0.5,-1,0]},"faces":{"north":{"uv":[2.5,8.5,3,9],"texture":"#0"},"east":{"uv":[2.25,8,3.25,8.5],"texture":"#0"},"south":{"uv":[2.5,8.5,3,9],"texture":"#0"},"west":{"uv":[2.25,8,3.25,8.5],"texture":"#0"},"up":{"uv":[2,7.75,1.5,6.75],"texture":"#0"},"down":{"uv":[2,7.75,1.5,6.75],"texture":"#0"}}},{"from":[7,3.5,0],"to":[9,5.5,4],"rotation":{"angle":-22.5,"axis":"x","origin":[-0.5,12.5,16]},"faces":{"north":{"uv":[3,9,2.5,8.5],"texture":"#0"},"east":{"uv":[3.25,8.5,2.25,8],"texture":"#0"},"south":{"uv":[3,9,2.5,8.5],"texture":"#0"},"west":{"uv":[3.25,8.5,2.25,8],"texture":"#0"},"up":{"uv":[2,7.75,1.5,6.75],"texture":"#0"},"down":{"uv":[2,7.75,1.5,6.75],"texture":"#0"}}},{"from":[7,3.5,12],"to":[9,5.5,16],"rotation":{"angle":22.5,"axis":"x","origin":[-0.5,12.5,0]},"faces":{"north":{"uv":[2.5,9,3,8.5],"texture":"#0"},"east":{"uv":[2.25,8.5,3.25,8],"texture":"#0"},"south":{"uv":[2.5,9,3,8.5],"texture":"#0"},"west":{"uv":[2.25,8.5,3.25,8],"texture":"#0"},"up":{"uv":[2,6.75,1.5,7.75],"texture":"#0"},"down":{"uv":[2,6.75,1.5,7.75],"texture":"#0"}}},{"from":[7.9,13.5,5.5],"to":[7.9,23,10.5],"rotation":{"angle":0,"axis":"y","origin":[16,0,0]},"faces":{"north":{"uv":[0.125,0,0.125,2.375],"texture":"#0"},"east":{"uv":[16,10.375,14.75,12.75],"texture":"#0"},"south":{"uv":[0.125,0,0.125,2.375],"texture":"#0"},"west":{"uv":[16,10.375,14.75,12.75],"texture":"#0"},"up":{"uv":[0.125,0,0.125,1.25],"texture":"#0"},"down":{"uv":[0.125,0,0.125,1.25],"texture":"#0"}}},{"from":[8.1,13.5,5.5],"to":[8.1,23,10.5],"faces":{"north":{"uv":[0.125,0,0.125,2.375],"texture":"#0"},"east":{"uv":[14.75,10.375,16,12.75],"texture":"#0"},"south":{"uv":[0.125,0,0.125,2.375],"texture":"#0"},"west":{"uv":[14.75,10.375,16,12.75],"texture":"#0"},"up":{"uv":[0.125,0,0.125,1.25],"texture":"#0"},"down":{"uv":[0.125,0,0.125,1.25],"texture":"#0"}}},{"from":[8.1,-9.5,5.5],"to":[8.1,-1,10.5],"rotation":{"angle":0,"axis":"y","origin":[0,16,0]},"faces":{"north":{"uv":[0.125,2.125,0.125,0],"texture":"#0"},"east":{"uv":[14.75,12.5,16,10.375],"texture":"#0"},"south":{"uv":[0.125,2.125,0.125,0],"texture":"#0"},"west":{"uv":[14.75,12.5,16,10.375],"texture":"#0"},"up":{"uv":[0.125,1.25,0.125,0],"texture":"#0"},"down":{"uv":[0.125,1.25,0.125,0],"texture":"#0"}}},{"from":[7.9,-9.5,5.5],"to":[7.9,-1,10.5],"rotation":{"angle":0,"axis":"y","origin":[16,16,0]},"faces":{"north":{"uv":[0.125,2.125,0.125,0],"texture":"#0"},"east":{"uv":[16,12.5,14.75,10.375],"texture":"#0"},"south":{"uv":[0.125,2.125,0.125,0],"texture":"#0"},"west":{"uv":[16,12.5,14.75,10.375],"texture":"#0"},"up":{"uv":[0.125,1.25,0.125,0],"texture":"#0"},"down":{"uv":[0.125,1.25,0.125,0],"texture":"#0"}}},{"from":[5.8,12.5,5],"to":[5.8,16.5,11],"faces":{"north":{"uv":[0,0,0,8],"texture":"#1"},"east":{"uv":[0,0,12,8],"texture":"#1"},"south":{"uv":[0,0,0,8],"texture":"#1"},"west":{"uv":[0,0,12,8],"texture":"#1"},"up":{"uv":[0,0,0,12],"texture":"#1"},"down":{"uv":[0,0,0,12],"texture":"#1"}}},{"from":[10.2,12.5,5],"to":[10.2,16.5,11],"rotation":{"angle":0,"axis":"y","origin":[16,0,0]},"faces":{"north":{"uv":[0,0,0,8],"texture":"#1"},"east":{"uv":[12,0,0,8],"texture":"#1"},"south":{"uv":[0,0,0,8],"texture":"#1"},"west":{"uv":[12,0,0,8],"texture":"#1"},"up":{"uv":[0,0,0,12],"texture":"#1"},"down":{"uv":[0,0,0,12],"texture":"#1"}}},{"from":[5.6,9,5.25],"to":[5.6,15,11.25],"rotation":{"angle":0,"axis":"y","origin":[16,0,0]},"faces":{"north":{"uv":[0,0,0,12],"texture":"#2"},"east":{"uv":[0,0,12,12],"texture":"#2"},"south":{"uv":[0,0,0,12],"texture":"#2"},"west":{"uv":[12,0,0,12],"texture":"#2"},"up":{"uv":[0,0,0,12],"rotation":180,"texture":"#2"},"down":{"uv":[0,0,0,12],"rotation":180,"texture":"#2"}}},{"from":[10.4,9,5.25],"to":[10.4,15,11.25],"faces":{"north":{"uv":[0,0,0,12],"texture":"#2"},"east":{"uv":[0,0,12,12],"texture":"#2"},"south":{"uv":[0,0,0,12],"texture":"#2"},"west":{"uv":[12,0,0,12],"texture":"#2"},"up":{"uv":[0,0,0,12],"rotation":180,"texture":"#2"},"down":{"uv":[0,0,0,12],"rotation":180,"texture":"#2"}}}],"gui_light":"front","display":{"thirdperson_righthand":{"translation":[0,-0.5,1.75],"scale":[0.7,0.7,0.7]},"thirdperson_lefthand":{"translation":[0,-0.5,1.75],"scale":[0.7,0.7,0.7]},"firstperson_righthand":{"translation":[0.5,5.75,2.25],"scale":[0.38281,0.38281,0.38281]},"firstperson_lefthand":{"translation":[0.5,5.75,2.25],"scale":[0.38281,0.38281,0.38281]},"ground":{"rotation":[45,0,0],"translation":[0,9,0],"scale":[0.45,0.45,0.45]},"gui":{"rotation":[-90,-45,-90],"scale":[0.44688,0.44688,0.44688]},"head":{"scale":[0,0,0]},"fixed":{"rotation":[0,90,0],"translation":[0,3,-1.5],"scale":[1.5,1.5,1.5]}}}