{"credit":"MadewithBlockbench","texture_size":[8,8],"textures":{"0":"bumble:easter/items/texture_01","1":"bumble:easter/items/texture_animation_02","particle":"bumble:easter/items/texture_01"},"elements":[{"from":[7,0.5,6.5],"to":[9,3.5,9.5],"rotation":{"angle":0,"axis":"y","origin":[-0.5,14,0]},"faces":{"north":{"uv":[2.25,7,2.75,7.75],"texture":"#0"},"east":{"uv":[2.25,6.25,3,7],"texture":"#0"},"south":{"uv":[2.25,7,2.75,7.75],"texture":"#0"},"west":{"uv":[2.25,6.25,3,7],"texture":"#0"},"up":{"uv":[3,9,2.5,9.75],"texture":"#0"},"down":{"uv":[3.25,7,2.75,7.75],"texture":"#0"}}},{"from":[7.25,0,7],"to":[8.75,0.5,9],"rotation":{"angle":0,"axis":"y","origin":[-0.5,14,0]},"faces":{"north":{"uv":[0.25,2.875,0.75,3],"texture":"#0"},"east":{"uv":[0.25,2.875,0.75,3],"texture":"#0"},"south":{"uv":[0.25,2.875,0.75,3],"texture":"#0"},"west":{"uv":[0.25,2.875,0.75,3],"texture":"#0"},"up":{"uv":[3.375,6.5,3,7],"texture":"#0"},"down":{"uv":[3.375,6.5,3,7],"texture":"#0"}}},{"from":[7.25,3.5,7],"to":[8.75,4,9],"rotation":{"angle":0,"axis":"y","origin":[-0.5,14,0]},"faces":{"north":{"uv":[0.375,6.75,0.875,6.875],"texture":"#0"},"east":{"uv":[0.375,6.75,0.875,6.875],"texture":"#0"},"south":{"uv":[0.375,6.75,0.875,6.875],"texture":"#0"},"west":{"uv":[0.375,6.75,0.875,6.875],"texture":"#0"}}},{"from":[7,0.5,11],"to":[9,2.5,15],"rotation":{"angle":-22.5,"axis":"x","origin":[-0.5,-6.5,0]},"faces":{"north":{"uv":[2.5,8.5,3,9],"texture":"#0"},"east":{"uv":[2.25,8,3.25,8.5],"texture":"#0"},"south":{"uv":[2.5,8.5,3,9],"texture":"#0"},"west":{"uv":[2.25,8,3.25,8.5],"texture":"#0"},"up":{"uv":[2,7.75,1.5,6.75],"texture":"#0"},"down":{"uv":[2,7.75,1.5,6.75],"texture":"#0"}}},{"from":[7,0.5,1],"to":[9,2.5,5],"rotation":{"angle":22.5,"axis":"x","origin":[-0.5,-6.5,16]},"faces":{"north":{"uv":[3,8.5,2.5,9],"texture":"#0"},"east":{"uv":[3.25,8,2.25,8.5],"texture":"#0"},"south":{"uv":[3,8.5,2.5,9],"texture":"#0"},"west":{"uv":[3.25,8,2.25,8.5],"texture":"#0"},"up":{"uv":[2,6.75,1.5,7.75],"texture":"#0"},"down":{"uv":[2,6.75,1.5,7.75],"texture":"#0"}}},{"from":[6.5,4,6],"to":[9.5,6,10],"rotation":{"angle":0,"axis":"y","origin":[-0.5,14,0]},"faces":{"north":{"uv":[2.5,8.5,3.25,9],"texture":"#0"},"east":{"uv":[2.25,8,3.25,8.5],"texture":"#0"},"south":{"uv":[2.5,8.5,3.25,9],"texture":"#0"},"west":{"uv":[2.25,8,3.25,8.5],"texture":"#0"},"up":{"uv":[2.25,7.75,1.5,6.75],"texture":"#0"},"down":{"uv":[2.25,7.75,1.5,6.75],"texture":"#0"}}},{"from":[6,5.5,6.75],"to":[10,8,9.25],"rotation":{"angle":45,"axis":"x","origin":[8,6.75,8]},"faces":{"north":{"uv":[4.625,0.75,5.625,0.125],"texture":"#0"},"east":{"uv":[4,1.5,4.625,2.125],"texture":"#0"},"south":{"uv":[4.625,0.75,5.625,0.125],"texture":"#0"},"west":{"uv":[4,1.5,4.625,2.125],"texture":"#0"},"up":{"uv":[4,0.875,5,1.5],"texture":"#0"},"down":{"uv":[4,0.875,5,1.5],"texture":"#0"}}},{"from":[8,7,5.5],"to":[8,17,10.5],"faces":{"north":{"uv":[0,0,0,2.5],"texture":"#missing"},"east":{"uv":[13.375,4.5,12.125,7],"texture":"#0"},"south":{"uv":[0,0,0,2.5],"texture":"#missing"},"west":{"uv":[12.125,4.5,13.375,7],"texture":"#0"},"up":{"uv":[0,0,0,1.25],"texture":"#missing"},"down":{"uv":[0,0,0,1.25],"texture":"#missing"}}},{"from":[5.8,4,5.2],"to":[5.8,10,11.2],"rotation":{"angle":0,"axis":"y","origin":[16,0,0]},"faces":{"north":{"uv":[0,12,0,0],"texture":"#1"},"east":{"uv":[0,0,12,12],"texture":"#1"},"south":{"uv":[0,12,0,0],"texture":"#1"},"west":{"uv":[12,0,0,12],"texture":"#1"},"up":{"uv":[0,12,0,0],"rotation":180,"texture":"#1"},"down":{"uv":[0,12,0,0],"rotation":180,"texture":"#1"}}},{"from":[10.2,4,5.2],"to":[10.2,10,11.2],"faces":{"north":{"uv":[0,12,0,0],"texture":"#1"},"east":{"uv":[0,0,12,12],"texture":"#1"},"south":{"uv":[0,12,0,0],"texture":"#1"},"west":{"uv":[12,0,0,12],"texture":"#1"},"up":{"uv":[0,12,0,0],"rotation":180,"texture":"#1"},"down":{"uv":[0,12,0,0],"rotation":180,"texture":"#1"}}}],"gui_light":"front","display":{"thirdperson_righthand":{"rotation":[-20.25,0,0],"translation":[0,2,0],"scale":[0.65703,0.65703,0.65703]},"thirdperson_lefthand":{"rotation":[-20.25,0,0],"translation":[0,2,0],"scale":[0.65703,0.65703,0.65703]},"firstperson_righthand":{"rotation":[-90,0,0],"translation":[-1.75,5.75,3.75],"scale":[0.50977,0.50977,0.50977]},"firstperson_lefthand":{"rotation":[-90,0,0],"translation":[-1.75,5.75,3.75],"scale":[0.50977,0.50977,0.50977]},"ground":{"rotation":[-180,0,0],"translation":[0,7,0],"scale":[0.8,0.8,0.8]},"gui":{"rotation":[-90,90,-90],"translation":[0.25,0,0],"scale":[0.91953,0.91953,0.91953]},"head":{"scale":[0,0,0]},"fixed":{"rotation":[180,90,0],"translation":[0,0.5,-3.5],"scale":[1.75781,1.75781,1.75781]}}}