{"credit":"MadewithBlockbench","texture_size":[8,8],"textures":{"0":"bumble:easter/items/texture_01","1":"bumble:easter/items/texture_animation_02","particle":"bumble:easter/items/texture_01"},"elements":[{"from":[7.5,0,7],"to":[8.5,11,9],"rotation":{"angle":0,"axis":"y","origin":[-0.5,0,0]},"faces":{"north":{"uv":[3.75,0,4,2.75],"texture":"#0"},"east":{"uv":[3.75,0,3.25,2.75],"texture":"#0"},"south":{"uv":[3.75,0,4,2.75],"texture":"#0"},"west":{"uv":[3.25,0,3.75,2.75],"texture":"#0"}}},{"from":[7,-9,6.5],"to":[9,0,9.5],"rotation":{"angle":0,"axis":"y","origin":[-0.5,0,0]},"faces":{"north":{"uv":[4.25,2.75,4.75,5],"texture":"#0"},"east":{"uv":[3,2.75,3.75,5],"texture":"#0"},"south":{"uv":[3.75,2.75,4.25,5],"texture":"#0"},"west":{"uv":[3,2.75,3.75,5],"texture":"#0"},"up":{"uv":[2.25,6.75,1.75,6],"texture":"#0"},"down":{"uv":[2.25,6.75,1.75,6],"texture":"#0"}}},{"from":[8,13.5,8],"to":[8,24.5,14.5],"rotation":{"angle":45,"axis":"y","origin":[8,25.5,8]},"faces":{"north":{"uv":[0,0,0,2.75],"texture":"#missing"},"east":{"uv":[11.75,12.875,13.375,15.625],"texture":"#0"},"south":{"uv":[0,0,0,2.75],"texture":"#missing"},"west":{"uv":[13.375,12.875,11.75,15.625],"texture":"#0"},"up":{"uv":[0,0,0,1.625],"texture":"#missing"},"down":{"uv":[0,0,0,1.625],"texture":"#missing"}}},{"from":[8,13.5,8],"to":[8,24.5,14.5],"rotation":{"angle":-45,"axis":"y","origin":[8,25.5,8]},"faces":{"north":{"uv":[0,0,0,2.75],"texture":"#missing"},"east":{"uv":[11.75,12.875,13.375,15.625],"texture":"#0"},"south":{"uv":[0,0,0,2.75],"texture":"#missing"},"west":{"uv":[13.375,12.875,11.75,15.625],"texture":"#0"},"up":{"uv":[0,0,0,1.625],"texture":"#missing"},"down":{"uv":[0,0,0,1.625],"texture":"#missing"}}},{"from":[8,13.5,1.5],"to":[8,24.5,8],"rotation":{"angle":-45,"axis":"y","origin":[8,25.5,8]},"faces":{"north":{"uv":[0,0,0,2.75],"texture":"#missing"},"east":{"uv":[13.375,12.875,11.75,15.625],"texture":"#0"},"south":{"uv":[0,0,0,2.75],"texture":"#missing"},"west":{"uv":[11.75,12.875,13.375,15.625],"texture":"#0"},"up":{"uv":[0,1.625,0,0],"texture":"#missing"},"down":{"uv":[0,1.625,0,0],"texture":"#missing"}}},{"from":[8,13.5,1.5],"to":[8,24.5,8],"rotation":{"angle":45,"axis":"y","origin":[8,25.5,8]},"faces":{"north":{"uv":[0,0,0,2.75],"texture":"#missing"},"east":{"uv":[13.375,12.875,11.75,15.625],"texture":"#0"},"south":{"uv":[0,0,0,2.75],"texture":"#missing"},"west":{"uv":[11.75,12.875,13.375,15.625],"texture":"#0"},"up":{"uv":[0,1.625,0,0],"texture":"#missing"},"down":{"uv":[0,1.625,0,0],"texture":"#missing"}}},{"from":[7,-13.5,6.5],"to":[9,-10.5,9.5],"rotation":{"angle":0,"axis":"y","origin":[-0.5,0,0]},"faces":{"north":{"uv":[2.25,7,2.75,7.75],"texture":"#0"},"east":{"uv":[2.25,6.25,3,7],"texture":"#0"},"south":{"uv":[2.25,7,2.75,7.75],"texture":"#0"},"west":{"uv":[2.25,6.25,3,7],"texture":"#0"},"up":{"uv":[3,9,2.5,9.75],"texture":"#0"},"down":{"uv":[3.25,7,2.75,7.75],"texture":"#0"}}},{"from":[7.25,-14,7],"to":[8.75,-13.5,9],"rotation":{"angle":0,"axis":"y","origin":[-0.5,0,0]},"faces":{"north":{"uv":[0.25,2.875,0.75,3],"texture":"#0"},"east":{"uv":[0.25,2.875,0.75,3],"texture":"#0"},"south":{"uv":[0.25,2.875,0.75,3],"texture":"#0"},"west":{"uv":[0.25,2.875,0.75,3],"texture":"#0"},"up":{"uv":[3.375,6.5,3,7],"texture":"#0"},"down":{"uv":[3.375,6.5,3,7],"texture":"#0"}}},{"from":[7.25,16.5,3],"to":[8.75,18.5,3.5],"rotation":{"angle":0,"axis":"y","origin":[-0.5,0,0]},"faces":{"north":{"uv":[3.375,6.5,3,7],"rotation":180,"texture":"#0"},"east":{"uv":[0.25,2.875,0.75,3],"rotation":270,"texture":"#0"},"south":{"uv":[3.375,6.5,3,7],"texture":"#0"},"west":{"uv":[0.25,2.875,0.75,3],"rotation":90,"texture":"#0"},"up":{"uv":[0.25,2.875,0.75,3],"rotation":180,"texture":"#0"},"down":{"uv":[0.25,2.875,0.75,3],"texture":"#0"}}},{"from":[7,16,3.5],"to":[9,19,6.5],"rotation":{"angle":0,"axis":"y","origin":[-0.5,0,0]},"faces":{"north":{"uv":[3.25,7,2.75,7.75],"rotation":180,"texture":"#0"},"east":{"uv":[2.25,6.25,3,7],"rotation":270,"texture":"#0"},"south":{"uv":[3,9,2.5,9.75],"texture":"#0"},"west":{"uv":[2.25,6.25,3,7],"rotation":90,"texture":"#0"},"up":{"uv":[2.25,7,2.75,7.75],"rotation":180,"texture":"#0"},"down":{"uv":[2.25,7,2.75,7.75],"texture":"#0"}}},{"from":[7.25,16.5,12.5],"to":[8.75,18.5,13],"rotation":{"angle":0,"axis":"y","origin":[-0.5,0,16]},"faces":{"north":{"uv":[3,6.5,3.375,7],"texture":"#0"},"east":{"uv":[0.25,3,0.75,2.875],"rotation":270,"texture":"#0"},"south":{"uv":[3,6.5,3.375,7],"rotation":180,"texture":"#0"},"west":{"uv":[0.25,3,0.75,2.875],"rotation":90,"texture":"#0"},"up":{"uv":[0.25,3,0.75,2.875],"rotation":180,"texture":"#0"},"down":{"uv":[0.25,3,0.75,2.875],"texture":"#0"}}},{"from":[7,16,9.5],"to":[9,19,12.5],"rotation":{"angle":0,"axis":"y","origin":[-0.5,0,16]},"faces":{"north":{"uv":[2.5,9,3,9.75],"texture":"#0"},"east":{"uv":[2.25,7,3,6.25],"rotation":270,"texture":"#0"},"south":{"uv":[2.75,7,3.25,7.75],"rotation":180,"texture":"#0"},"west":{"uv":[2.25,7,3,6.25],"rotation":90,"texture":"#0"},"up":{"uv":[2.25,7.75,2.75,7],"rotation":180,"texture":"#0"},"down":{"uv":[2.25,7.75,2.75,7],"texture":"#0"}}},{"from":[4,16.5,7.25],"to":[4.5,18.5,8.75],"rotation":{"angle":0,"axis":"y","origin":[-0.5,0,16]},"faces":{"north":{"uv":[0.25,3,0.75,2.875],"rotation":90,"texture":"#0"},"east":{"uv":[3,6.5,3.375,7],"texture":"#0"},"south":{"uv":[0.25,3,0.75,2.875],"rotation":270,"texture":"#0"},"west":{"uv":[3,6.5,3.375,7],"rotation":180,"texture":"#0"},"up":{"uv":[0.25,3,0.75,2.875],"rotation":270,"texture":"#0"},"down":{"uv":[0.25,3,0.75,2.875],"rotation":270,"texture":"#0"}}},{"from":[4.5,16,7],"to":[7.5,19,9],"rotation":{"angle":0,"axis":"y","origin":[-0.5,0,16]},"faces":{"north":{"uv":[2.25,7,3,6.25],"rotation":90,"texture":"#0"},"east":{"uv":[2.5,9,3,9.75],"texture":"#0"},"south":{"uv":[2.25,7,3,6.25],"rotation":270,"texture":"#0"},"west":{"uv":[2.75,7,3.25,7.75],"rotation":180,"texture":"#0"},"up":{"uv":[2.25,7.75,2.75,7],"rotation":270,"texture":"#0"},"down":{"uv":[2.25,7.75,2.75,7],"rotation":270,"texture":"#0"}}},{"from":[8.5,16,7],"to":[11.5,19,9],"rotation":{"angle":0,"axis":"y","origin":[16.5,0,16]},"faces":{"north":{"uv":[2.25,6.25,3,7],"rotation":90,"texture":"#0"},"east":{"uv":[3.25,7,2.75,7.75],"rotation":180,"texture":"#0"},"south":{"uv":[2.25,6.25,3,7],"rotation":270,"texture":"#0"},"west":{"uv":[3,9,2.5,9.75],"texture":"#0"},"up":{"uv":[2.25,7,2.75,7.75],"rotation":270,"texture":"#0"},"down":{"uv":[2.25,7,2.75,7.75],"rotation":270,"texture":"#0"}}},{"from":[11.5,16.5,7.25],"to":[12,18.5,8.75],"rotation":{"angle":0,"axis":"y","origin":[16.5,0,16]},"faces":{"north":{"uv":[0.25,2.875,0.75,3],"rotation":90,"texture":"#0"},"east":{"uv":[3.375,6.5,3,7],"rotation":180,"texture":"#0"},"south":{"uv":[0.25,2.875,0.75,3],"rotation":270,"texture":"#0"},"west":{"uv":[3.375,6.5,3,7],"texture":"#0"},"up":{"uv":[0.25,2.875,0.75,3],"rotation":270,"texture":"#0"},"down":{"uv":[0.25,2.875,0.75,3],"rotation":270,"texture":"#0"}}},{"from":[7.25,-10.5,7],"to":[8.75,-10,9],"rotation":{"angle":0,"axis":"y","origin":[-0.5,0,0]},"faces":{"north":{"uv":[0.375,6.75,0.875,6.875],"texture":"#0"},"east":{"uv":[0.375,6.75,0.875,6.875],"texture":"#0"},"south":{"uv":[0.375,6.75,0.875,6.875],"texture":"#0"},"west":{"uv":[0.375,6.75,0.875,6.875],"texture":"#0"}}},{"from":[7.25,23,7],"to":[8.75,23.5,9],"rotation":{"angle":0,"axis":"y","origin":[-0.5,0,0]},"faces":{"north":{"uv":[0.25,2.875,0.75,3],"texture":"#0"},"east":{"uv":[0.25,2.875,0.75,3],"texture":"#0"},"south":{"uv":[0.25,2.875,0.75,3],"texture":"#0"},"west":{"uv":[0.25,2.875,0.75,3],"texture":"#0"},"up":{"uv":[3.375,6.5,3,7],"texture":"#0"},"down":{"uv":[3.375,6.5,3,7],"texture":"#0"}}},{"from":[6.5,-1,6],"to":[9.5,1,10],"rotation":{"angle":0,"axis":"y","origin":[-0.5,0,0]},"faces":{"north":{"uv":[2.5,8.5,3.25,9],"texture":"#0"},"east":{"uv":[2.25,8,3.25,8.5],"texture":"#0"},"south":{"uv":[2.5,8.5,3.25,9],"texture":"#0"},"west":{"uv":[2.25,8,3.25,8.5],"texture":"#0"},"up":{"uv":[2.25,7.75,1.5,6.75],"texture":"#0"},"down":{"uv":[2.25,7.75,1.5,6.75],"texture":"#0"}}},{"from":[7,7,12],"to":[9,9,16],"rotation":{"angle":-22.5,"axis":"x","origin":[-0.5,0,0]},"faces":{"north":{"uv":[2.5,8.5,3,9],"texture":"#0"},"east":{"uv":[2.25,8,3.25,8.5],"texture":"#0"},"south":{"uv":[2.5,8.5,3,9],"texture":"#0"},"west":{"uv":[2.25,8,3.25,8.5],"texture":"#0"},"up":{"uv":[2,7.75,1.5,6.75],"texture":"#0"},"down":{"uv":[2,7.75,1.5,6.75],"texture":"#0"}}},{"from":[7,7,0],"to":[9,9,4],"rotation":{"angle":22.5,"axis":"x","origin":[-0.5,0,16]},"faces":{"north":{"uv":[3,8.5,2.5,9],"texture":"#0"},"east":{"uv":[3.25,8,2.25,8.5],"texture":"#0"},"south":{"uv":[3,8.5,2.5,9],"texture":"#0"},"west":{"uv":[3.25,8,2.25,8.5],"texture":"#0"},"up":{"uv":[2,6.75,1.5,7.75],"texture":"#0"},"down":{"uv":[2,6.75,1.5,7.75],"texture":"#0"}}},{"from":[6.5,-10,6],"to":[9.5,-8,10],"rotation":{"angle":0,"axis":"y","origin":[-0.5,0,0]},"faces":{"north":{"uv":[2.5,8.5,3.25,9],"texture":"#0"},"east":{"uv":[2.25,8,3.25,8.5],"texture":"#0"},"south":{"uv":[2.5,8.5,3.25,9],"texture":"#0"},"west":{"uv":[2.25,8,3.25,8.5],"texture":"#0"},"up":{"uv":[2.25,7.75,1.5,6.75],"texture":"#0"},"down":{"uv":[2.25,7.75,1.5,6.75],"texture":"#0"}}},{"from":[8,7.5,4],"to":[8,11.5,7],"rotation":{"angle":45,"axis":"x","origin":[-0.5,0,0]},"faces":{"north":{"uv":[0,0,0,1],"texture":"#missing"},"east":{"uv":[0.75,13,0,14],"texture":"#0"},"south":{"uv":[0,0,0,1],"texture":"#missing"},"west":{"uv":[0,13,0.75,14],"texture":"#0"},"up":{"uv":[0,0,0,0.75],"texture":"#missing"},"down":{"uv":[0,0,0,0.75],"texture":"#missing"}}},{"from":[8,10,13],"to":[8,13,15],"rotation":{"angle":-45,"axis":"x","origin":[-0.5,0,16]},"faces":{"north":{"uv":[0,0,0,0.75],"texture":"#missing"},"east":{"uv":[0.75,13.25,1.25,14],"texture":"#0"},"south":{"uv":[0,0,0,0.75],"texture":"#missing"},"west":{"uv":[1.25,13.25,0.75,14],"texture":"#0"},"up":{"uv":[0,0.5,0,0],"texture":"#missing"},"down":{"uv":[0,0.5,0,0],"texture":"#missing"}}},{"from":[5.5,11,6.75],"to":[10.5,13.5,9.25],"faces":{"north":{"uv":[4.625,0.75,5.875,0.125],"texture":"#0"},"east":{"uv":[4,1.5,4.625,2.125],"texture":"#0"},"south":{"uv":[4.625,0.75,5.875,0.125],"texture":"#0"},"west":{"uv":[4,1.5,4.625,2.125],"texture":"#0"},"up":{"uv":[4,0.875,5.25,1.5],"texture":"#0"},"down":{"uv":[4,0.875,5.25,1.5],"texture":"#0"}}},{"from":[6,20.4,5.5],"to":[10,21.9,10.5],"rotation":{"angle":0,"axis":"y","origin":[-0.5,0,0]},"faces":{"north":{"uv":[0,14,1,14.375],"texture":"#0"},"east":{"uv":[0,15.625,1.25,16],"texture":"#0"},"south":{"uv":[0,14,1,14.375],"texture":"#0"},"west":{"uv":[0,15.625,1.25,16],"texture":"#0"},"up":{"uv":[1,15.625,0,14.375],"texture":"#0"},"down":{"uv":[1,15.625,0,14.375],"texture":"#0"}}},{"from":[6.5,21.9,6.5],"to":[9.5,22.9,9.5],"rotation":{"angle":0,"axis":"y","origin":[-0.5,0,0]},"faces":{"north":{"uv":[1.25,15,2,15.25],"texture":"#0"},"east":{"uv":[1.25,15,2,15.25],"texture":"#0"},"south":{"uv":[1.25,15,2,15.25],"texture":"#0"},"west":{"uv":[1.25,15,2,15.25],"texture":"#0"},"up":{"uv":[2,16,1.25,15.25],"texture":"#0"},"down":{"uv":[2,16,1.25,15.25],"texture":"#0"}}},{"from":[5.5,14.4,4.5],"to":[10.5,20.4,11.5],"rotation":{"angle":0,"axis":"y","origin":[-0.5,0,0]},"faces":{"north":{"uv":[1.75,2.75,3,4.25],"texture":"#0"},"east":{"uv":[0,4.25,1.75,5.75],"texture":"#0"},"south":{"uv":[1.75,2.75,3,4.25],"texture":"#0"},"west":{"uv":[0,4.25,1.75,5.75],"texture":"#0"},"up":{"uv":[3,6,1.75,4.25],"texture":"#0"},"down":{"uv":[3,6,1.75,4.25],"texture":"#0"}}},{"from":[6,13.4,5.5],"to":[10,14.4,10.5],"rotation":{"angle":0,"axis":"y","origin":[-0.5,0,0]},"faces":{"north":{"uv":[1,14.75,2,15],"texture":"#0"},"east":{"uv":[1,14.5,2.25,14.75],"texture":"#0"},"south":{"uv":[1,14.75,2,15],"texture":"#0"},"west":{"uv":[1,14.5,2.25,14.75],"texture":"#0"},"up":{"uv":[3,14.75,2,16],"texture":"#0"},"down":{"uv":[3,14.75,2,16],"texture":"#0"}}},{"from":[6.5,8,5],"to":[9.5,10,11],"rotation":{"angle":0,"axis":"y","origin":[-0.5,0,0]},"faces":{"north":{"uv":[0,9.5,0.75,10],"texture":"#0"},"east":{"uv":[0.75,8,2.25,8.5],"texture":"#0"},"south":{"uv":[0,9.5,0.75,10],"texture":"#0"},"west":{"uv":[0.75,8,2.25,8.5],"texture":"#0"},"up":{"uv":[0.75,9.5,0,8],"texture":"#0"},"down":{"uv":[0.75,9.5,0,8],"texture":"#0"}}},{"from":[8,19,9],"to":[8,31,13],"rotation":{"angle":0,"axis":"y","origin":[0,4,0]},"faces":{"north":{"uv":[0,3,0,0],"texture":"#missing"},"east":{"uv":[9.875,14.75,10.875,11.75],"texture":"#0"},"south":{"uv":[0,3,0,0],"texture":"#missing"},"west":{"uv":[10.875,14.75,9.875,11.75],"texture":"#0"},"up":{"uv":[0,1,0,0],"texture":"#missing"},"down":{"uv":[0,1,0,0],"texture":"#missing"}}},{"from":[8,19,3],"to":[8,31,7],"rotation":{"angle":0,"axis":"y","origin":[0,4,16]},"faces":{"north":{"uv":[0,3,0,0],"texture":"#missing"},"east":{"uv":[10.875,14.75,9.875,11.75],"texture":"#0"},"south":{"uv":[0,3,0,0],"texture":"#missing"},"west":{"uv":[9.875,14.75,10.875,11.75],"texture":"#0"},"up":{"uv":[0,0,0,1],"texture":"#missing"},"down":{"uv":[0,0,0,1],"texture":"#missing"}}},{"from":[5.4,9,5.2],"to":[5.4,15,11.2],"rotation":{"angle":0,"axis":"y","origin":[16,0,0]},"faces":{"north":{"uv":[0,12,0,0],"texture":"#1"},"east":{"uv":[0,0,12,12],"texture":"#1"},"south":{"uv":[0,12,0,0],"texture":"#1"},"west":{"uv":[12,0,0,12],"texture":"#1"},"up":{"uv":[0,12,0,0],"rotation":180,"texture":"#1"},"down":{"uv":[0,12,0,0],"rotation":180,"texture":"#1"}}},{"from":[10.6,9,5.2],"to":[10.6,15,11.2],"faces":{"north":{"uv":[0,12,0,0],"texture":"#1"},"east":{"uv":[0,0,12,12],"texture":"#1"},"south":{"uv":[0,12,0,0],"texture":"#1"},"west":{"uv":[12,0,0,12],"texture":"#1"},"up":{"uv":[0,12,0,0],"rotation":180,"texture":"#1"},"down":{"uv":[0,12,0,0],"rotation":180,"texture":"#1"}}}],"gui_light":"front","display":{"thirdperson_righthand":{"translation":[0,6.75,1.75],"scale":[0.7,0.7,0.7]},"thirdperson_lefthand":{"translation":[0,6.75,1.75],"scale":[0.7,0.7,0.7]},"firstperson_righthand":{"translation":[0.25,6.5,2.25],"scale":[0.38281,0.38281,0.38281]},"firstperson_lefthand":{"translation":[0.25,6.5,2.25],"scale":[0.38281,0.38281,0.38281]},"ground":{"rotation":[45,0,0],"translation":[0,9,0],"scale":[0.45,0.45,0.45]},"gui":{"rotation":[-90,-45,-90],"translation":[-0.75,-0.75,0],"scale":[0.43125,0.43125,0.43125]},"head":{"scale":[0,0,0]},"fixed":{"rotation":[0,90,0],"translation":[0,10,-1.5],"scale":[1.5,1.5,1.5]}}}