{
	"credit": "MadewithBlockbench",
	"texture_size": [8, 8],
	"textures": {
		"0": "bumble:easter/items/texture_01",
		"1": "bumble:easter/items/texture_animation_01",
		"2": "bumble:easter/items/texture_animation_02",
		"particle": "bumble:easter/items/texture_01"
	},
	"elements": [
		{
			"from": [7.25, 18.1, 7],
			"to": [8.75, 18.6, 9],
			"rotation": {"angle": 0, "axis": "y", "origin": [-0.5, 16.6, 0]},
			"faces": {
				"north": {"uv": [0.375, 6.875, 0.875, 6.75], "texture": "#0"},
				"east": {"uv": [0.375, 6.875, 0.875, 6.75], "texture": "#0"},
				"south": {"uv": [0.375, 6.875, 0.875, 6.75], "texture": "#0"},
				"west": {"uv": [0.375, 6.875, 0.875, 6.75], "texture": "#0"}
			}
		},
		{
			"from": [7, 18.6, 6.5],
			"to": [9, 21.6, 9.5],
			"rotation": {"angle": 0, "axis": "y", "origin": [-0.5, 16.6, 0]},
			"faces": {
				"north": {"uv": [2.25, 7.75, 2.75, 7], "texture": "#0"},
				"east": {"uv": [2.25, 7, 3, 6.25], "texture": "#0"},
				"south": {"uv": [2.25, 7.75, 2.75, 7], "texture": "#0"},
				"west": {"uv": [2.25, 7, 3, 6.25], "texture": "#0"},
				"up": {"uv": [3.25, 7.75, 2.75, 7], "texture": "#0"},
				"down": {"uv": [3, 9.75, 2.5, 9], "texture": "#0"}
			}
		},
		{
			"from": [7.25, 21.6, 7],
			"to": [8.75, 22.1, 9],
			"rotation": {"angle": 0, "axis": "y", "origin": [-0.5, 16.6, 0]},
			"faces": {
				"north": {"uv": [0.25, 3, 0.75, 2.875], "texture": "#0"},
				"east": {"uv": [0.25, 3, 0.75, 2.875], "texture": "#0"},
				"south": {"uv": [0.25, 3, 0.75, 2.875], "texture": "#0"},
				"west": {"uv": [0.25, 3, 0.75, 2.875], "texture": "#0"},
				"up": {"uv": [3.375, 7, 3, 6.5], "texture": "#0"},
				"down": {"uv": [3.375, 7, 3, 6.5], "texture": "#0"}
			}
		},
		{
			"from": [5.5, 17.6, 9],
			"to": [6.5, 21.6, 10.5],
			"rotation": {"angle": 0, "axis": "y", "origin": [0.5, -4.4, 16]},
			"faces": {
				"north": {"uv": [0.375, 7, 0.625, 8], "texture": "#0"},
				"east": {"uv": [0.375, 7, 0, 8], "texture": "#0"},
				"south": {"uv": [0.625, 7, 0.375, 8], "texture": "#0"},
				"west": {"uv": [0.375, 7, 0, 8], "texture": "#0"},
				"up": {"uv": [0.875, 7, 0.625, 7.375], "texture": "#0"},
				"down": {"uv": [0.875, 7, 0.625, 7.375], "texture": "#0"}
			}
		},
		{
			"from": [5.5, 17.6, 5.5],
			"to": [6.5, 21.6, 7],
			"rotation": {"angle": 0, "axis": "y", "origin": [0.5, -4.4, 0]},
			"faces": {
				"north": {"uv": [0.375, 7, 0.625, 8], "texture": "#0"},
				"east": {"uv": [0, 7, 0.375, 8], "texture": "#0"},
				"south": {"uv": [0.625, 7, 0.375, 8], "texture": "#0"},
				"west": {"uv": [0, 7, 0.375, 8], "texture": "#0"},
				"up": {"uv": [0.875, 7.375, 0.625, 7], "texture": "#0"},
				"down": {"uv": [0.875, 7.375, 0.625, 7], "texture": "#0"}
			}
		},
		{
			"from": [5, 13.6, 5.5],
			"to": [7, 17.6, 10.5],
			"rotation": {"angle": 0, "axis": "y", "origin": [0.5, -4.4, 0]},
			"faces": {
				"north": {"uv": [0.5, 5.75, 0, 6.75], "texture": "#0"},
				"east": {"uv": [0.5, 5.75, 1.75, 6.75], "texture": "#0"},
				"south": {"uv": [0, 5.75, 0.5, 6.75], "texture": "#0"},
				"west": {"uv": [0.5, 5.75, 1.75, 6.75], "texture": "#0"},
				"up": {"uv": [1.375, 8, 0.875, 6.75], "texture": "#0"},
				"down": {"uv": [1.375, 8, 0.875, 6.75], "texture": "#0"}
			}
		},
		{
			"from": [6.6, 7, 12],
			"to": [8.6, 9, 16],
			"rotation": {"angle": -22.5, "axis": "x", "origin": [-0.9, 0, 0]},
			"faces": {
				"north": {"uv": [2.5, 8.5, 3, 9], "texture": "#0"},
				"east": {"uv": [2.25, 8, 3.25, 8.5], "texture": "#0"},
				"south": {"uv": [2.5, 8.5, 3, 9], "texture": "#0"},
				"west": {"uv": [2.25, 8, 3.25, 8.5], "texture": "#0"},
				"up": {"uv": [2, 7.75, 1.5, 6.75], "texture": "#0"},
				"down": {"uv": [2, 7.75, 1.5, 6.75], "texture": "#0"}
			}
		},
		{
			"from": [6.6, 7, 0],
			"to": [8.6, 9, 4],
			"rotation": {"angle": 22.5, "axis": "x", "origin": [-1.9, 0, 16]},
			"faces": {
				"north": {"uv": [3, 8.5, 2.5, 9], "texture": "#0"},
				"east": {"uv": [3.25, 8, 2.25, 8.5], "texture": "#0"},
				"south": {"uv": [3, 8.5, 2.5, 9], "texture": "#0"},
				"west": {"uv": [3.25, 8, 2.25, 8.5], "texture": "#0"},
				"up": {"uv": [2, 6.75, 1.5, 7.75], "texture": "#0"},
				"down": {"uv": [2, 6.75, 1.5, 7.75], "texture": "#0"}
			}
		},
		{
			"from": [6.5, 16.6, 8],
			"to": [9.5, 18.1, 14],
			"rotation": {"angle": 0, "axis": "y", "origin": [-0.5, -4.4, 16]},
			"faces": {
				"north": {"uv": [0.75, 12.125, 0, 12.5], "texture": "#0"},
				"east": {"uv": [1.5, 10, 0, 10.375], "texture": "#0"},
				"south": {"uv": [0.75, 12.125, 0, 12.5], "texture": "#0"},
				"west": {"uv": [1.5, 10, 0, 10.375], "texture": "#0"},
				"up": {"uv": [1.375, 10.5, 0.625, 12], "texture": "#0"},
				"down": {"uv": [1.375, 10.5, 0.625, 12], "texture": "#0"}
			}
		},
		{
			"from": [6.5, 13.9, 8],
			"to": [9.5, 15.4, 14],
			"rotation": {"angle": 0, "axis": "y", "origin": [-0.5, 11.6, 16]},
			"faces": {
				"north": {"uv": [0.75, 12.5, 0, 12.125], "texture": "#0"},
				"east": {"uv": [1.5, 10.375, 0, 10], "texture": "#0"},
				"south": {"uv": [0.75, 12.5, 0, 12.125], "texture": "#0"},
				"west": {"uv": [1.5, 10.375, 0, 10], "texture": "#0"},
				"up": {"uv": [0.75, 11.875, 0, 10.375], "texture": "#0"},
				"down": {"uv": [0.75, 11.875, 0, 10.375], "texture": "#0"}
			}
		},
		{
			"from": [6.5, 16.6, 2],
			"to": [9.5, 18.1, 8],
			"rotation": {"angle": 0, "axis": "y", "origin": [-0.5, -4.4, 0]},
			"faces": {
				"north": {"uv": [0, 12.125, 0.75, 12.5], "texture": "#0"},
				"east": {"uv": [0, 10, 1.5, 10.375], "texture": "#0"},
				"south": {"uv": [0, 12.125, 0.75, 12.5], "texture": "#0"},
				"west": {"uv": [0, 10, 1.5, 10.375], "texture": "#0"},
				"up": {"uv": [1.375, 12, 0.625, 10.5], "texture": "#0"},
				"down": {"uv": [1.375, 12, 0.625, 10.5], "texture": "#0"}
			}
		},
		{
			"from": [6.5, 13.9, 2],
			"to": [9.5, 15.4, 8],
			"rotation": {"angle": 0, "axis": "y", "origin": [-0.5, 11.6, 0]},
			"faces": {
				"north": {"uv": [0, 12.5, 0.75, 12.125], "texture": "#0"},
				"east": {"uv": [0, 10.375, 1.5, 10], "texture": "#0"},
				"south": {"uv": [0, 12.5, 0.75, 12.125], "texture": "#0"},
				"west": {"uv": [0, 10.375, 1.5, 10], "texture": "#0"},
				"up": {"uv": [0.75, 10.375, 0, 11.875], "texture": "#0"},
				"down": {"uv": [0.75, 10.375, 0, 11.875], "texture": "#0"}
			}
		},
		{
			"from": [6.75, 13.55, 10],
			"to": [9.25, 18.05, 13],
			"rotation": {"angle": 0, "axis": "y", "origin": [-0.5, 8.8, -4]},
			"faces": {
				"north": {"uv": [2.125, 11.375, 2.75, 12.5], "texture": "#0"},
				"east": {"uv": [2.875, 11.375, 2.125, 12.5], "texture": "#0"},
				"south": {"uv": [2.125, 11.375, 2.75, 12.5], "texture": "#0"},
				"west": {"uv": [2.125, 11.375, 2.875, 12.5], "texture": "#0"},
				"up": {"uv": [2.125, 10.625, 2.75, 11.375], "texture": "#0"},
				"down": {"uv": [2.125, 10.625, 2.75, 11.375], "texture": "#0"}
			}
		},
		{
			"from": [7, 19.6, 8],
			"to": [9, 23.6, 12],
			"rotation": {"angle": 22.5, "axis": "x", "origin": [-0.5, 8.8, -4]},
			"faces": {
				"north": {"uv": [4, 9, 4.5, 10], "texture": "#0"},
				"east": {"uv": [4, 9, 3, 10], "texture": "#0"},
				"south": {"uv": [4, 9, 4.5, 10], "texture": "#0"},
				"west": {"uv": [3, 9, 4, 10], "texture": "#0"},
				"up": {"uv": [4, 9, 4.5, 10], "texture": "#0"},
				"down": {"uv": [4, 9, 4.5, 10], "texture": "#0"}
			}
		},
		{
			"from": [7.25, 6.5, 12],
			"to": [8.75, 9.5, 17],
			"rotation": {"angle": 45, "axis": "x", "origin": [-0.5, 8.8, 22]},
			"faces": {
				"north": {"uv": [2.5, 9.75, 2.875, 10.5], "texture": "#0"},
				"east": {"uv": [5.75, 9.25, 4.5, 10], "texture": "#0"},
				"south": {"uv": [2.5, 9.75, 2.875, 10.5], "texture": "#0"},
				"west": {"uv": [4.5, 9.25, 5.75, 10], "texture": "#0"},
				"up": {"uv": [3.875, 7.75, 4.25, 9], "texture": "#0"},
				"down": {"uv": [3.875, 7.75, 4.25, 9], "texture": "#0"}
			}
		},
		{
			"from": [7.5, 14, 1.5],
			"to": [7.5, 27, 13.5],
			"rotation": {"angle": 22.5, "axis": "x", "origin": [8, 20.5, 7.5]},
			"faces": {
				"north": {"uv": [0, 0, 0, 3.25], "texture": "#missing"},
				"east": {"uv": [11.75, 12.75, 14.75, 16], "texture": "#0"},
				"south": {"uv": [0, 0, 0, 3.25], "texture": "#missing"},
				"west": {"uv": [14.75, 12.75, 11.75, 16], "texture": "#0"},
				"up": {"uv": [0, 0, 0, 2], "texture": "#missing"},
				"down": {"uv": [0, 0, 0, 2], "texture": "#missing"}
			}
		},
		{
			"from": [6.75, 13.55, 3],
			"to": [9.25, 18.05, 6],
			"rotation": {"angle": 0, "axis": "y", "origin": [-0.5, 8.8, 20]},
			"faces": {
				"north": {"uv": [2.75, 11.375, 2.125, 12.5], "texture": "#0"},
				"east": {"uv": [2.125, 11.375, 2.875, 12.5], "texture": "#0"},
				"south": {"uv": [2.75, 11.375, 2.125, 12.5], "texture": "#0"},
				"west": {"uv": [2.875, 11.375, 2.125, 12.5], "texture": "#0"},
				"up": {"uv": [2.125, 11.375, 2.75, 10.625], "texture": "#0"},
				"down": {"uv": [2.125, 11.375, 2.75, 10.625], "texture": "#0"}
			}
		},
		{
			"from": [7, 19.6, 4],
			"to": [9, 23.6, 8],
			"rotation": {"angle": -22.5, "axis": "x", "origin": [-0.5, 8.8, 20]},
			"faces": {
				"north": {"uv": [4.5, 9, 4, 10], "texture": "#0"},
				"east": {"uv": [3, 9, 4, 10], "texture": "#0"},
				"south": {"uv": [4.5, 9, 4, 10], "texture": "#0"},
				"west": {"uv": [4, 9, 3, 10], "texture": "#0"},
				"up": {"uv": [4, 10, 4.5, 9], "texture": "#0"},
				"down": {"uv": [4, 10, 4.5, 9], "texture": "#0"}
			}
		},
		{
			"from": [7.25, 6.5, -1],
			"to": [8.75, 9.5, 4],
			"rotation": {"angle": -45, "axis": "x", "origin": [-0.5, 8.8, -6]},
			"faces": {
				"north": {"uv": [2.875, 9.75, 2.5, 10.5], "texture": "#0"},
				"east": {"uv": [4.5, 9.25, 5.75, 10], "texture": "#0"},
				"south": {"uv": [2.875, 9.75, 2.5, 10.5], "texture": "#0"},
				"west": {"uv": [5.75, 9.25, 4.5, 10], "texture": "#0"},
				"up": {"uv": [3.875, 9, 4.25, 7.75], "texture": "#0"},
				"down": {"uv": [3.875, 9, 4.25, 7.75], "texture": "#0"}
			}
		},
		{
			"from": [5.7, 11, 6.75],
			"to": [9.7, 13.5, 9.25],
			"rotation": {"angle": 0, "axis": "y", "origin": [0.2, 0, 0]},
			"faces": {
				"north": {"uv": [4.625, 0.75, 5.625, 0.125], "texture": "#0"},
				"east": {"uv": [4, 1.5, 4.625, 2.125], "texture": "#0"},
				"south": {"uv": [4.625, 0.75, 5.625, 0.125], "texture": "#0"},
				"west": {"uv": [4, 1.5, 4.625, 2.125], "texture": "#0"},
				"up": {"uv": [4, 0.875, 5, 1.5], "texture": "#0"},
				"down": {"uv": [4, 0.875, 5, 1.5], "texture": "#0"}
			}
		},
		{
			"from": [8, -5.4, 0],
			"to": [8, 13.6, 16],
			"rotation": {"angle": 0, "axis": "y", "origin": [-0.5, 16, 0]},
			"faces": {
				"north": {"uv": [1.75, 4.25, 3, 2.75], "texture": "#0"},
				"east": {"uv": [3, 15.25, 7, 10.5], "texture": "#0"},
				"south": {"uv": [1.75, 4.25, 3, 2.75], "texture": "#0"},
				"west": {"uv": [3, 15.25, 7, 10.5], "texture": "#0"},
				"up": {"uv": [3, 4.25, 1.75, 6], "texture": "#0"},
				"down": {"uv": [3, 4.25, 1.75, 6], "texture": "#0"}
			}
		},
		{
			"from": [6.5, 7.5, 6.5],
			"to": [8.7, 10.5, 9.5],
			"rotation": {"angle": 0, "axis": "y", "origin": [8, 17, 5]},
			"faces": {
				"north": {"uv": [2.25, 7, 2.75, 7.75], "texture": "#0"},
				"east": {"uv": [2.25, 6.25, 3, 7], "texture": "#0"},
				"south": {"uv": [2.25, 7, 2.75, 7.75], "texture": "#0"},
				"west": {"uv": [2.25, 6.25, 3, 7], "texture": "#0"},
				"up": {"uv": [3, 9, 2.5, 9.75], "texture": "#0"},
				"down": {"uv": [3.25, 7, 2.75, 7.75], "texture": "#0"}
			}
		},
		{
			"from": [7, 10.5, 7],
			"to": [8.5, 11, 9],
			"rotation": {"angle": 0, "axis": "y", "origin": [8, 17, 5]},
			"faces": {
				"north": {"uv": [0.375, 6.75, 0.875, 6.875], "texture": "#0"},
				"east": {"uv": [0.375, 6.75, 0.875, 6.875], "texture": "#0"},
				"south": {"uv": [0.375, 6.75, 0.875, 6.875], "texture": "#0"},
				"west": {"uv": [0.375, 6.75, 0.875, 6.875], "texture": "#0"},
				"up": {"uv": [2.625, 9.125, 3, 9.625], "texture": "#0"},
				"down": {"uv": [2.625, 9.125, 3, 9.625], "texture": "#0"}
			}
		},
		{
			"from": [7, 7, 7],
			"to": [8.5, 7.5, 9],
			"rotation": {"angle": 0, "axis": "y", "origin": [8, 17, 5]},
			"faces": {
				"north": {"uv": [0.25, 2.875, 0.75, 3], "texture": "#0"},
				"east": {"uv": [0.25, 2.875, 0.75, 3], "texture": "#0"},
				"south": {"uv": [0.25, 2.875, 0.75, 3], "texture": "#0"},
				"west": {"uv": [0.25, 2.875, 0.75, 3], "texture": "#0"},
				"up": {"uv": [3.375, 6.5, 3, 7], "texture": "#0"},
				"down": {"uv": [3.375, 6.5, 3, 7], "texture": "#0"}
			}
		},
		{
			"from": [8.5, 9, 7],
			"to": [15.5, 10, 9],
			"rotation": {"angle": 0, "axis": "y", "origin": [-0.5, 16, 16]},
			"faces": {
				"north": {"uv": [3.75, 0.75, 4, 2.5], "rotation": 90, "texture": "#0"},
				"east": {"uv": [4, 2.125, 4.5, 2.375], "rotation": 180, "texture": "#0"},
				"south": {"uv": [3.75, 0.75, 4, 2.5], "rotation": 270, "texture": "#0"},
				"west": {"uv": [4, 2.125, 4.5, 2.375], "texture": "#0"},
				"up": {"uv": [3.75, 0.75, 3.25, 2.5], "rotation": 270, "texture": "#0"},
				"down": {"uv": [3.75, 0.75, 3.25, 2.5], "rotation": 270, "texture": "#0"}
			}
		},
		{
			"from": [8.5, 16, 7],
			"to": [15.5, 17, 9],
			"rotation": {"angle": 0, "axis": "y", "origin": [-0.5, 0, 16]},
			"faces": {
				"north": {"uv": [4, 0.75, 3.75, 2.5], "rotation": 90, "texture": "#0"},
				"east": {"uv": [4, 2.375, 4.5, 2.125], "rotation": 180, "texture": "#0"},
				"south": {"uv": [4, 0.75, 3.75, 2.5], "rotation": 270, "texture": "#0"},
				"west": {"uv": [4, 2.375, 4.5, 2.125], "texture": "#0"},
				"up": {"uv": [3.25, 0.75, 3.75, 2.5], "rotation": 270, "texture": "#0"},
				"down": {"uv": [3.25, 0.75, 3.75, 2.5], "rotation": 270, "texture": "#0"}
			}
		},
		{
			"from": [14.5, 10, 7],
			"to": [15.5, 16, 9],
			"rotation": {"angle": 0, "axis": "y", "origin": [-0.5, 16, 16]},
			"faces": {
				"north": {"uv": [8.625, 1.25, 8.875, 2.75], "texture": "#0"},
				"east": {"uv": [9.625, 1.25, 9.125, 2.75], "texture": "#0"},
				"south": {"uv": [8.875, 1.25, 9.125, 2.75], "texture": "#0"},
				"west": {"uv": [9.125, 1.25, 9.625, 2.75], "texture": "#0"},
				"up": {"uv": [0, 0, 0.5, 0.25], "rotation": 270, "texture": "#0"},
				"down": {"uv": [0, 0, 0.5, 0.25], "rotation": 270, "texture": "#0"}
			}
		},
		{
			"from": [8, 18, 9],
			"to": [8, 30, 13],
			"rotation": {"angle": 0, "axis": "y", "origin": [0, 4, 0]},
			"faces": {
				"north": {"uv": [0, 3, 0, 0], "texture": "#missing"},
				"east": {"uv": [9.875, 14.75, 10.875, 11.75], "texture": "#0"},
				"south": {"uv": [0, 3, 0, 0], "texture": "#missing"},
				"west": {"uv": [10.875, 14.75, 9.875, 11.75], "texture": "#0"},
				"up": {"uv": [0, 1, 0, 0], "texture": "#missing"},
				"down": {"uv": [0, 1, 0, 0], "texture": "#missing"}
			}
		},
		{
			"from": [8, 18, 3],
			"to": [8, 30, 7],
			"rotation": {"angle": 0, "axis": "y", "origin": [0, 4, 16]},
			"faces": {
				"north": {"uv": [0, 3, 0, 0], "texture": "#missing"},
				"east": {"uv": [10.875, 14.75, 9.875, 11.75], "texture": "#0"},
				"south": {"uv": [0, 3, 0, 0], "texture": "#missing"},
				"west": {"uv": [9.875, 14.75, 10.875, 11.75], "texture": "#0"},
				"up": {"uv": [0, 0, 0, 1], "texture": "#missing"},
				"down": {"uv": [0, 0, 0, 1], "texture": "#missing"}
			}
		},
		{
			"from": [4.9, 13.5, 5],
			"to": [4.9, 17.5, 11],
			"faces": {
				"north": {"uv": [0, 0, 0, 8], "texture": "#1"},
				"east": {"uv": [0, 0, 12, 8], "texture": "#1"},
				"south": {"uv": [0, 0, 0, 8], "texture": "#1"},
				"west": {"uv": [0, 0, 12, 8], "texture": "#1"},
				"up": {"uv": [0, 0, 0, 12], "texture": "#1"},
				"down": {"uv": [0, 0, 0, 12], "texture": "#1"}
			}
		},
		{
			"from": [4.8, 7, 5.2],
			"to": [4.8, 13, 11.2],
			"rotation": {"angle": 0, "axis": "y", "origin": [16, 0, 0]},
			"faces": {
				"north": {"uv": [0, 12, 0, 0], "texture": "#2"},
				"east": {"uv": [0, 0, 12, 12], "texture": "#2"},
				"south": {"uv": [0, 12, 0, 0], "texture": "#2"},
				"west": {"uv": [12, 0, 0, 12], "texture": "#2"},
				"up": {"uv": [0, 12, 0, 0], "rotation": 180, "texture": "#2"},
				"down": {"uv": [0, 12, 0, 0], "rotation": 180, "texture": "#2"}
			}
		}
	],
	"gui_light": "front",
	"display": {
		"thirdperson_righthand": {
			"rotation": [49.5, -90, 0],
			"translation": [0, -1, -3],
			"scale": [0.7, 0.7, 0.7]
		},
		"thirdperson_lefthand": {
			"rotation": [49.5, 90, 0],
			"translation": [0, -1, -3],
			"scale": [0.7, 0.7, 0.7]
		},
		"firstperson_righthand": {
			"rotation": [90, -69.75, 90],
			"translation": [-6.5, 3.75, 2],
			"scale": [0.47461, 0.47461, 0.47461]
		},
		"firstperson_lefthand": {
			"rotation": [-90, 69.06, 90],
			"translation": [-7, 3.75, 2],
			"scale": [0.47461, 0.47461, 0.47461]
		},
		"ground": {
			"translation": [0, 10, 0],
			"scale": [0.6, 0.6, 0.6]
		},
		"gui": {
			"rotation": [-90, -90, -90],
			"translation": [0, -1.75, 0],
			"scale": [0.4332, 0.4332, 0.4332]
		},
		"head": {
			"scale": [0, 0, 0]
		},
		"fixed": {
			"rotation": [-90, -90, -90],
			"translation": [0, -0.25, -1.25],
			"scale": [1.80273, 1.80273, 1.80273]
		}
	}
}