{"credit":"Made with Blockbench","texture_size":[128,128],"textures":{"0":"elitecreatures:scarecrow_animated_weapon_set/scarecrow_texture","1":"elitecreatures:scarecrow_animated_weapon_set/scarecrow_animation_01","4":"elitecreatures:scarecrow_animated_weapon_set/scarecrow_animation_04","5":"elitecreatures:scarecrow_animated_weapon_set/scarecrow_animation_03","particle":"elitecreatures:scarecrow_animated_weapon_set/scarecrow_texture"},"elements":[{"from":[9.5,3.6,-1.5],"to":[12.5,7.6,-1.5],"rotation":{"angle":-22.5,"axis":"x","origin":[12.6,3.1,6.4]},"faces":{"north":{"uv":[6,0,0,8],"texture":"#1"},"east":{"uv":[0,0,0,8],"texture":"#1"},"south":{"uv":[0,0,6,8],"texture":"#1"},"west":{"uv":[0,0,0,8],"texture":"#1"},"up":{"uv":[0,0,0,6],"rotation":90,"texture":"#1"},"down":{"uv":[0,6,0,0],"rotation":270,"texture":"#1"}}},{"from":[12.5,-3,-1.1],"to":[12.5,3,6.4],"rotation":{"angle":0,"axis":"y","origin":[11.5,-2,6.4]},"faces":{"north":{"uv":[0,4,0,4.75],"texture":"#0"},"east":{"uv":[0.9375,0,0,0.75],"texture":"#0"},"south":{"uv":[0,4,0,4.75],"texture":"#0"},"west":{"uv":[1.875,0,0.9375,0.75],"texture":"#0"},"up":{"uv":[0,5,0,5.9375],"texture":"#0"},"down":{"uv":[0,5,0,5.9375],"texture":"#0"}}},{"from":[3.5,3,-1.1],"to":[12.5,3,6.4],"rotation":{"angle":0,"axis":"y","origin":[4.5,-2,6.4]},"faces":{"north":{"uv":[0,0,1.125,0],"texture":"#0"},"east":{"uv":[0,0,0.9375,0],"texture":"#0"},"south":{"uv":[0,0,1.125,0],"texture":"#0"},"west":{"uv":[0,0,0.9375,0],"texture":"#0"},"up":{"uv":[2.25,1.375,3.375,2.3125],"texture":"#0"},"down":{"uv":[3.375,1.5,4.5,2.4375],"texture":"#0"}}},{"from":[3.5,3.6,-1.5],"to":[6.5,7.6,-1.5],"rotation":{"angle":-22.5,"axis":"x","origin":[3.4,3.1,6.4]},"faces":{"north":{"uv":[0,0,6,8],"texture":"#1"},"east":{"uv":[0,0,0,8],"texture":"#1"},"south":{"uv":[6,0,0,8],"texture":"#1"},"west":{"uv":[0,0,0,8],"texture":"#1"},"up":{"uv":[0,6,0,0],"rotation":90,"texture":"#1"},"down":{"uv":[0,0,0,6],"rotation":270,"texture":"#1"}}},{"from":[3.5,-3,-1.1],"to":[12.5,3,-1.1],"rotation":{"angle":0,"axis":"y","origin":[4.5,-2,6.4]},"faces":{"north":{"uv":[1.875,0,3,0.75],"texture":"#0"},"east":{"uv":[0,4,0,4.75],"texture":"#0"},"south":{"uv":[4.125,0,3,0.75],"texture":"#0"},"west":{"uv":[0,4,0,4.75],"texture":"#0"},"up":{"uv":[0,0,1.125,0],"texture":"#0"},"down":{"uv":[0,0,1.125,0],"texture":"#0"}}},{"from":[3.5,-3,-1.1],"to":[3.5,3,6.4],"rotation":{"angle":0,"axis":"y","origin":[4.5,-2,6.4]},"faces":{"north":{"uv":[0,4,0,4.75],"texture":"#0"},"east":{"uv":[1.875,0,0.9375,0.75],"texture":"#0"},"south":{"uv":[0,4,0,4.75],"texture":"#0"},"west":{"uv":[0,0,0.9375,0.75],"texture":"#0"},"up":{"uv":[0,5,0,5.9375],"texture":"#0"},"down":{"uv":[0,5,0,5.9375],"texture":"#0"}}},{"from":[6.5,-10.5,1.5],"to":[9.5,-5.5,3.5],"rotation":{"angle":0,"axis":"y","origin":[17,8,2.9]},"faces":{"north":{"uv":[6.75,2.875,7.125,3.5],"texture":"#0"},"east":{"uv":[7.125,2.875,7.375,3.5],"texture":"#0"},"south":{"uv":[6.75,2.875,7.125,3.5],"texture":"#0"},"west":{"uv":[7.125,2.875,7.375,3.5],"texture":"#0"},"up":{"uv":[6.375,3.25,6.75,3.5],"texture":"#0"},"down":{"uv":[6.375,3.25,6.75,3.5],"texture":"#0"}}},{"from":[3.5,-7,6.4],"to":[12.5,3,8.4],"rotation":{"angle":0,"axis":"y","origin":[0.5,-15,-0.6]},"faces":{"north":{"uv":[4.25,0,5.375,1.25],"texture":"#0"},"east":{"uv":[6.5,0,6.75,1.25],"texture":"#0"},"south":{"uv":[5.375,0,6.5,1.25],"texture":"#0"},"west":{"uv":[6.5,0,6.75,1.25],"texture":"#0"},"up":{"uv":[4.25,1.25,5.375,1.5],"texture":"#0"},"down":{"uv":[4.25,1.25,5.375,1.5],"texture":"#0"}}},{"from":[4.5,-5.5,8.4],"to":[11.5,2.5,12.4],"rotation":{"angle":0,"axis":"y","origin":[0.5,-14,-0.6]},"faces":{"north":{"uv":[7.25,0,8.125,1],"texture":"#0"},"east":{"uv":[7.25,0,6.75,1],"texture":"#0"},"south":{"uv":[7.25,0,8.125,1],"texture":"#0"},"west":{"uv":[6.75,0,7.25,1],"texture":"#0"},"up":{"uv":[4.5,1.5,5.375,2],"texture":"#0"},"down":{"uv":[4.5,1.5,5.375,2],"texture":"#0"}}},{"from":[5.5,-4,12.4],"to":[10.5,2,15.4],"rotation":{"angle":0,"axis":"y","origin":[0.5,-14,12.4]},"faces":{"north":{"uv":[6.375,1.25,5.75,2],"texture":"#0"},"east":{"uv":[5.75,1.25,5.375,2],"texture":"#0"},"south":{"uv":[6.375,1.25,5.75,2],"texture":"#0"},"west":{"uv":[5.375,1.25,5.75,2],"texture":"#0"},"up":{"uv":[7,1.25,6.375,1.625],"texture":"#0"},"down":{"uv":[7,1.25,6.375,1.625],"texture":"#0"}}},{"from":[-2.9,-0.9,11],"to":[0.1,3.1,11],"rotation":{"angle":22.5,"axis":"y","origin":[3.4,2.1,0.5]},"faces":{"north":{"uv":[0,0,6,8],"texture":"#1"},"east":{"uv":[0,0,0,8],"texture":"#1"},"south":{"uv":[6,0,0,8],"texture":"#1"},"west":{"uv":[0,0,0,8],"texture":"#1"},"up":{"uv":[0,6,0,0],"rotation":90,"texture":"#1"},"down":{"uv":[0,0,0,6],"rotation":270,"texture":"#1"}}},{"from":[14.3,-0.9,7.2],"to":[17.3,3.1,7.2],"rotation":{"angle":-22.5,"axis":"y","origin":[12.6,2.1,0.5]},"faces":{"north":{"uv":[6,0,0,8],"texture":"#1"},"east":{"uv":[0,0,0,8],"texture":"#1"},"south":{"uv":[0,0,6,8],"texture":"#1"},"west":{"uv":[0,0,0,8],"texture":"#1"},"up":{"uv":[0,0,0,6],"rotation":90,"texture":"#1"},"down":{"uv":[0,6,0,0],"rotation":270,"texture":"#1"}}},{"from":[1,-15,1],"to":[15,-15,15],"rotation":{"angle":0,"axis":"y","origin":[0,-15,16]},"faces":{"north":{"uv":[2.6875,4.25,2.6875,5.125],"texture":"#0"},"east":{"uv":[6.3125,3.6875,4.5625,4.5625],"texture":"#0"},"south":{"uv":[2.6875,4.25,2.6875,5.125],"texture":"#0"},"west":{"uv":[2.8125,3.6875,4.5625,4.5625],"texture":"#0"},"up":{"uv":[3.25,4.5625,5,6.3125],"rotation":270,"texture":"#0"},"down":{"uv":[3.25,4.5625,5,6.3125],"rotation":270,"texture":"#0"}}},{"from":[1,-8,15],"to":[15,-1,15],"rotation":{"angle":0,"axis":"y","origin":[0,1,0]},"faces":{"north":{"uv":[8.0625,5.25,6.3125,4.375],"texture":"#0"},"east":{"uv":[2.6875,5.125,2.6875,4.25],"texture":"#0"},"south":{"uv":[9.8125,5.25,8.0625,4.375],"texture":"#0"},"west":{"uv":[2.6875,5.125,2.6875,4.25],"texture":"#0"},"up":{"uv":[4.4375,4.25,2.6875,4.25],"texture":"#0"},"down":{"uv":[4.4375,4.25,2.6875,4.25],"texture":"#0"}}},{"from":[1,-15,15],"to":[15,-8,15],"rotation":{"angle":0,"axis":"y","origin":[0,15,0]},"faces":{"north":{"uv":[8.0625,4.375,6.3125,5.25],"texture":"#0"},"east":{"uv":[2.6875,4.25,2.6875,5.125],"texture":"#0"},"south":{"uv":[9.8125,4.375,8.0625,5.25],"texture":"#0"},"west":{"uv":[2.6875,4.25,2.6875,5.125],"texture":"#0"},"up":{"uv":[4.4375,4.25,2.6875,4.25],"texture":"#0"},"down":{"uv":[4.4375,4.25,2.6875,4.25],"texture":"#0"}}},{"from":[1,-15,1],"to":[15,-8,1],"rotation":{"angle":0,"axis":"y","origin":[0,15,16]},"faces":{"north":{"uv":[6.3125,3.5,8.0625,4.375],"texture":"#0"},"east":{"uv":[2.6875,4.25,2.6875,5.125],"texture":"#0"},"south":{"uv":[8.0625,3.5,9.8125,4.375],"texture":"#0"},"west":{"uv":[2.6875,4.25,2.6875,5.125],"texture":"#0"},"up":{"uv":[4.4375,4.25,2.6875,4.25],"texture":"#0"},"down":{"uv":[4.4375,4.25,2.6875,4.25],"texture":"#0"}}},{"from":[1,-8,1],"to":[15,-1,1],"rotation":{"angle":0,"axis":"y","origin":[0,1,16]},"faces":{"north":{"uv":[6.3125,4.375,8.0625,3.5],"texture":"#0"},"east":{"uv":[2.6875,5.125,2.6875,4.25],"texture":"#0"},"south":{"uv":[8.0625,4.375,9.8125,3.5],"texture":"#0"},"west":{"uv":[2.6875,5.125,2.6875,4.25],"texture":"#0"},"up":{"uv":[4.4375,4.25,2.6875,4.25],"texture":"#0"},"down":{"uv":[4.4375,4.25,2.6875,4.25],"texture":"#0"}}},{"from":[1,-1,1],"to":[15,-1,15],"rotation":{"angle":0,"axis":"y","origin":[0,1,16]},"faces":{"north":{"uv":[2.6875,5.125,2.6875,4.25],"texture":"#0"},"east":{"uv":[6.3125,4.5625,4.5625,3.6875],"texture":"#0"},"south":{"uv":[2.6875,5.125,2.6875,4.25],"texture":"#0"},"west":{"uv":[2.8125,4.5625,4.5625,3.6875],"texture":"#0"},"up":{"uv":[5,4.5625,3.25,6.3125],"rotation":270,"texture":"#0"},"down":{"uv":[5,4.5625,3.25,6.3125],"rotation":270,"texture":"#0"}}},{"from":[3,-15.1,3],"to":[13,-1.1,13],"rotation":{"angle":0,"axis":"y","origin":[0,1,16]},"faces":{"north":{"uv":[5,6.3125,6.25,4.5625],"texture":"#0"},"east":{"uv":[5,6.3125,6.25,4.5625],"texture":"#0"},"south":{"uv":[5,6.3125,6.25,4.5625],"texture":"#0"},"west":{"uv":[5,6.3125,6.25,4.5625],"texture":"#0"}}},{"from":[1,-15,1],"to":[1,-8,15],"rotation":{"angle":0,"axis":"y","origin":[0,15,16]},"faces":{"north":{"uv":[2.6875,4.25,2.6875,5.125],"texture":"#0"},"east":{"uv":[6.3125,3.6875,4.5625,4.5625],"texture":"#0"},"south":{"uv":[2.6875,4.25,2.6875,5.125],"texture":"#0"},"west":{"uv":[2.8125,3.6875,4.5625,4.5625],"texture":"#0"},"up":{"uv":[2.6875,4.25,4.4375,4.25],"rotation":90,"texture":"#0"},"down":{"uv":[2.6875,4.25,4.4375,4.25],"rotation":270,"texture":"#0"}}},{"from":[1,-8,1],"to":[1,-1,15],"rotation":{"angle":0,"axis":"y","origin":[0,1,16]},"faces":{"north":{"uv":[2.6875,5.125,2.6875,4.25],"texture":"#0"},"east":{"uv":[6.3125,4.5625,4.5625,3.6875],"texture":"#0"},"south":{"uv":[2.6875,5.125,2.6875,4.25],"texture":"#0"},"west":{"uv":[2.8125,4.5625,4.5625,3.6875],"texture":"#0"},"up":{"uv":[4.4375,4.25,2.6875,4.25],"rotation":270,"texture":"#0"},"down":{"uv":[4.4375,4.25,2.6875,4.25],"rotation":90,"texture":"#0"}}},{"from":[3.05647,23,4.0819],"to":[6.05647,27,4.0819],"rotation":{"angle":22.5,"axis":"y","origin":[5.89013,24.17625,4.61648]},"faces":{"north":{"uv":[0,0,6,8],"texture":"#1"},"east":{"uv":[0,0,0,8],"texture":"#1"},"south":{"uv":[6,0,0,8],"texture":"#1"},"west":{"uv":[0,0,0,8],"texture":"#1"},"up":{"uv":[0,6,0,0],"rotation":90,"texture":"#1"},"down":{"uv":[0,0,0,6],"rotation":270,"texture":"#1"}}},{"from":[3.90225,23.3654,3.6],"to":[5.90225,24.3654,5.6],"rotation":{"angle":22.5,"axis":"z","origin":[5.89013,24.17625,4.61648]},"faces":{"north":{"uv":[3,2.6875,2.75,2.8125],"texture":"#0"},"east":{"uv":[3,2.8125,2.75,2.9375],"texture":"#0"},"south":{"uv":[2.75,2.6875,3,2.8125],"texture":"#0"},"west":{"uv":[3,2.8125,2.75,2.9375],"texture":"#0"},"up":{"uv":[3,2.9375,2.75,3.1875],"texture":"#0"},"down":{"uv":[3,2.9375,2.75,3.1875],"texture":"#0"}}},{"from":[5.90225,21.3654,3.6],"to":[7.90225,24.3654,5.6],"rotation":{"angle":22.5,"axis":"z","origin":[5.89013,24.17625,4.61648]},"faces":{"north":{"uv":[2.75,2.4375,2.5,2.8125],"texture":"#0"},"east":{"uv":[2.75,2.8125,2.5,3.1875],"texture":"#0"},"south":{"uv":[2.75,2.4375,2.5,2.8125],"texture":"#0"},"west":{"uv":[2.75,2.8125,2.5,3.1875],"texture":"#0"},"up":{"uv":[3,2.4375,2.75,2.6875],"texture":"#0"},"down":{"uv":[3,2.4375,2.75,2.6875],"texture":"#0"}}},{"from":[5.90661,19.5,2.72635],"to":[9.90661,22.5,6.72635],"rotation":{"angle":0,"axis":"y","origin":[10.90661,14.2,-0.27365]},"faces":{"north":{"uv":[2.5,2.875,2,3.25],"texture":"#0"},"east":{"uv":[2.5,2.875,2,3.25],"texture":"#0"},"south":{"uv":[2.5,2.875,2,3.25],"texture":"#0"},"west":{"uv":[2.5,2.875,2,3.25],"texture":"#0"},"up":{"uv":[2.5,2.375,2,2.875],"rotation":90,"texture":"#0"},"down":{"uv":[2.5,2.375,2,2.875],"rotation":270,"texture":"#0"}}},{"from":[4.90661,17.5,1.72635],"to":[10.90661,19.5,7.72635],"rotation":{"angle":0,"axis":"y","origin":[10.90661,14.2,-0.27365]},"faces":{"north":{"uv":[2,3.125,1.25,3.375],"texture":"#0"},"east":{"uv":[2,3.375,1.25,3.625],"texture":"#0"},"south":{"uv":[2,3.125,1.25,3.375],"texture":"#0"},"west":{"uv":[2,3.375,1.25,3.625],"texture":"#0"},"up":{"uv":[2,2.375,1.25,3.125],"rotation":90,"texture":"#0"},"down":{"uv":[2,2.375,1.25,3.125],"rotation":270,"texture":"#0"}}},{"from":[2.90661,17,-0.27365],"to":[12.90661,18,9.72635],"rotation":{"angle":0,"axis":"y","origin":[10.90661,14.2,-0.27365]},"faces":{"north":{"uv":[1.25,3.625,0,3.75],"texture":"#0"},"east":{"uv":[1.25,3.75,0,3.875],"texture":"#0"},"south":{"uv":[1.25,3.625,0,3.75],"texture":"#0"},"west":{"uv":[1.25,3.75,0,3.875],"texture":"#0"},"up":{"uv":[1.25,2.375,0,3.625],"rotation":90,"texture":"#0"},"down":{"uv":[1.25,2.375,0,3.625],"rotation":270,"texture":"#0"}}},{"from":[4.40661,13,2.12635],"to":[11.40661,17,2.12635],"rotation":{"angle":0,"axis":"y","origin":[15.90661,-5,-3.27365]},"faces":{"north":{"uv":[0,0,14,8],"texture":"#4"},"east":{"uv":[0,0,0,8],"texture":"#4"},"west":{"uv":[0,0,0,8],"texture":"#4"},"up":{"uv":[0,14,0,0],"rotation":90,"texture":"#4"},"down":{"uv":[0,0,0,14],"rotation":270,"texture":"#4"}}},{"from":[5.40661,13,2.22635],"to":[10.40661,17,7.22635],"rotation":{"angle":0,"axis":"y","origin":[15.90661,-5,-3.27365]},"faces":{"north":{"uv":[0,0,0.625,0.5],"texture":"#0"},"east":{"uv":[0.9375,0,0.3125,0.5],"texture":"#0"},"south":{"uv":[0,0,0.625,0.5],"texture":"#0"},"west":{"uv":[0.3125,0,0.9375,0.5],"texture":"#0"},"up":{"uv":[1.375,1.6875,2,2.3125],"rotation":90,"texture":"#0"},"down":{"uv":[1.375,1.6875,2,2.3125],"rotation":270,"texture":"#0"}}},{"from":[5.40661,7.20711,1.72635],"to":[7.40661,9.20711,5.72635],"rotation":{"angle":-45,"axis":"z","origin":[7.90661,6.70711,3.72635]},"faces":{"north":{"uv":[2,3.25,2.25,3.5],"texture":"#0"},"east":{"uv":[2.75,3.25,2.25,3.5],"texture":"#0"},"south":{"uv":[2.25,3.25,2,3.5],"texture":"#0"},"west":{"uv":[2.75,3.25,2.25,3.5],"texture":"#0"},"up":{"uv":[2.75,3.5,2.25,3.25],"rotation":90,"texture":"#0"},"down":{"uv":[2.75,3.25,2.25,3.5],"rotation":270,"texture":"#0"}}},{"from":[6.10661,9,-3.67365],"to":[9.10661,13,-3.67365],"rotation":{"angle":-22.5,"axis":"x","origin":[11.40661,23.1,-0.87365]},"faces":{"north":{"uv":[0,0,6,8],"texture":"#1"},"east":{"uv":[0,0,0,0.5],"texture":"#1"},"south":{"uv":[6,0,0,8],"texture":"#1"},"west":{"uv":[0,0,0,0.5],"texture":"#1"},"up":{"uv":[0,0.375,0,0],"rotation":90,"texture":"#1"},"down":{"uv":[0,0,0,0.375],"rotation":270,"texture":"#1"}}},{"from":[3.90661,6,2.22635],"to":[7.90661,10,5.22635],"rotation":{"angle":-45,"axis":"z","origin":[7.90661,6,3.72635]},"faces":{"north":{"uv":[3,2.6875,3.5,3.1875],"rotation":90,"texture":"#0"},"east":{"uv":[3.5,3.0625,4,3.4375],"rotation":90,"texture":"#0"},"south":{"uv":[3,3.1875,3.5,2.6875],"rotation":90,"texture":"#0"},"west":{"uv":[3.5,3.0625,4,3.4375],"rotation":90,"texture":"#0"},"up":{"uv":[4,2.6875,3.5,3.0625],"rotation":180,"texture":"#0"},"down":{"uv":[4,2.6875,3.5,3.0625],"texture":"#0"}}},{"from":[7.85661,5.3,2.72635],"to":[10.35661,12.3,4.72635],"rotation":{"angle":0,"axis":"y","origin":[6.60661,8.8,3.72635]},"faces":{"north":{"uv":[5.375,2,5.6875,2.875],"texture":"#0"},"east":{"uv":[5.6875,2,5.9375,2.875],"texture":"#0"},"south":{"uv":[5.375,2,5.6875,2.875],"texture":"#0"},"west":{"uv":[5.6875,2,5.9375,2.875],"texture":"#0"},"up":{"uv":[5.9375,2,6.1875,2.3125],"rotation":90,"texture":"#0"},"down":{"uv":[5.9375,2,6.1875,2.3125],"rotation":270,"texture":"#0"}}},{"from":[7.85661,5.3,4.72635],"to":[10.35661,12.3,6.72635],"rotation":{"angle":0,"axis":"y","origin":[6.60661,8.8,5.72635]},"faces":{"north":{"uv":[5.6875,2,5.375,2.875],"texture":"#0"},"east":{"uv":[5.9375,2,5.6875,2.875],"texture":"#0"},"south":{"uv":[5.6875,2,5.375,2.875],"texture":"#0"},"west":{"uv":[5.9375,2,5.6875,2.875],"texture":"#0"},"up":{"uv":[6.1875,2,5.9375,2.3125],"rotation":90,"texture":"#0"},"down":{"uv":[6.1875,2,5.9375,2.3125],"rotation":270,"texture":"#0"}}},{"from":[5.35661,5.3,4.72635],"to":[7.85661,12.3,6.72635],"rotation":{"angle":0,"axis":"y","origin":[6.60661,8.8,5.72635]},"faces":{"north":{"uv":[5.6875,2,5.375,2.875],"texture":"#0"},"east":{"uv":[5.9375,2,5.6875,2.875],"texture":"#0"},"south":{"uv":[5.6875,2,5.375,2.875],"texture":"#0"},"west":{"uv":[5.9375,2,5.6875,2.875],"texture":"#0"},"up":{"uv":[6.1875,2,5.9375,2.3125],"rotation":90,"texture":"#0"},"down":{"uv":[6.1875,2,5.9375,2.3125],"rotation":270,"texture":"#0"}}},{"from":[5.35661,12.21626,5.51084],"to":[7.85661,13.91626,5.51084],"rotation":{"angle":22.5,"axis":"x","origin":[6.60661,8.8,5.72635]},"faces":{"north":{"uv":[6.375,1.8125,6.6875,2],"texture":"#0"},"east":{"uv":[5.9375,2,5.6875,2.875],"texture":"#0"},"south":{"uv":[6.6875,1.8125,6.375,2],"texture":"#0"},"west":{"uv":[5.9375,2,5.6875,2.875],"texture":"#0"},"up":{"uv":[6.1875,2,5.9375,2.3125],"rotation":90,"texture":"#0"},"down":{"uv":[6.1875,2,5.9375,2.3125],"rotation":270,"texture":"#0"}}},{"from":[7.85661,12.21626,5.51084],"to":[10.35661,13.91626,5.51084],"rotation":{"angle":22.5,"axis":"x","origin":[9.10661,8.8,5.72635]},"faces":{"north":{"uv":[6.375,1.8125,6.6875,2],"texture":"#0"},"east":{"uv":[5.9375,2,5.6875,2.875],"texture":"#0"},"south":{"uv":[6.6875,1.8125,6.375,2],"texture":"#0"},"west":{"uv":[5.9375,2,5.6875,2.875],"texture":"#0"},"up":{"uv":[6.1875,2,5.9375,2.3125],"rotation":90,"texture":"#0"},"down":{"uv":[6.1875,2,5.9375,2.3125],"rotation":270,"texture":"#0"}}},{"from":[8.87588,12.4928,4.72635],"to":[8.87588,13.9928,6.72635],"rotation":{"angle":-22.5,"axis":"z","origin":[9.10661,8.8,5.72635]},"faces":{"north":{"uv":[5.6875,2,5.6875,2.1875],"texture":"#0"},"east":{"uv":[6.625,1.8125,6.375,2],"texture":"#0"},"south":{"uv":[5.6875,2,5.6875,2.1875],"texture":"#0"},"west":{"uv":[6.375,1.8125,6.625,2],"texture":"#0"},"up":{"uv":[5.9375,2.25,5.9375,2],"rotation":180,"texture":"#0"},"down":{"uv":[5.9375,2.25,5.9375,2],"rotation":180,"texture":"#0"}}},{"from":[5.35661,3.68374,5.31084],"to":[7.85661,5.18374,5.31084],"rotation":{"angle":-22.5,"axis":"x","origin":[6.60661,8.8,5.72635]},"faces":{"north":{"uv":[6.375,2,6.6875,1.8125],"texture":"#0"},"east":{"uv":[5.9375,2.875,5.6875,2],"texture":"#0"},"south":{"uv":[6.6875,2,6.375,1.8125],"texture":"#0"},"west":{"uv":[5.9375,2.875,5.6875,2],"texture":"#0"},"up":{"uv":[6.1875,2.3125,5.9375,2],"rotation":90,"texture":"#0"},"down":{"uv":[6.1875,2.3125,5.9375,2],"rotation":270,"texture":"#0"}}},{"from":[7.85661,3.68374,5.31084],"to":[10.35661,5.18374,5.31084],"rotation":{"angle":-22.5,"axis":"x","origin":[9.10661,8.8,5.72635]},"faces":{"north":{"uv":[6.375,2,6.6875,1.8125],"texture":"#0"},"east":{"uv":[5.9375,2.875,5.6875,2],"texture":"#0"},"south":{"uv":[6.6875,2,6.375,1.8125],"texture":"#0"},"west":{"uv":[5.9375,2.875,5.6875,2],"texture":"#0"},"up":{"uv":[6.1875,2.3125,5.9375,2],"rotation":90,"texture":"#0"},"down":{"uv":[6.1875,2.3125,5.9375,2],"rotation":270,"texture":"#0"}}},{"from":[8.91414,3.69959,4.72635],"to":[8.91414,5.19959,6.72635],"rotation":{"angle":22.5,"axis":"z","origin":[9.10661,8.8,5.72635]},"faces":{"north":{"uv":[5.6875,2.1875,5.6875,2],"texture":"#0"},"east":{"uv":[6.625,2,6.375,1.8125],"texture":"#0"},"south":{"uv":[5.6875,2.1875,5.6875,2],"texture":"#0"},"west":{"uv":[6.375,2,6.625,1.8125],"texture":"#0"},"up":{"uv":[5.9375,2.25,5.9375,2],"texture":"#0"},"down":{"uv":[5.9375,2.25,5.9375,2],"texture":"#0"}}},{"from":[8.87588,12.4928,2.72635],"to":[8.87588,13.9928,4.72635],"rotation":{"angle":-22.5,"axis":"z","origin":[9.10661,8.8,3.72635]},"faces":{"north":{"uv":[5.6875,2,5.6875,2.1875],"texture":"#0"},"east":{"uv":[6.375,1.8125,6.625,2],"texture":"#0"},"south":{"uv":[5.6875,2,5.6875,2.1875],"texture":"#0"},"west":{"uv":[6.625,1.8125,6.375,2],"texture":"#0"},"up":{"uv":[5.9375,2,5.9375,2.25],"rotation":180,"texture":"#0"},"down":{"uv":[5.9375,2,5.9375,2.25],"rotation":180,"texture":"#0"}}},{"from":[8.91414,3.69959,2.72635],"to":[8.91414,5.19959,4.72635],"rotation":{"angle":22.5,"axis":"z","origin":[9.10661,8.8,3.72635]},"faces":{"north":{"uv":[5.6875,2.1875,5.6875,2],"texture":"#0"},"east":{"uv":[6.375,2,6.625,1.8125],"texture":"#0"},"south":{"uv":[5.6875,2.1875,5.6875,2],"texture":"#0"},"west":{"uv":[6.625,2,6.375,1.8125],"texture":"#0"},"up":{"uv":[5.9375,2,5.9375,2.25],"texture":"#0"},"down":{"uv":[5.9375,2,5.9375,2.25],"texture":"#0"}}},{"from":[7.85661,3.68374,4.14187],"to":[10.35661,5.18374,4.14187],"rotation":{"angle":22.5,"axis":"x","origin":[9.10661,8.8,3.72635]},"faces":{"north":{"uv":[6.375,2,6.6875,1.8125],"texture":"#0"},"east":{"uv":[5.6875,2.875,5.9375,2],"texture":"#0"},"south":{"uv":[6.6875,2,6.375,1.8125],"texture":"#0"},"west":{"uv":[5.6875,2.875,5.9375,2],"texture":"#0"},"up":{"uv":[5.9375,2.3125,6.1875,2],"rotation":90,"texture":"#0"},"down":{"uv":[5.9375,2.3125,6.1875,2],"rotation":270,"texture":"#0"}}},{"from":[5.35661,3.68374,4.14187],"to":[7.85661,5.18374,4.14187],"rotation":{"angle":22.5,"axis":"x","origin":[6.60661,8.8,3.72635]},"faces":{"north":{"uv":[6.375,2,6.6875,1.8125],"texture":"#0"},"east":{"uv":[5.6875,2.875,5.9375,2],"texture":"#0"},"south":{"uv":[6.6875,2,6.375,1.8125],"texture":"#0"},"west":{"uv":[5.6875,2.875,5.9375,2],"texture":"#0"},"up":{"uv":[5.9375,2.3125,6.1875,2],"rotation":90,"texture":"#0"},"down":{"uv":[5.9375,2.3125,6.1875,2],"rotation":270,"texture":"#0"}}},{"from":[6.79908,3.69959,2.72635],"to":[6.79908,5.19959,4.72635],"rotation":{"angle":-22.5,"axis":"z","origin":[6.60661,8.8,3.72635]},"faces":{"north":{"uv":[5.6875,2.1875,5.6875,2],"texture":"#0"},"east":{"uv":[6.375,2,6.625,1.8125],"texture":"#0"},"south":{"uv":[5.6875,2.1875,5.6875,2],"texture":"#0"},"west":{"uv":[6.625,2,6.375,1.8125],"texture":"#0"},"up":{"uv":[5.9375,2,5.9375,2.25],"texture":"#0"},"down":{"uv":[5.9375,2,5.9375,2.25],"texture":"#0"}}},{"from":[5.35661,5.3,2.72635],"to":[7.85661,12.3,4.72635],"rotation":{"angle":0,"axis":"y","origin":[6.60661,8.8,3.72635]},"faces":{"north":{"uv":[5.375,2,5.6875,2.875],"texture":"#0"},"east":{"uv":[5.6875,2,5.9375,2.875],"texture":"#0"},"south":{"uv":[5.375,2,5.6875,2.875],"texture":"#0"},"west":{"uv":[5.6875,2,5.9375,2.875],"texture":"#0"},"up":{"uv":[5.9375,2,6.1875,2.3125],"rotation":90,"texture":"#0"},"down":{"uv":[5.9375,2,6.1875,2.3125],"rotation":270,"texture":"#0"}}},{"from":[6.83735,12.4928,2.72635],"to":[6.83735,13.9928,4.72635],"rotation":{"angle":22.5,"axis":"z","origin":[6.60661,8.8,3.72635]},"faces":{"north":{"uv":[5.6875,2,5.6875,2.1875],"texture":"#0"},"east":{"uv":[6.375,1.8125,6.625,2],"texture":"#0"},"south":{"uv":[5.6875,2,5.6875,2.1875],"texture":"#0"},"west":{"uv":[6.625,1.8125,6.375,2],"texture":"#0"},"up":{"uv":[5.9375,2,5.9375,2.25],"rotation":180,"texture":"#0"},"down":{"uv":[5.9375,2,5.9375,2.25],"rotation":180,"texture":"#0"}}},{"from":[5.35661,12.21626,3.94187],"to":[7.85661,13.91626,3.94187],"rotation":{"angle":-22.5,"axis":"x","origin":[6.60661,8.8,3.72635]},"faces":{"north":{"uv":[6.375,1.8125,6.6875,2],"texture":"#0"},"east":{"uv":[5.6875,2,5.9375,2.875],"texture":"#0"},"south":{"uv":[6.6875,1.8125,6.375,2],"texture":"#0"},"west":{"uv":[5.6875,2,5.9375,2.875],"texture":"#0"},"up":{"uv":[5.9375,2,6.1875,2.3125],"rotation":90,"texture":"#0"},"down":{"uv":[5.9375,2,6.1875,2.3125],"rotation":270,"texture":"#0"}}},{"from":[7.85661,12.21626,3.94187],"to":[10.35661,13.91626,3.94187],"rotation":{"angle":-22.5,"axis":"x","origin":[9.10661,8.8,3.72635]},"faces":{"north":{"uv":[6.375,1.8125,6.6875,2],"texture":"#0"},"east":{"uv":[5.6875,2,5.9375,2.875],"texture":"#0"},"south":{"uv":[6.6875,1.8125,6.375,2],"texture":"#0"},"west":{"uv":[5.6875,2,5.9375,2.875],"texture":"#0"},"up":{"uv":[5.9375,2,6.1875,2.3125],"rotation":90,"texture":"#0"},"down":{"uv":[5.9375,2,6.1875,2.3125],"rotation":270,"texture":"#0"}}},{"from":[6.83735,12.4928,4.72635],"to":[6.83735,13.9928,6.72635],"rotation":{"angle":22.5,"axis":"z","origin":[6.60661,8.8,5.72635]},"faces":{"north":{"uv":[5.6875,2,5.6875,2.1875],"texture":"#0"},"east":{"uv":[6.625,1.8125,6.375,2],"texture":"#0"},"south":{"uv":[5.6875,2,5.6875,2.1875],"texture":"#0"},"west":{"uv":[6.375,1.8125,6.625,2],"texture":"#0"},"up":{"uv":[5.9375,2.25,5.9375,2],"rotation":180,"texture":"#0"},"down":{"uv":[5.9375,2.25,5.9375,2],"rotation":180,"texture":"#0"}}},{"from":[6.79908,3.69959,4.72635],"to":[6.79908,5.19959,6.72635],"rotation":{"angle":-22.5,"axis":"z","origin":[6.60661,8.8,5.72635]},"faces":{"north":{"uv":[5.6875,2.1875,5.6875,2],"texture":"#0"},"east":{"uv":[6.625,2,6.375,1.8125],"texture":"#0"},"south":{"uv":[5.6875,2.1875,5.6875,2],"texture":"#0"},"west":{"uv":[6.375,2,6.625,1.8125],"texture":"#0"},"up":{"uv":[5.9375,2.25,5.9375,2],"texture":"#0"},"down":{"uv":[5.9375,2.25,5.9375,2],"texture":"#0"}}},{"from":[10.3,-2,3.85],"to":[12.3,4,5.55],"rotation":{"angle":22.5,"axis":"z","origin":[-1,-5.2,-3.3]},"faces":{"north":{"uv":[4.9375,2,5.1875,2.75],"texture":"#0"},"east":{"uv":[5.1875,2,5.375,2.75],"texture":"#0"},"south":{"uv":[4.9375,2,5.1875,2.75],"texture":"#0"},"west":{"uv":[5.1875,2,5.375,2.75],"texture":"#0"},"up":{"uv":[6.625,1.625,6.875,1.8125],"texture":"#0"},"down":{"uv":[6.625,1.625,6.875,1.8125],"rotation":180,"texture":"#0"}}},{"from":[7.2,6,3.85],"to":[12.2,8,5.55],"rotation":{"angle":22.5,"axis":"z","origin":[-0.8,-6,-3.5]},"faces":{"north":{"uv":[7.4375,1,7.6875,1.625],"rotation":270,"texture":"#0"},"east":{"uv":[6.75,1.0625,7,1.25],"rotation":90,"texture":"#0"},"south":{"uv":[7.4375,1,7.6875,1.625],"rotation":90,"texture":"#0"},"west":{"uv":[6.75,1.0625,7,1.25],"rotation":270,"texture":"#0"},"up":{"uv":[7.6875,1,7.875,1.625],"rotation":90,"texture":"#0"},"down":{"uv":[7.6875,1,7.875,1.625],"rotation":90,"texture":"#0"}}},{"from":[15.81626,8.55,3.78449],"to":[17.31626,11.05,3.78449],"rotation":{"angle":-22.5,"axis":"z","origin":[12.2,9.8,4.7]},"faces":{"north":{"uv":[6.375,1.8125,6.6875,2],"rotation":270,"texture":"#0"},"east":{"uv":[5.9375,2.3125,6.1875,2],"texture":"#0"},"south":{"uv":[6.6875,1.8125,6.375,2],"rotation":90,"texture":"#0"},"west":{"uv":[5.9375,2.3125,6.1875,2],"rotation":180,"texture":"#0"},"up":{"uv":[5.9375,2,5.6875,2.875],"rotation":90,"texture":"#0"},"down":{"uv":[5.9375,2,5.6875,2.875],"rotation":90,"texture":"#0"}}},{"from":[15.76926,11.9928,3.7],"to":[15.76926,13.4928,5.7],"rotation":{"angle":45,"axis":"z","origin":[16,8.3,4.7]},"faces":{"north":{"uv":[5.6875,2,5.6875,2.1875],"texture":"#0"},"east":{"uv":[6.375,1.8125,6.625,2],"texture":"#0"},"south":{"uv":[5.6875,2,5.6875,2.1875],"texture":"#0"},"west":{"uv":[6.625,1.8125,6.375,2],"texture":"#0"},"up":{"uv":[5.9375,2,5.9375,2.25],"rotation":180,"texture":"#0"},"down":{"uv":[5.9375,2,5.9375,2.25],"rotation":180,"texture":"#0"}}},{"from":[16.00041,9.60753,3.7],"to":[17.50041,9.60753,5.7],"rotation":{"angle":0,"axis":"y","origin":[12.2,9.8,4.7]},"faces":{"north":{"uv":[5.6875,2,5.6875,2.1875],"rotation":270,"texture":"#0"},"east":{"uv":[5.9375,2.25,5.9375,2],"rotation":90,"texture":"#0"},"south":{"uv":[5.6875,2,5.6875,2.1875],"rotation":90,"texture":"#0"},"west":{"uv":[5.9375,2.25,5.9375,2],"rotation":90,"texture":"#0"},"up":{"uv":[6.625,1.8125,6.375,2],"rotation":90,"texture":"#0"},"down":{"uv":[6.375,1.8125,6.625,2],"rotation":90,"texture":"#0"}}},{"from":[0.5,7.05,3.7],"to":[3.5,9.55,5.7],"rotation":{"angle":22.5,"axis":"z","origin":[0,8.3,4.7]},"faces":{"north":{"uv":[5.375,2,5.6875,2.375],"rotation":270,"texture":"#0"},"east":{"uv":[5.9375,2,6.1875,2.3125],"rotation":180,"texture":"#0"},"south":{"uv":[5.375,2,5.6875,2.375],"rotation":90,"texture":"#0"},"west":{"uv":[5.9375,2,6.1875,2.3125],"texture":"#0"},"up":{"uv":[5.6875,2,5.9375,2.375],"rotation":90,"texture":"#0"},"down":{"uv":[5.6875,2,5.9375,2.375],"rotation":90,"texture":"#0"}}},{"from":[10.98374,7.05,3.78449],"to":[12.48374,9.55,3.78449],"rotation":{"angle":-22.5,"axis":"z","origin":[16,8.3,4.7]},"faces":{"north":{"uv":[6.375,2,6.6875,1.8125],"rotation":270,"texture":"#0"},"east":{"uv":[5.9375,2,6.1875,2.3125],"texture":"#0"},"south":{"uv":[6.6875,2,6.375,1.8125],"rotation":90,"texture":"#0"},"west":{"uv":[5.9375,2,6.1875,2.3125],"rotation":180,"texture":"#0"},"up":{"uv":[5.9375,2.875,5.6875,2],"rotation":90,"texture":"#0"},"down":{"uv":[5.9375,2.875,5.6875,2],"rotation":90,"texture":"#0"}}},{"from":[12.5,7.05,3.7],"to":[15.5,9.55,5.7],"rotation":{"angle":-22.5,"axis":"z","origin":[16,8.3,4.7]},"faces":{"north":{"uv":[5.375,2.375,5.6875,2],"rotation":270,"texture":"#0"},"east":{"uv":[6.1875,2,5.9375,2.3125],"texture":"#0"},"south":{"uv":[5.375,2.375,5.6875,2],"rotation":90,"texture":"#0"},"west":{"uv":[6.1875,2,5.9375,2.3125],"rotation":180,"texture":"#0"},"up":{"uv":[5.6875,2.375,5.9375,2],"rotation":90,"texture":"#0"},"down":{"uv":[5.6875,2.375,5.9375,2],"rotation":90,"texture":"#0"}}},{"from":[-1.31626,8.55,5.61551],"to":[0.18374,11.05,5.61551],"rotation":{"angle":22.5,"axis":"z","origin":[3.8,9.8,4.7]},"faces":{"north":{"uv":[6.375,2,6.6875,1.8125],"rotation":270,"texture":"#0"},"east":{"uv":[5.9375,2.3125,6.1875,2],"rotation":180,"texture":"#0"},"south":{"uv":[6.6875,2,6.375,1.8125],"rotation":90,"texture":"#0"},"west":{"uv":[5.9375,2.3125,6.1875,2],"texture":"#0"},"up":{"uv":[5.6875,2.875,5.9375,2],"rotation":90,"texture":"#0"},"down":{"uv":[5.6875,2.875,5.9375,2],"rotation":90,"texture":"#0"}}},{"from":[3.51626,7.05,3.78449],"to":[5.01626,9.55,3.78449],"rotation":{"angle":22.5,"axis":"z","origin":[0,8.3,4.7]},"faces":{"north":{"uv":[6.375,1.8125,6.6875,2],"rotation":270,"texture":"#0"},"east":{"uv":[6.1875,2,5.9375,2.3125],"rotation":180,"texture":"#0"},"south":{"uv":[6.6875,1.8125,6.375,2],"rotation":90,"texture":"#0"},"west":{"uv":[6.1875,2,5.9375,2.3125],"texture":"#0"},"up":{"uv":[5.9375,2,5.6875,2.875],"rotation":90,"texture":"#0"},"down":{"uv":[5.9375,2,5.6875,2.875],"rotation":90,"texture":"#0"}}},{"from":[3.41626,7.05,5.61551],"to":[4.91626,9.55,5.61551],"rotation":{"angle":22.5,"axis":"z","origin":[0,8.3,4.7]},"faces":{"north":{"uv":[6.375,1.8125,6.6875,2],"rotation":270,"texture":"#0"},"east":{"uv":[5.9375,2,6.1875,2.3125],"rotation":180,"texture":"#0"},"south":{"uv":[6.6875,1.8125,6.375,2],"rotation":90,"texture":"#0"},"west":{"uv":[5.9375,2,6.1875,2.3125],"texture":"#0"},"up":{"uv":[5.6875,2,5.9375,2.875],"rotation":90,"texture":"#0"},"down":{"uv":[5.6875,2,5.9375,2.875],"rotation":90,"texture":"#0"}}},{"from":[0.23074,11.9928,3.7],"to":[0.23074,13.4928,5.7],"rotation":{"angle":-45,"axis":"z","origin":[0,8.3,4.7]},"faces":{"north":{"uv":[5.6875,2,5.6875,2.1875],"texture":"#0"},"east":{"uv":[6.375,1.8125,6.625,2],"texture":"#0"},"south":{"uv":[5.6875,2,5.6875,2.1875],"texture":"#0"},"west":{"uv":[6.625,1.8125,6.375,2],"texture":"#0"},"up":{"uv":[5.9375,2,5.9375,2.25],"rotation":180,"texture":"#0"},"down":{"uv":[5.9375,2,5.9375,2.25],"rotation":180,"texture":"#0"}}},{"from":[-1.50041,9.60753,3.7],"to":[-0.00041,9.60753,5.7],"rotation":{"angle":0,"axis":"y","origin":[3.8,9.8,4.7]},"faces":{"north":{"uv":[5.6875,2.1875,5.6875,2],"rotation":270,"texture":"#0"},"east":{"uv":[5.9375,2,5.9375,2.25],"rotation":90,"texture":"#0"},"south":{"uv":[5.6875,2.1875,5.6875,2],"rotation":90,"texture":"#0"},"west":{"uv":[5.9375,2,5.9375,2.25],"rotation":90,"texture":"#0"},"up":{"uv":[6.625,2,6.375,1.8125],"rotation":90,"texture":"#0"},"down":{"uv":[6.375,2,6.625,1.8125],"rotation":90,"texture":"#0"}}},{"from":[-1.31626,8.55,3.78449],"to":[0.18374,11.05,3.78449],"rotation":{"angle":22.5,"axis":"z","origin":[3.8,9.8,4.7]},"faces":{"north":{"uv":[6.375,2,6.6875,1.8125],"rotation":270,"texture":"#0"},"east":{"uv":[6.1875,2.3125,5.9375,2],"rotation":180,"texture":"#0"},"south":{"uv":[6.6875,2,6.375,1.8125],"rotation":90,"texture":"#0"},"west":{"uv":[6.1875,2.3125,5.9375,2],"texture":"#0"},"up":{"uv":[5.9375,2.875,5.6875,2],"rotation":90,"texture":"#0"},"down":{"uv":[5.9375,2.875,5.6875,2],"rotation":90,"texture":"#0"}}},{"from":[3.8,6,3.85],"to":[8.8,8,5.55],"rotation":{"angle":-22.5,"axis":"z","origin":[16.8,-6,-3.5]},"faces":{"north":{"uv":[7.4375,1.625,7.6875,1],"rotation":270,"texture":"#0"},"east":{"uv":[6.75,1.25,7,1.0625],"rotation":270,"texture":"#0"},"south":{"uv":[7.4375,1.625,7.6875,1],"rotation":90,"texture":"#0"},"west":{"uv":[6.75,1.25,7,1.0625],"rotation":90,"texture":"#0"},"up":{"uv":[7.6875,1.625,7.875,1],"rotation":90,"texture":"#0"},"down":{"uv":[7.6875,1.625,7.875,1],"rotation":90,"texture":"#0"}}},{"from":[5.5,3,5.3],"to":[12.5,7,5.3],"rotation":{"angle":22.5,"axis":"z","origin":[-8,22,8]},"faces":{"north":{"uv":[14,0,0,8],"texture":"#5"},"east":{"uv":[0,0,0,8],"texture":"#5"},"south":{"uv":[0,0,14,8],"texture":"#5"},"west":{"uv":[0,0,0,8],"texture":"#5"},"up":{"uv":[0,0,0,14],"rotation":90,"texture":"#5"},"down":{"uv":[0,14,0,0],"rotation":270,"texture":"#5"}}},{"from":[1.5,7,2.3],"to":[8.5,11,2.3],"rotation":{"angle":-22.5,"axis":"z","origin":[19,22,8]},"faces":{"north":{"uv":[0,0,14,8],"texture":"#5"},"east":{"uv":[0,0,0,8],"texture":"#5"},"south":{"uv":[14,0,0,8],"texture":"#5"},"west":{"uv":[0,0,0,8],"texture":"#5"},"up":{"uv":[0,14,0,0],"rotation":90,"texture":"#5"},"down":{"uv":[0,0,0,14],"rotation":270,"texture":"#5"}}},{"from":[3.60753,4.59959,3.7],"to":[3.60753,6.09959,5.7],"rotation":{"angle":-45,"axis":"z","origin":[3.8,9.8,4.7]},"faces":{"north":{"uv":[5.6875,2.1875,5.6875,2],"texture":"#0"},"east":{"uv":[6.375,2,6.625,1.8125],"texture":"#0"},"south":{"uv":[5.6875,2.1875,5.6875,2],"texture":"#0"},"west":{"uv":[6.625,2,6.375,1.8125],"texture":"#0"},"up":{"uv":[5.9375,2,5.9375,2.25],"texture":"#0"},"down":{"uv":[5.9375,2,5.9375,2.25],"texture":"#0"}}},{"from":[12.39247,4.59959,3.7],"to":[12.39247,6.09959,5.7],"rotation":{"angle":45,"axis":"z","origin":[12.2,9.8,4.7]},"faces":{"north":{"uv":[5.6875,2.1875,5.6875,2],"texture":"#0"},"east":{"uv":[6.375,2,6.625,1.8125],"texture":"#0"},"south":{"uv":[5.6875,2.1875,5.6875,2],"texture":"#0"},"west":{"uv":[6.625,2,6.375,1.8125],"texture":"#0"},"up":{"uv":[5.9375,2,5.9375,2.25],"texture":"#0"},"down":{"uv":[5.9375,2,5.9375,2.25],"texture":"#0"}}},{"from":[15.81626,8.55,5.61551],"to":[17.31626,11.05,5.61551],"rotation":{"angle":-22.5,"axis":"z","origin":[12.2,9.8,4.7]},"faces":{"north":{"uv":[6.375,1.8125,6.6875,2],"rotation":270,"texture":"#0"},"east":{"uv":[6.1875,2.3125,5.9375,2],"texture":"#0"},"south":{"uv":[6.6875,1.8125,6.375,2],"rotation":90,"texture":"#0"},"west":{"uv":[6.1875,2.3125,5.9375,2],"rotation":180,"texture":"#0"},"up":{"uv":[5.6875,2,5.9375,2.875],"rotation":90,"texture":"#0"},"down":{"uv":[5.6875,2,5.9375,2.875],"rotation":90,"texture":"#0"}}},{"from":[11.08374,7.05,5.61551],"to":[12.58374,9.55,5.61551],"rotation":{"angle":-22.5,"axis":"z","origin":[16,8.3,4.7]},"faces":{"north":{"uv":[6.375,2,6.6875,1.8125],"rotation":270,"texture":"#0"},"east":{"uv":[6.1875,2,5.9375,2.3125],"texture":"#0"},"south":{"uv":[6.6875,2,6.375,1.8125],"rotation":90,"texture":"#0"},"west":{"uv":[6.1875,2,5.9375,2.3125],"rotation":180,"texture":"#0"},"up":{"uv":[5.6875,2.875,5.9375,2],"rotation":90,"texture":"#0"},"down":{"uv":[5.6875,2.875,5.9375,2],"rotation":90,"texture":"#0"}}},{"from":[15,-8,1],"to":[15,-1,15],"rotation":{"angle":0,"axis":"y","origin":[16,1,16]},"faces":{"north":{"uv":[2.6875,5.125,2.6875,4.25],"texture":"#0"},"east":{"uv":[4.5625,4.5625,2.8125,3.6875],"texture":"#0"},"south":{"uv":[2.6875,5.125,2.6875,4.25],"texture":"#0"},"west":{"uv":[4.5625,4.5625,6.3125,3.6875],"texture":"#0"},"up":{"uv":[4.4375,4.25,2.6875,4.25],"rotation":270,"texture":"#0"},"down":{"uv":[4.4375,4.25,2.6875,4.25],"rotation":90,"texture":"#0"}}},{"from":[15,-15,1],"to":[15,-8,15],"rotation":{"angle":0,"axis":"y","origin":[16,-15,16]},"faces":{"north":{"uv":[2.6875,4.25,2.6875,5.125],"texture":"#0"},"east":{"uv":[4.5625,3.6875,2.8125,4.5625],"texture":"#0"},"south":{"uv":[2.6875,4.25,2.6875,5.125],"texture":"#0"},"west":{"uv":[4.5625,3.6875,6.3125,4.5625],"texture":"#0"},"up":{"uv":[2.6875,4.25,4.4375,4.25],"rotation":90,"texture":"#0"},"down":{"uv":[2.6875,4.25,4.4375,4.25],"rotation":270,"texture":"#0"}}}],"gui_light":"front","display":{"thirdperson_righthand":{"rotation":[67.5,0,0],"translation":[0,3.25,3.25],"scale":[0.25,0.25,0.25]},"thirdperson_lefthand":{"rotation":[67.5,0,0],"translation":[0,3.25,3.25],"scale":[0.25,0.25,0.25]},"firstperson_righthand":{"translation":[2.25,6.25,1],"scale":[0.23008,0.23008,0.23008]},"firstperson_lefthand":{"translation":[2.25,6.25,1],"scale":[0.23008,0.23008,0.23008]},"ground":{"translation":[0,11,0],"scale":[0.45,0.45,0.45]},"gui":{"rotation":[30,135,0],"translation":[0.25,2.25,-1.5],"scale":[0.39883,0.40078,0.39883]},"head":{"rotation":[0,180,0],"translation":[0,-6.4,0],"scale":[1.6,1.6,1.6]},"fixed":{"rotation":[-90,0,0],"translation":[0,0,-46],"scale":[2,2,2]}}}