{"credit":"Made by PolygonMC","texture_size":[40,40],"textures":{"1":"valentineset:animations/animations_1","4":"valentineset:backpack"},"elements":[{"from":[4,19.16789,3.3125],"to":[12,19.16789,11.3125],"rotation":{"angle":-22.5,"axis":"x","origin":[8,19.16789,7.3125]},"faces":{"up":{"uv":[0,0,16,16],"rotation":180,"texture":"#1","tintindex":0}}},{"from":[3.5,6.75,3.5],"to":[12.5,12.75,12.5],"rotation":{"angle":0,"axis":"z","origin":[8,2.25,8]},"faces":{"north":{"uv":[0,8.4,3.6,10.8],"texture":"#4","tintindex":0},"east":{"uv":[8.4,0,12,2.4],"texture":"#4","tintindex":0},"south":{"uv":[8.4,2.4,12,4.8],"texture":"#4","tintindex":0},"west":{"uv":[8.4,4.8,12,7.2],"texture":"#4","tintindex":0},"up":{"uv":[8.4,3.6,4.8,0],"texture":"#4","tintindex":0},"down":{"uv":[8.4,3.6,4.8,7.2],"texture":"#4","tintindex":0}}},{"from":[2.375,16.42202,2.375],"to":[13.625,16.42202,13.625],"rotation":{"angle":-22.5,"axis":"x","origin":[8,16.42202,8]},"faces":{"north":{"uv":[0,0,4.6,0],"texture":"#4","tintindex":0},"east":{"uv":[0,0,4.6,0],"texture":"#4","tintindex":0},"south":{"uv":[0,0,4.6,0],"texture":"#4","tintindex":0},"west":{"uv":[0,0,4.6,0],"texture":"#4","tintindex":0},"up":{"uv":[4.6,4.6,0,0],"texture":"#4","tintindex":0}}},{"from":[1.5,12.17202,2.35287],"to":[14.5,18.17202,2.38287],"rotation":{"angle":-22.5,"axis":"x","origin":[8,15.17202,2.35287]},"faces":{"north":{"uv":[4.8,7.2,10,9.6],"texture":"#4","tintindex":0},"south":{"uv":[10,7.2,4.8,9.6],"texture":"#4","tintindex":0}}},{"from":[1.5,12.17202,13.61713],"to":[14.5,18.17202,13.64713],"rotation":{"angle":22.5,"axis":"x","origin":[8,15.17202,13.64713]},"faces":{"north":{"uv":[4.8,7.2,10,9.6],"texture":"#4","tintindex":0},"south":{"uv":[10,7.2,4.8,9.6],"texture":"#4","tintindex":0}}},{"from":[2.78054,14.33352,1.5],"to":[2.81054,20.33352,14.5],"rotation":{"angle":22.5,"axis":"z","origin":[8,15.17776,8]},"faces":{"east":{"uv":[4.8,7.2,10,9.6],"texture":"#4","tintindex":0},"west":{"uv":[10,7.2,4.8,9.6],"texture":"#4","tintindex":0}}},{"from":[13.18946,14.33352,1.5],"to":[13.21946,20.33352,14.5],"rotation":{"angle":-22.5,"axis":"z","origin":[8,15.17776,8]},"faces":{"east":{"uv":[4.8,7.2,10,9.6],"texture":"#4","tintindex":0},"west":{"uv":[10,7.2,4.8,9.6],"texture":"#4","tintindex":0}}},{"from":[4.5,2.75,4.5],"to":[11.5,6.75,11.5],"rotation":{"angle":0,"axis":"z","origin":[8,2.25,8]},"faces":{"north":{"uv":[6.4,9.6,9.2,11.2],"texture":"#4","tintindex":0},"east":{"uv":[9.2,9.6,12,11.2],"texture":"#4","tintindex":0},"south":{"uv":[10,7.2,12.8,8.8],"texture":"#4","tintindex":0},"west":{"uv":[0,10.8,2.8,12.4],"texture":"#4","tintindex":0},"down":{"uv":[6.4,9.6,3.6,12.4],"texture":"#4","tintindex":0}}},{"from":[4.5,-1.17388,5.11732],"to":[11.5,2.82612,5.11732],"rotation":{"angle":22.5,"axis":"x","origin":[8,1.82612,5.11732]},"faces":{"north":{"uv":[6.4,11.2,9.2,12.8],"texture":"#4","tintindex":0},"south":{"uv":[9.2,11.2,12,12.8],"texture":"#4","tintindex":0}}},{"from":[4.5,-1.17388,10.88268],"to":[11.5,2.82612,10.88268],"rotation":{"angle":-22.5,"axis":"x","origin":[8,1.82612,10.88268]},"faces":{"north":{"uv":[12,11.2,9.2,12.8],"texture":"#4","tintindex":0},"south":{"uv":[9.2,11.2,6.4,12.8],"texture":"#4","tintindex":0}}},{"from":[4.98319,-2.34736,4.5],"to":[4.98319,1.65264,11.5],"rotation":{"angle":-22.5,"axis":"z","origin":[8,0.90224,8]},"faces":{"east":{"uv":[12,11.2,9.2,12.8],"texture":"#4","tintindex":0},"west":{"uv":[9.2,11.2,6.4,12.8],"texture":"#4","tintindex":0}}},{"from":[11.01681,-2.34736,4.5],"to":[11.01681,1.65264,11.5],"rotation":{"angle":22.5,"axis":"z","origin":[8,0.90224,8]},"faces":{"east":{"uv":[6.4,11.2,9.2,12.8],"texture":"#4","tintindex":0},"west":{"uv":[9.2,11.2,12,12.8],"texture":"#4","tintindex":0}}},{"from":[2,14.36882,15.49254],"to":[14,23.36882,15.52254],"rotation":{"angle":22.5,"axis":"x","origin":[8,24.11882,15.49254]},"faces":{"north":{"uv":[0,4.8,4.8,8.4],"texture":"#4","tintindex":0},"south":{"uv":[4.8,4.8,0,8.4],"texture":"#4","tintindex":0}}},{"from":[-0.53,13.36882,2],"to":[-0.5,22.36882,14],"rotation":{"angle":22.5,"axis":"z","origin":[-0.5,24.11882,8]},"faces":{"east":{"uv":[0,4.8,4.8,8.4],"texture":"#4","tintindex":0},"west":{"uv":[4.8,4.8,0,8.4],"texture":"#4","tintindex":0}}},{"from":[16.5,12.86882,2],"to":[16.53,21.86882,14],"rotation":{"angle":-22.5,"axis":"z","origin":[16.5,24.11882,8]},"faces":{"east":{"uv":[0,4.8,4.8,8.4],"texture":"#4","tintindex":0},"west":{"uv":[4.8,4.8,0,8.4],"texture":"#4","tintindex":0}}},{"from":[7.46079,16.81133,9.55356],"to":[10.46079,16.81133,13.55356],"rotation":{"angle":-45,"axis":"x","origin":[8.96079,16.81133,9.55356]},"faces":{"up":{"uv":[13.8,0,12.6,1.6],"rotation":180,"texture":"#4","tintindex":0},"down":{"uv":[12.6,0,13.8,1.6],"texture":"#4","tintindex":0}}},{"from":[7.78401,15.98455,2.44644],"to":[9.78401,15.98455,5.94644],"rotation":{"angle":22.5,"axis":"x","origin":[8.78401,15.98455,4.19644]},"faces":{"up":{"uv":[2.2,12.8,1.4,14.2],"texture":"#4","tintindex":0},"down":{"uv":[1.4,12.8,2.2,14.2],"rotation":180,"texture":"#4","tintindex":0}}},{"from":[3.35368,16.75422,6.49644],"to":[5.35368,16.75422,7.99644],"rotation":{"angle":-45,"axis":"z","origin":[4.35368,16.75422,7.24644]},"faces":{"up":{"uv":[0,13,0.6,13.8],"rotation":270,"texture":"#4","tintindex":0},"down":{"uv":[0.6,13,0,13.8],"rotation":270,"texture":"#4","tintindex":0}}}],"gui_light":"front","display":{"thirdperson_righthand":{"rotation":[49,0,0],"translation":[0,2,-0.25],"scale":[0.7,0.7,0.7]},"thirdperson_lefthand":{"rotation":[-106.4,-5.42,124.34],"translation":[-4.5,-9.25,8.5]},"firstperson_righthand":{"rotation":[20,180,0],"translation":[-0.5,1.5,0],"scale":[0.49414,0.49414,0.49414]},"firstperson_lefthand":{"rotation":[-22.75,0,0],"translation":[0.25,2.25,-1],"scale":[0,0,0]},"ground":{"rotation":[45,0,0],"translation":[0,5,0],"scale":[0.7,0.7,0.7]},"gui":{"rotation":[35,135,0],"translation":[0,-2.25,0],"scale":[0.7,0.7,0.7]},"head":{"rotation":[-170.15,4.92,-120.02],"translation":[-0.25,-52,7.75],"scale":[1.11,1.11,1.11]},"fixed":{"rotation":[-90,0,0],"translation":[0,0,-9],"scale":[2.71484,2.71484,2.71484]}}}