{"credit":"Made by PolygonMC","texture_size":[24,24],"textures":{"1":"valentineset:animations/animations_1","2":"valentineset:trident","particle":"valentineset:trident"},"elements":[{"from":[7.4,-3.6,7.4],"to":[8.6,-1.35,8.6],"rotation":{"angle":45,"axis":"y","origin":[8,-0.6,8]},"faces":{"north":{"uv":[0,11.33333,0.66667,13],"texture":"#2"},"east":{"uv":[0.66667,11.33333,1.33333,13],"texture":"#2"},"south":{"uv":[1.33333,11.33333,2,13],"texture":"#2"},"west":{"uv":[11.33333,2.66667,12,4.33333],"texture":"#2"},"up":{"uv":[3.33333,10,2.66667,9.33333],"texture":"#2"}}},{"from":[7.4,0.15,7.4],"to":[8.6,2.9,8.6],"rotation":{"angle":45,"axis":"y","origin":[8,-0.6,8]},"faces":{"north":{"uv":[10.66667,4.66667,11.33333,6.66667],"texture":"#2"},"east":{"uv":[6.66667,10.66667,7.33333,12.66667],"texture":"#2"},"south":{"uv":[7.33333,10.66667,8,12.66667],"texture":"#2"},"west":{"uv":[8,10.66667,8.66667,12.66667],"texture":"#2"},"down":{"uv":[10.66667,4.66667,10,5.33333],"texture":"#2"}}},{"from":[7.5,-1.35,7.5],"to":[8.5,0.15,8.5],"rotation":{"angle":45,"axis":"y","origin":[8,-0.6,8]},"faces":{"north":{"uv":[14,5.33333,14.66667,6.33333],"texture":"#2"},"east":{"uv":[6.66667,14,7.33333,15],"texture":"#2"},"south":{"uv":[14,6.66667,14.66667,7.66667],"texture":"#2"},"west":{"uv":[7.33333,14,8,15],"texture":"#2"}}},{"from":[7.5,6.4,7.5],"to":[8.5,7.9,8.5],"rotation":{"angle":45,"axis":"y","origin":[8,7.15,8]},"faces":{"north":{"uv":[14,9.33333,14.66667,10.33333],"texture":"#2"},"east":{"uv":[10,14,10.66667,15],"texture":"#2"},"south":{"uv":[10.66667,14,11.33333,15],"texture":"#2"},"west":{"uv":[14,10.66667,14.66667,11.66667],"texture":"#2"}}},{"from":[7.25,-2.3,7.25],"to":[8.75,-1.8,8.75],"rotation":{"angle":45,"axis":"y","origin":[8,-1.05,8]},"faces":{"north":{"uv":[2,14.66667,3,15],"texture":"#2"},"east":{"uv":[14.66667,2,15.66667,2.33333],"texture":"#2"},"south":{"uv":[14.66667,2.66667,15.66667,3],"texture":"#2"},"west":{"uv":[3.33333,14.66667,4.33333,15],"texture":"#2"},"up":{"uv":[11.66667,12.33333,10.66667,11.33333],"texture":"#2"},"down":{"uv":[13,0,12,1],"texture":"#2"}}},{"from":[7.25,0.6,7.25],"to":[8.75,1.1,8.75],"rotation":{"angle":45,"axis":"y","origin":[8,1.85,8]},"faces":{"north":{"uv":[14.66667,3.33333,15.66667,3.66667],"texture":"#2"},"east":{"uv":[14.66667,4,15.66667,4.33333],"texture":"#2"},"south":{"uv":[4.66667,14.66667,5.66667,15],"texture":"#2"},"west":{"uv":[14.66667,4.66667,15.66667,5],"texture":"#2"},"up":{"uv":[13,2.33333,12,1.33333],"texture":"#2"},"down":{"uv":[3,12,2,13],"texture":"#2"}}},{"from":[7.25,1.5,7.25],"to":[8.75,2,8.75],"rotation":{"angle":45,"axis":"y","origin":[8,2.75,8]},"faces":{"north":{"uv":[14.66667,5.33333,15.66667,5.66667],"texture":"#2"},"east":{"uv":[14.66667,6,15.66667,6.33333],"texture":"#2"},"south":{"uv":[14.66667,6.66667,15.66667,7],"texture":"#2"},"west":{"uv":[14.66667,7.33333,15.66667,7.66667],"texture":"#2"},"up":{"uv":[13,3.66667,12,2.66667],"texture":"#2"},"down":{"uv":[4.33333,12,3.33333,13],"texture":"#2"}}},{"from":[7.4,11.4,7.4],"to":[8.6,13.65,8.6],"rotation":{"angle":45,"axis":"y","origin":[8,14.4,8]},"faces":{"north":{"uv":[11.33333,4.66667,12,6.33333],"texture":"#2"},"east":{"uv":[6,11.33333,6.66667,13],"texture":"#2"},"south":{"uv":[11.33333,6.66667,12,8.33333],"texture":"#2"},"west":{"uv":[11.33333,8.66667,12,10.33333],"texture":"#2"},"up":{"uv":[15.33333,2,14.66667,1.33333],"texture":"#2"}}},{"from":[7.4,15.15,7.4],"to":[8.6,17.9,8.6],"rotation":{"angle":45,"axis":"y","origin":[8,14.4,8]},"faces":{"north":{"uv":[8.66667,10.66667,9.33333,12.66667],"texture":"#2"},"east":{"uv":[9.33333,10.66667,10,12.66667],"texture":"#2"},"south":{"uv":[10.66667,9.33333,11.33333,11.33333],"texture":"#2"},"west":{"uv":[10,10.66667,10.66667,12.66667],"texture":"#2"},"down":{"uv":[2,14.66667,1.33333,15.33333],"texture":"#2"}}},{"from":[7.5,13.65,7.5],"to":[8.5,15.15,8.5],"rotation":{"angle":45,"axis":"y","origin":[8,14.4,8]},"faces":{"north":{"uv":[8,14,8.66667,15],"texture":"#2"},"east":{"uv":[14,8,14.66667,9],"texture":"#2"},"south":{"uv":[8.66667,14,9.33333,15],"texture":"#2"},"west":{"uv":[9.33333,14,10,15],"texture":"#2"}}},{"from":[7.25,12.7,7.25],"to":[8.75,13.2,8.75],"rotation":{"angle":45,"axis":"y","origin":[8,13.95,8]},"faces":{"north":{"uv":[14.66667,12.66667,15.66667,13],"texture":"#2"},"east":{"uv":[13.33333,14.66667,14.33333,15],"texture":"#2"},"south":{"uv":[14.66667,13.33333,15.66667,13.66667],"texture":"#2"},"west":{"uv":[14.66667,14,15.66667,14.33333],"texture":"#2"},"up":{"uv":[1,14.33333,0,13.33333],"texture":"#2"},"down":{"uv":[14.33333,0,13.33333,1],"texture":"#2"}}},{"from":[7.25,15.6,7.25],"to":[8.75,16.1,8.75],"rotation":{"angle":45,"axis":"y","origin":[8,16.85,8]},"faces":{"north":{"uv":[14.66667,10.66667,15.66667,11],"texture":"#2"},"east":{"uv":[14.66667,11.33333,15.66667,11.66667],"texture":"#2"},"south":{"uv":[12,14.66667,13,15],"texture":"#2"},"west":{"uv":[14.66667,12,15.66667,12.33333],"texture":"#2"},"up":{"uv":[10.33333,13.66667,9.33333,12.66667],"texture":"#2"},"down":{"uv":[11.66667,12.66667,10.66667,13.66667],"texture":"#2"}}},{"from":[7.25,16.5,7.25],"to":[8.75,17,8.75],"rotation":{"angle":45,"axis":"y","origin":[8,17.75,8]},"faces":{"north":{"uv":[14.66667,8,15.66667,8.33333],"texture":"#2"},"east":{"uv":[14.66667,8.66667,15.66667,9],"texture":"#2"},"south":{"uv":[14.66667,9.33333,15.66667,9.66667],"texture":"#2"},"west":{"uv":[14.66667,10,15.66667,10.33333],"texture":"#2"},"up":{"uv":[7.66667,13.66667,6.66667,12.66667],"texture":"#2"},"down":{"uv":[9,12.66667,8,13.66667],"texture":"#2"}}},{"from":[6.85,20.75,7.08579],"to":[9.15,22.25,8.58579],"rotation":{"angle":45,"axis":"x","origin":[7.5,20.75,6.58579]},"faces":{"east":{"uv":[12,4,13,5],"texture":"#2"},"south":{"uv":[8.66667,5.33333,10.33333,6.33333],"texture":"#2"},"west":{"uv":[4.66667,12,5.66667,13],"texture":"#2"},"down":{"uv":[10.33333,6.66667,8.66667,7.66667],"texture":"#2"}}},{"from":[6.85,22.39645,6.73223],"to":[9.15,23.89645,8.23223],"rotation":{"angle":45,"axis":"x","origin":[7.5,20.39645,6.23223]},"faces":{"north":{"uv":[6.66667,9.33333,8.33333,10.33333],"texture":"#2"},"east":{"uv":[12,5.33333,13,6.33333],"texture":"#2"},"south":{"uv":[9.33333,8,11,9],"texture":"#2"},"west":{"uv":[12,6.66667,13,7.66667],"texture":"#2"},"up":{"uv":[10.33333,10.33333,8.66667,9.33333],"texture":"#2"}}},{"from":[6.85,20.39645,5.43934],"to":[9.15,21.89645,6.93934],"rotation":{"angle":45,"axis":"x","origin":[7.5,20.39645,6.93934]},"faces":{"north":{"uv":[0,10,1.66667,11],"texture":"#2"},"east":{"uv":[12,8,13,9],"texture":"#2"},"west":{"uv":[12,9.33333,13,10.33333],"texture":"#2"},"up":{"uv":[11.66667,1,10,0],"texture":"#2"},"down":{"uv":[11.66667,1.33333,10,2.33333],"texture":"#2"}}},{"from":[7.085,-4.665,7.085],"to":[8.915,-2.835,8.915],"rotation":{"angle":-45,"axis":"x","origin":[8,-3.75,8]},"faces":{"north":{"uv":[6.66667,8,8,9.33333],"texture":"#2"},"east":{"uv":[8,8,9.33333,9.33333],"texture":"#2"},"south":{"uv":[0,8.66667,1.33333,10],"texture":"#2"},"west":{"uv":[8.66667,0,10,1.33333],"texture":"#2"},"up":{"uv":[2.66667,10,1.33333,8.66667],"texture":"#2"},"down":{"uv":[10,1.33333,8.66667,2.66667],"texture":"#2"}}},{"from":[6.5,17,4.25],"to":[6.5,25,12.25],"rotation":{"angle":0,"axis":"y","origin":[6.5,17,4.25]},"faces":{"west":{"uv":[0,0,16,16],"texture":"#1"}}},{"from":[9.5,17,4.25],"to":[9.5,25,12.25],"rotation":{"angle":0,"axis":"y","origin":[9.5,17,4.25]},"faces":{"east":{"uv":[16,0,0,16],"texture":"#1"}}},{"from":[6.83579,2.9,8.25],"to":[8.33579,6.4,9.75],"rotation":{"angle":45,"axis":"y","origin":[6.58579,2.9,8]},"faces":{"north":{"uv":[0,6,1,8.33333],"texture":"#2"},"east":{"uv":[6.33333,0,7.33333,2.33333],"texture":"#2"},"south":{"uv":[1.33333,6,2.33333,8.33333],"texture":"#2"},"west":{"uv":[6.33333,2.66667,7.33333,5],"texture":"#2"},"up":{"uv":[13,11.66667,12,10.66667],"texture":"#2"},"down":{"uv":[13,12,12,13],"texture":"#2"}}},{"from":[6.83579,7.9,8.25],"to":[8.33579,11.4,9.75],"rotation":{"angle":45,"axis":"y","origin":[6.58579,7.9,8]},"faces":{"north":{"uv":[6,5.33333,7,7.66667],"texture":"#2"},"east":{"uv":[7.33333,0,8.33333,2.33333],"texture":"#2"},"south":{"uv":[7.33333,2.66667,8.33333,5],"texture":"#2"},"west":{"uv":[7.33333,5.33333,8.33333,7.66667],"texture":"#2"},"up":{"uv":[3.66667,14.33333,2.66667,13.33333],"texture":"#2"},"down":{"uv":[14.33333,2.66667,13.33333,3.66667],"texture":"#2"}}},{"from":[6.83579,17.9,8.25],"to":[8.33579,20.4,9.75],"rotation":{"angle":45,"axis":"y","origin":[6.58579,17.9,8]},"faces":{"north":{"uv":[2,10,3,11.66667],"texture":"#2"},"east":{"uv":[10,2.66667,11,4.33333],"texture":"#2"},"south":{"uv":[3.33333,10,4.33333,11.66667],"texture":"#2"},"west":{"uv":[4.66667,10,5.66667,11.66667],"texture":"#2"},"up":{"uv":[2.33333,14.33333,1.33333,13.33333],"texture":"#2"},"down":{"uv":[14.33333,1.33333,13.33333,2.33333],"texture":"#2"}}},{"from":[7.6,23.37956,5.28234],"to":[8.4,25.37956,6.28234],"rotation":{"angle":-22.5,"axis":"x","origin":[8,23.18762,5.17251]},"faces":{"north":{"uv":[10.66667,6.66667,11.33333,8],"texture":"#2"},"east":{"uv":[5.33333,13.33333,6,14.66667],"texture":"#2"},"south":{"uv":[13.33333,5.33333,14,6.66667],"texture":"#2"},"west":{"uv":[6,13.33333,6.66667,14.66667],"texture":"#2"},"up":{"uv":[12,11.33333,11.33333,10.66667],"texture":"#2"}}},{"from":[7.6,21.37956,5.28234],"to":[8.4,23.37956,7.28234],"rotation":{"angle":-22.5,"axis":"x","origin":[8,23.18762,5.17251]},"faces":{"north":{"uv":[13.33333,6.66667,14,8],"texture":"#2"},"east":{"uv":[8.66667,2.66667,10,4],"texture":"#2"},"south":{"uv":[13.33333,8,14,9.33333],"texture":"#2"},"west":{"uv":[3.33333,8.66667,4.66667,10],"texture":"#2"},"up":{"uv":[14,10.66667,13.33333,9.33333],"texture":"#2"},"down":{"uv":[14,10.66667,13.33333,12],"texture":"#2"}}},{"from":[7.995,21.37956,2.53235],"to":[8.005,29.37956,6.28235],"rotation":{"angle":-22.5,"axis":"x","origin":[8,23.18762,5.17251]},"faces":{"east":{"uv":[6,0,3.33333,5.33333],"texture":"#2"},"west":{"uv":[3.33333,0,6,5.33333],"texture":"#2"}}},{"from":[7.995,21.37956,9.71765],"to":[8.005,29.37956,13.46765],"rotation":{"angle":22.5,"axis":"x","origin":[8,23.18762,10.82749]},"faces":{"east":{"uv":[3.33333,0,6,5.33333],"texture":"#2"},"west":{"uv":[6,0,3.33333,5.33333],"texture":"#2"}}},{"from":[7.6,23.37956,9.71766],"to":[8.4,25.37956,10.71766],"rotation":{"angle":22.5,"axis":"x","origin":[8,23.18762,10.82749]},"faces":{"north":{"uv":[14,5.33333,13.33333,6.66667],"texture":"#2"},"east":{"uv":[6,13.33333,5.33333,14.66667],"texture":"#2"},"south":{"uv":[11.33333,6.66667,10.66667,8],"texture":"#2"},"west":{"uv":[6.66667,13.33333,6,14.66667],"texture":"#2"},"up":{"uv":[12,10.66667,11.33333,11.33333],"texture":"#2"}}},{"from":[7.6,21.37956,8.71766],"to":[8.4,23.37956,10.71766],"rotation":{"angle":22.5,"axis":"x","origin":[8,23.18762,10.82749]},"faces":{"north":{"uv":[14,8,13.33333,9.33333],"texture":"#2"},"east":{"uv":[10,2.66667,8.66667,4],"texture":"#2"},"south":{"uv":[14,6.66667,13.33333,8],"texture":"#2"},"west":{"uv":[4.66667,8.66667,3.33333,10],"texture":"#2"},"up":{"uv":[14,9.33333,13.33333,10.66667],"texture":"#2"},"down":{"uv":[14,12,13.33333,10.66667],"texture":"#2"}}},{"from":[7.5,21.45711,8],"to":[8.5,23.45711,10],"rotation":{"angle":-45,"axis":"x","origin":[7.5,21.45711,8]},"faces":{"north":{"uv":[12,13.33333,12.66667,14.66667],"texture":"#2"},"east":{"uv":[8.66667,4,10,5.33333],"texture":"#2"},"south":{"uv":[13.33333,12,14,13.33333],"texture":"#2"},"west":{"uv":[4.66667,8.66667,6,10],"texture":"#2"},"up":{"uv":[13.33333,14.66667,12.66667,13.33333],"texture":"#2"},"down":{"uv":[14,13.33333,13.33333,14.66667],"texture":"#2"}}},{"from":[7.625,23.25,7.25],"to":[8.375,28.25,8.75],"rotation":{"angle":0,"axis":"y","origin":[7.625,23.25,7.25]},"faces":{"north":{"uv":[2.66667,6,3.33333,9.33333],"texture":"#2"},"east":{"uv":[3.33333,5.33333,4.33333,8.66667],"texture":"#2"},"south":{"uv":[6,8,6.66667,11.33333],"texture":"#2"},"west":{"uv":[4.66667,5.33333,5.66667,8.66667],"texture":"#2"},"up":{"uv":[12,15,11.33333,14],"texture":"#2"},"down":{"uv":[14.66667,12,14,13],"texture":"#2"}}},{"from":[7.615,27.25,8],"to":[8.385,28.75,9.5],"rotation":{"angle":-45,"axis":"x","origin":[7.615,27.25,8]},"faces":{"north":{"uv":[14,13.33333,14.66667,14.33333],"texture":"#2"},"east":{"uv":[4,13.33333,5,14.33333],"texture":"#2"},"south":{"uv":[0,14.66667,0.66667,15.66667],"texture":"#2"},"west":{"uv":[13.33333,4,14.33333,5],"texture":"#2"},"up":{"uv":[15.33333,1,14.66667,0],"texture":"#2"},"down":{"uv":[1.33333,14.66667,0.66667,15.66667],"texture":"#2"}}},{"from":[7.985,23,5.75],"to":[8.015,32,10.25],"rotation":{"angle":0,"axis":"y","origin":[7.985,25,5.75]},"faces":{"east":{"uv":[3,0,0,6],"texture":"#2"},"west":{"uv":[0,0,3,6],"texture":"#2"}}}],"gui_light":"front","display":{"thirdperson_righthand":{"translation":[0,-1.25,1]},"thirdperson_lefthand":{"translation":[0,-1.25,1]},"firstperson_righthand":{"rotation":[-10,0,0],"translation":[1.25,-3.5,-0.5]},"firstperson_lefthand":{"rotation":[-10,0,0],"translation":[1.25,-3.5,-0.5]},"ground":{"rotation":[-45,0,0],"translation":[0,5,0],"scale":[0.7,0.7,0.7]},"gui":{"rotation":[-90,45,90],"translation":[2.5,-2.5,0],"scale":[0.7,0.7,0.7]},"head":{"rotation":[0,-90,0]},"fixed":{"rotation":[0,-90,0],"translation":[0,-4,-2],"scale":[2,2,2]}}}