{"credit":"Made by PolygonMC","texture_size":[48,48],"textures":{"0":"valentineset:wings","1":"valentineset:animations/animations_1","2":"valentineset:animations/wings_outline","particle":"valentineset:wings"},"elements":[{"from":[8,-7.91421,7.5],"to":[9.5,-6.41421,8.5],"rotation":{"angle":45,"axis":"z","origin":[8,-7.91421,7.5]},"faces":{"north":{"uv":[11,0.25,12.5,1.75],"texture":"#0","tintindex":0},"south":{"uv":[11,1.75,12.5,3.25],"texture":"#0","tintindex":0},"west":{"uv":[11,9.25,12,10.75],"texture":"#0","tintindex":0},"down":{"uv":[12.5,10.75,11,11.75],"texture":"#0","tintindex":0}}},{"from":[8,-6.41421,7.5],"to":[9.5,-4.91422,8.5],"rotation":{"angle":45,"axis":"z","origin":[8,-7.91421,7.5]},"faces":{"north":{"uv":[11,6.25,12.5,7.75],"texture":"#0","tintindex":0},"east":{"uv":[3,12.25,4,13.75],"texture":"#0","tintindex":0},"south":{"uv":[11,7.75,12.5,9.25],"texture":"#0","tintindex":0},"west":{"uv":[4,12.25,5,13.75],"texture":"#0","tintindex":0},"up":{"uv":[6.5,13.25,5,12.25],"texture":"#0","tintindex":0}}},{"from":[9.5,-7.91421,7.5],"to":[11,-6.41421,8.5],"rotation":{"angle":45,"axis":"z","origin":[8,-7.91421,7.5]},"faces":{"north":{"uv":[11,3.25,12.5,4.75],"texture":"#0","tintindex":0},"east":{"uv":[11,11.75,12,13.25],"texture":"#0","tintindex":0},"south":{"uv":[11,4.75,12.5,6.25],"texture":"#0","tintindex":0},"up":{"uv":[1.5,13.25,0,12.25],"texture":"#0","tintindex":0},"down":{"uv":[3,12.25,1.5,13.25],"texture":"#0","tintindex":0}}},{"from":[8.69661,-13.675,9.95494],"to":[19.41555,-1.675,9.96994],"rotation":{"angle":-22.5,"axis":"y","origin":[14.30608,-5.675,9.95494]},"faces":{"north":{"uv":[0,0,10.75,12],"texture":"#0","tintindex":0},"south":{"uv":[10.75,0,0,12],"texture":"#0","tintindex":0}}},{"from":[-3.41554,-13.675,9.95494],"to":[7.3034,-1.675,9.96994],"rotation":{"angle":22.5,"axis":"y","origin":[1.69393,-5.675,9.95494]},"faces":{"north":{"uv":[10.75,0,0,12],"texture":"#0","tintindex":0},"south":{"uv":[0,0,10.75,12],"texture":"#0","tintindex":0}}},{"from":[0.5,-7.55,8.25],"to":[4.5,-3.55,8.25],"rotation":{"angle":22.5,"axis":"y","origin":[3,-5.55,7.75]},"faces":{"north":{"uv":[0,0,16,16],"texture":"#1","tintindex":0}}},{"from":[11.5,-7.55,8.25],"to":[15.5,-3.55,8.25],"rotation":{"angle":-22.5,"axis":"y","origin":[13,-5.55,7.75]},"faces":{"north":{"uv":[16,0,0,16],"texture":"#1","tintindex":0}}},{"from":[0.7294,-7.55,10.59672],"to":[4.7294,-3.55,10.59672],"rotation":{"angle":22.5,"axis":"y","origin":[2.7294,-5.55,11.59672]},"faces":{"south":{"uv":[16,0,0,16],"texture":"#1","tintindex":0}}},{"from":[11.2706,-7.55,10.59672],"to":[15.2706,-3.55,10.59672],"rotation":{"angle":-22.5,"axis":"y","origin":[13.2706,-5.55,11.59672]},"faces":{"south":{"uv":[0,0,16,16],"texture":"#1","tintindex":0}}},{"name":"cube_outline","from":[7.3534,-1.625,10.01994],"to":[-3.46554,-13.725,9.90494],"rotation":{"angle":22.5,"axis":"y","origin":[1.69393,-5.675,9.95494]},"faces":{"north":{"uv":[0,8,7.16667,16],"texture":"#2","tintindex":0},"south":{"uv":[14.5,8,7.33333,16],"texture":"#2","tintindex":0}}},{"name":"cube_outline","from":[19.46554,-1.625,10.01994],"to":[8.64661,-13.725,9.90494],"rotation":{"angle":-22.5,"axis":"y","origin":[14.30608,-5.675,9.95494]},"faces":{"north":{"uv":[0,0,7.16667,8],"texture":"#2","tintindex":0},"south":{"uv":[14.5,0,7.33333,8],"texture":"#2","tintindex":0}}}],"gui_light":"front","display":{"thirdperson_righthand":{"rotation":[49,180,0],"translation":[0,0.75,1],"scale":[0.45703,0.45703,0.45703]},"thirdperson_lefthand":{"rotation":[67,0,0],"translation":[-5.5,-6.75,9.5]},"firstperson_righthand":{"rotation":[162,0,180],"scale":[0.80859,0.80859,0.80859]},"firstperson_lefthand":{"rotation":[162,0,180],"scale":[0,0,0]},"ground":{"rotation":[-45,0,0],"translation":[0,5,0],"scale":[0.7,0.7,0.7]},"gui":{"rotation":[0,180,0],"scale":[0.42188,0.42188,0.42188]},"head":{"translation":[0,-61,7.25],"scale":[3.4,3.4,3.4]},"fixed":{"rotation":[0,180,0],"translation":[0,0,-1.25]}}}