{"credit":"Made by PolygonMC","textures":{"2":"merry_christmasset:detail","particle":"merry_christmasset:hammer"},"elements":[{"from":[7.5,12.25,7.5],"to":[8.5,16.25,8.5],"rotation":{"angle":0,"axis":"y","origin":[7.5,11.25,7.5]},"faces":{"north":{"uv":[3,11.5,3.5,13.5],"texture":"#particle"},"east":{"uv":[3.5,11.5,4,13.5],"texture":"#particle"},"south":{"uv":[4,11.5,4.5,13.5],"texture":"#particle"},"west":{"uv":[10.5,11.5,11,13.5],"texture":"#particle"}}},{"from":[7.25,0.35,7.25],"to":[8.75,1.85,8.75],"rotation":{"angle":-45,"axis":"x","origin":[8,1.1,8]},"faces":{"north":{"uv":[12.5,13.5,13.25,14.25],"texture":"#particle"},"east":{"uv":[13.5,12.5,14.25,13.25],"texture":"#particle"},"south":{"uv":[13.5,13.5,14.25,14.25],"texture":"#particle"},"west":{"uv":[0,14,0.75,14.75],"texture":"#particle"},"up":{"uv":[14.75,0.75,14,0],"texture":"#particle"},"down":{"uv":[1.75,14,1,14.75],"texture":"#particle"}}},{"from":[7.3,11.75,7.3],"to":[8.7,12.25,8.7],"rotation":{"angle":0,"axis":"y","origin":[7.5,11.75,7.5]},"faces":{"north":{"uv":[13.5,14.5,14.25,14.75],"texture":"#particle"},"east":{"uv":[14.5,13.5,15.25,13.75],"texture":"#particle"},"south":{"uv":[14.5,14,15.25,14.25],"texture":"#particle"},"west":{"uv":[14.5,14.5,15.25,14.75],"texture":"#particle"},"up":{"uv":[14.75,1.75,14,1],"texture":"#particle"},"down":{"uv":[2.75,14,2,14.75],"texture":"#particle"}}},{"from":[7.3,16.25,7.3],"to":[8.7,16.75,8.7],"rotation":{"angle":0,"axis":"y","origin":[7.5,12.75,7.5]},"faces":{"north":{"uv":[0,15,0.75,15.25],"texture":"#particle"},"east":{"uv":[15,0,15.75,0.25],"texture":"#particle"},"south":{"uv":[15,0.5,15.75,0.75],"texture":"#particle"},"west":{"uv":[1,15,1.75,15.25],"texture":"#particle"},"down":{"uv":[14.75,2,14,2.75],"texture":"#particle"}}},{"from":[7.5,2.25,7.5],"to":[8.5,6.25,8.5],"rotation":{"angle":0,"axis":"y","origin":[7.5,12.25,7.5]},"faces":{"north":{"uv":[11,11.5,11.5,13.5],"texture":"#particle"},"east":{"uv":[11.5,11.5,12,13.5],"texture":"#particle"},"south":{"uv":[0,12,0.5,14],"texture":"#particle"},"west":{"uv":[12,0,12.5,2],"texture":"#particle"}}},{"from":[7.3,1.75,7.3],"to":[8.7,2.25,8.7],"rotation":{"angle":0,"axis":"y","origin":[7.5,12.75,7.5]},"faces":{"north":{"uv":[15,4,15.75,4.25],"texture":"#particle"},"east":{"uv":[15,4.5,15.75,4.75],"texture":"#particle"},"south":{"uv":[5,15,5.75,15.25],"texture":"#particle"},"west":{"uv":[15,5,15.75,5.25],"texture":"#particle"},"up":{"uv":[14.75,9.25,14,8.5],"texture":"#particle"},"down":{"uv":[10.25,14,9.5,14.75],"texture":"#particle"}}},{"from":[6.5,21.75,6.5],"to":[9.5,24.25,9.5],"rotation":{"angle":0,"axis":"y","origin":[6.5,13.25,6.5]},"faces":{"north":{"uv":[0,10,1.5,11.25],"texture":"#particle"},"east":{"uv":[1.5,10,3,11.25],"texture":"#particle"},"south":{"uv":[3,10,4.5,11.25],"texture":"#particle"},"west":{"uv":[10,9.5,11.5,10.75],"texture":"#particle"},"down":{"uv":[10,9.5,8.5,11],"texture":"#particle"}}},{"from":[6.25,24.25,6.25],"to":[9.75,25.25,9.75],"rotation":{"angle":0,"axis":"y","origin":[6.5,13.25,6.5]},"faces":{"north":{"uv":[11.5,10.5,13.25,11],"texture":"#particle"},"east":{"uv":[12,2,13.75,2.5],"texture":"#particle"},"south":{"uv":[2,13.5,3.75,14],"texture":"#particle"},"west":{"uv":[4,13.5,5.75,14],"texture":"#particle"},"up":{"uv":[6.75,10.75,5,9],"texture":"#particle"},"down":{"uv":[10.75,6,9,7.75],"texture":"#particle"}}},{"from":[6.15,18.15,6.875],"to":[7.15,19.15,7.875],"rotation":{"angle":0,"axis":"y","origin":[6.15,18.15,6.875]},"faces":{"north":{"uv":[8.5,9,9,9.5],"texture":"#particle"},"east":{"uv":[11.5,5.5,12,6],"texture":"#particle"},"south":{"uv":[2,13,2.5,13.5],"texture":"#particle"},"west":{"uv":[14,12,14.5,12.5],"texture":"#particle"},"up":{"uv":[15,4.5,14.5,4],"texture":"#particle"},"down":{"uv":[15,6.5,14.5,7],"texture":"#particle"}}},{"from":[6.4,19.75,6.75],"to":[6.43,23.75,9.25],"rotation":{"angle":22.5,"axis":"z","origin":[6.415,21.75,8]},"faces":{"east":{"uv":[8.25,9,7,11],"texture":"#particle"},"west":{"uv":[7,9,8.25,11],"texture":"#particle"}}},{"from":[6.75,19.5,6.83579],"to":[7.25,21,8.33579],"rotation":{"angle":45,"axis":"x","origin":[6.75,19.25,6.58579]},"faces":{"north":{"uv":[15,1,15.25,1.75],"texture":"#particle"},"east":{"uv":[3,14,3.75,14.75],"texture":"#particle"},"south":{"uv":[2,15,2.25,15.75],"texture":"#particle"},"west":{"uv":[14,3,14.75,3.75],"texture":"#particle"},"up":{"uv":[15.25,2.75,15,2],"texture":"#particle"},"down":{"uv":[2.75,15,2.5,15.75],"texture":"#particle"}}},{"from":[7.175,18.25,4],"to":[7.205,22.25,12],"rotation":{"angle":0,"axis":"y","origin":[6.175,17,5]},"faces":{"east":{"uv":[4,6,0,8],"texture":"#particle"},"west":{"uv":[0,6,4,8],"texture":"#particle"}}},{"from":[6.15,18.15,8.125],"to":[7.15,19.15,9.125],"rotation":{"angle":0,"axis":"y","origin":[6.15,18.15,9.125]},"faces":{"north":{"uv":[14.5,7,15,7.5],"texture":"#particle"},"east":{"uv":[14.5,7.5,15,8],"texture":"#particle"},"south":{"uv":[14.5,8,15,8.5],"texture":"#particle"},"west":{"uv":[14.5,9.5,15,10],"texture":"#particle"},"up":{"uv":[15,10.5,14.5,10],"texture":"#particle"},"down":{"uv":[15,11,14.5,11.5],"texture":"#particle"}}},{"from":[6.15,19.4,7.5],"to":[7.15,20.4,8.5],"rotation":{"angle":0,"axis":"y","origin":[6.15,19.4,7.5]},"faces":{"north":{"uv":[14.5,11.5,15,12],"texture":"#particle"},"east":{"uv":[14.5,12,15,12.5],"texture":"#particle"},"south":{"uv":[12.5,14.5,13,15],"texture":"#particle"},"west":{"uv":[14.5,12.5,15,13],"texture":"#particle"},"up":{"uv":[13.5,15,13,14.5],"texture":"#particle"},"down":{"uv":[15,13,14.5,13.5],"texture":"#particle"}}},{"from":[6.9,17.51256,4.57322],"to":[6.93,20.01256,8.57322],"rotation":{"angle":-45,"axis":"x","origin":[6.75,18.01256,7.82322]},"faces":{"east":{"uv":[11,8,9,9.25],"texture":"#particle"},"west":{"uv":[9,8,11,9.25],"texture":"#particle"}}},{"from":[6.9,17.51256,7.42678],"to":[6.93,20.01256,11.42678],"rotation":{"angle":45,"axis":"x","origin":[6.75,18.01256,8.17678]},"faces":{"east":{"uv":[9,8,11,9.25],"texture":"#particle"},"west":{"uv":[11,8,9,9.25],"texture":"#particle"}}},{"from":[8.85,18.15,6.875],"to":[9.85,19.15,7.875],"rotation":{"angle":0,"axis":"y","origin":[9.85,18.15,6.875]},"faces":{"north":{"uv":[9,9,8.5,9.5],"texture":"#particle"},"east":{"uv":[14.5,12,14,12.5],"texture":"#particle"},"south":{"uv":[2.5,13,2,13.5],"texture":"#particle"},"west":{"uv":[12,5.5,11.5,6],"texture":"#particle"},"up":{"uv":[14.5,4.5,15,4],"texture":"#particle"},"down":{"uv":[14.5,6.5,15,7],"texture":"#particle"}}},{"from":[9.57,19.75,6.75],"to":[9.6,23.75,9.25],"rotation":{"angle":-22.5,"axis":"z","origin":[9.585,21.75,8]},"faces":{"east":{"uv":[8.25,9,7,11],"texture":"#particle"},"west":{"uv":[7,9,8.25,11],"texture":"#particle"}}},{"from":[8.75,19.5,6.83579],"to":[9.25,21,8.33579],"rotation":{"angle":45,"axis":"x","origin":[9.25,19.25,6.58579]},"faces":{"north":{"uv":[15.25,1,15,1.75],"texture":"#particle"},"east":{"uv":[14.75,3,14,3.75],"texture":"#particle"},"south":{"uv":[2.25,15,2,15.75],"texture":"#particle"},"west":{"uv":[3.75,14,3,14.75],"texture":"#particle"},"up":{"uv":[15,2.75,15.25,2],"texture":"#particle"},"down":{"uv":[2.5,15,2.75,15.75],"texture":"#particle"}}},{"from":[8.795,18.25,4],"to":[8.825,22.25,12],"rotation":{"angle":0,"axis":"y","origin":[9.825,17,5]},"faces":{"east":{"uv":[4,6,0,8],"texture":"#particle"},"west":{"uv":[0,6,4,8],"texture":"#particle"}}},{"from":[8.85,18.15,8.125],"to":[9.85,19.15,9.125],"rotation":{"angle":0,"axis":"y","origin":[9.85,18.15,9.125]},"faces":{"north":{"uv":[15,7,14.5,7.5],"texture":"#particle"},"east":{"uv":[15,9.5,14.5,10],"texture":"#particle"},"south":{"uv":[15,8,14.5,8.5],"texture":"#particle"},"west":{"uv":[15,7.5,14.5,8],"texture":"#particle"},"up":{"uv":[14.5,10.5,15,10],"texture":"#particle"},"down":{"uv":[14.5,11,15,11.5],"texture":"#particle"}}},{"from":[8.85,19.4,7.5],"to":[9.85,20.4,8.5],"rotation":{"angle":0,"axis":"y","origin":[9.85,19.4,7.5]},"faces":{"north":{"uv":[15,11.5,14.5,12],"texture":"#particle"},"east":{"uv":[15,12.5,14.5,13],"texture":"#particle"},"south":{"uv":[13,14.5,12.5,15],"texture":"#particle"},"west":{"uv":[15,12,14.5,12.5],"texture":"#particle"},"up":{"uv":[13,15,13.5,14.5],"texture":"#particle"},"down":{"uv":[14.5,13,15,13.5],"texture":"#particle"}}},{"from":[9.07,17.51256,4.57322],"to":[9.1,20.01256,8.57322],"rotation":{"angle":-45,"axis":"x","origin":[9.25,18.01256,7.82322]},"faces":{"east":{"uv":[11,8,9,9.25],"texture":"#particle"},"west":{"uv":[9,8,11,9.25],"texture":"#particle"}}},{"from":[9.07,17.51256,7.42678],"to":[9.1,20.01256,11.42678],"rotation":{"angle":45,"axis":"x","origin":[9.25,18.01256,8.17678]},"faces":{"east":{"uv":[9,8,11,9.25],"texture":"#particle"},"west":{"uv":[11,8,9,9.25],"texture":"#particle"}}},{"from":[7.25,16.75,7.25],"to":[8.75,21.75,8.75],"rotation":{"angle":0,"axis":"y","origin":[7.25,16.75,7.25]},"faces":{"north":{"uv":[11,0,11.75,2.5],"texture":"#particle"},"east":{"uv":[4.5,11,5.25,13.5],"texture":"#particle"},"south":{"uv":[5.5,11,6.25,13.5],"texture":"#particle"},"west":{"uv":[11,6,11.75,8.5],"texture":"#particle"},"up":{"uv":[4.75,14.75,4,14],"texture":"#particle"},"down":{"uv":[14.75,4.5,14,5.25],"texture":"#particle"}}},{"from":[7.25,6.75,7.25],"to":[8.75,11.75,8.75],"rotation":{"angle":0,"axis":"y","origin":[7.25,16.75,7.25]},"faces":{"north":{"uv":[6.5,11,7.25,13.5],"texture":"#particle"},"east":{"uv":[7.5,11,8.25,13.5],"texture":"#particle"},"south":{"uv":[8.5,11,9.25,13.5],"texture":"#particle"},"west":{"uv":[9.5,11,10.25,13.5],"texture":"#particle"},"up":{"uv":[8.25,14.75,7.5,14],"texture":"#particle"},"down":{"uv":[9.25,14,8.5,14.75],"texture":"#particle"}}},{"from":[7.3,6.25,7.3],"to":[8.7,6.75,8.7],"rotation":{"angle":0,"axis":"y","origin":[7.5,12.75,7.5]},"faces":{"north":{"uv":[3,15,3.75,15.25],"texture":"#particle"},"east":{"uv":[15,3,15.75,3.25],"texture":"#particle"},"south":{"uv":[15,3.5,15.75,3.75],"texture":"#particle"},"west":{"uv":[4,15,4.75,15.25],"texture":"#particle"},"down":{"uv":[5.75,14,5,14.75],"texture":"#particle"}}},{"from":[7.5,25.25,6.75],"to":[8.5,26.75,9.25],"rotation":{"angle":0,"axis":"y","origin":[7.5,26.25,7.25]},"faces":{"north":{"uv":[6,5,6.5,5.75],"texture":"#particle"},"east":{"uv":[12,11.5,13.25,12.25],"texture":"#particle"},"south":{"uv":[6,8,6.5,8.75],"texture":"#particle"},"west":{"uv":[12.5,0,13.75,0.75],"texture":"#particle"},"up":{"uv":[3,13.25,2.5,12],"texture":"#particle"},"down":{"uv":[6.5,13.5,6,14.75],"texture":"#particle"}}},{"from":[7.5,26.5,1.25],"to":[8.5,28,3.75],"rotation":{"angle":45,"axis":"y","origin":[8,27.25,2.5]},"faces":{"north":{"uv":[8.5,4,9,4.75],"texture":"#particle"},"east":{"uv":[12.5,1,13.75,1.75],"texture":"#particle"},"south":{"uv":[4.5,10,5,10.75],"texture":"#particle"},"west":{"uv":[12.5,4.5,13.75,5.25],"texture":"#particle"},"up":{"uv":[7,14.75,6.5,13.5],"texture":"#particle"},"down":{"uv":[7.5,13.5,7,14.75],"texture":"#particle"}}},{"from":[6.75,26.5,2],"to":[9.25,28,3],"rotation":{"angle":45,"axis":"y","origin":[8,27.25,2.5]},"faces":{"north":{"uv":[12.5,9.5,13.75,10.25],"texture":"#particle"},"east":{"uv":[14,9.5,14.5,10.25],"texture":"#particle"},"south":{"uv":[12,12.5,13.25,13.25],"texture":"#particle"},"west":{"uv":[10.5,14,11,14.75],"texture":"#particle"},"up":{"uv":[8.75,14,7.5,13.5],"texture":"#particle"},"down":{"uv":[10.25,13.5,9,14],"texture":"#particle"}}},{"from":[5.5,21.5,0],"to":[10.5,25.5,5],"rotation":{"angle":0,"axis":"y","origin":[5.5,0,7.5]},"faces":{"north":{"uv":[4,6,6.5,8],"texture":"#particle"},"east":{"uv":[6.5,5,9,7],"texture":"#particle"},"south":{"uv":[6.5,7,9,9],"texture":"#particle"},"west":{"uv":[0,8,2.5,10],"texture":"#particle"},"down":{"uv":[8.5,0,6,2.5],"texture":"#particle"}}},{"from":[5,25.5,-0.5],"to":[11,26.5,5.5],"rotation":{"angle":0,"axis":"y","origin":[5.5,0,7.5]},"faces":{"north":{"uv":[11,2.5,14,3],"texture":"#particle"},"east":{"uv":[11,3,14,3.5],"texture":"#particle"},"south":{"uv":[11,3.5,14,4],"texture":"#particle"},"west":{"uv":[11,8.5,14,9],"texture":"#particle"},"up":{"uv":[3,3,0,0],"texture":"#particle"},"down":{"uv":[3,3,0,6],"texture":"#particle"}}},{"from":[7,22.75,5],"to":[9,24.75,7],"rotation":{"angle":0,"axis":"y","origin":[7,23.25,3]},"faces":{"east":{"uv":[5,8,6,9],"texture":"#particle"},"west":{"uv":[11.5,4.5,12.5,5.5],"texture":"#particle"},"up":{"uv":[12.5,10.5,11.5,9.5],"texture":"#particle"},"down":{"uv":[1.5,12,0.5,13],"texture":"#particle"}}},{"from":[5.5,21.5,11],"to":[10.5,25.5,16],"rotation":{"angle":0,"axis":"y","origin":[14.5,0,8.5]},"faces":{"north":{"uv":[2.5,8,5,10],"texture":"#particle"},"east":{"uv":[8.5,0,11,2],"texture":"#particle"},"south":{"uv":[8.5,2,11,4],"texture":"#particle"},"west":{"uv":[9,4,11.5,6],"texture":"#particle"},"down":{"uv":[8.5,2.5,6,5],"texture":"#particle"}}},{"from":[5,25.5,10.5],"to":[11,26.5,16.5],"rotation":{"angle":0,"axis":"y","origin":[14.5,0,8.5]},"faces":{"north":{"uv":[11,9,14,9.5],"texture":"#particle"},"east":{"uv":[10.5,11,13.5,11.5],"texture":"#particle"},"south":{"uv":[0,11.5,3,12],"texture":"#particle"},"west":{"uv":[11.5,4,14.5,4.5],"texture":"#particle"},"up":{"uv":[6,3,3,0],"texture":"#particle"},"down":{"uv":[6,3,3,6],"texture":"#particle"}}},{"from":[7.5,26.5,12.25],"to":[8.5,28,14.75],"rotation":{"angle":45,"axis":"y","origin":[8,27.25,13.5]},"faces":{"north":{"uv":[11.5,14,12,14.75],"texture":"#particle"},"east":{"uv":[13,6.5,14.25,7.25],"texture":"#particle"},"south":{"uv":[14.5,5.5,15,6.25],"texture":"#particle"},"west":{"uv":[13,7.5,14.25,8.25],"texture":"#particle"},"up":{"uv":[14,12.25,13.5,11],"texture":"#particle"},"down":{"uv":[12.5,13.5,12,14.75],"texture":"#particle"}}},{"from":[6.75,26.5,13],"to":[9.25,28,14],"rotation":{"angle":45,"axis":"y","origin":[8,27.25,13.5]},"faces":{"north":{"uv":[0.5,13,1.75,13.75],"texture":"#particle"},"east":{"uv":[11,14,11.5,14.75],"texture":"#particle"},"south":{"uv":[13,5.5,14.25,6.25],"texture":"#particle"},"west":{"uv":[14,11,14.5,11.75],"texture":"#particle"},"up":{"uv":[11.75,14,10.5,13.5],"texture":"#particle"},"down":{"uv":[14.75,10.5,13.5,11],"texture":"#particle"}}},{"from":[7,22.75,9],"to":[9,24.75,11],"rotation":{"angle":0,"axis":"y","origin":[7,23.25,13]},"faces":{"east":{"uv":[1.5,12,2.5,13],"texture":"#particle"},"west":{"uv":[12,5.5,13,6.5],"texture":"#particle"},"up":{"uv":[13,7.5,12,6.5],"texture":"#particle"},"down":{"uv":[13,7.5,12,8.5],"texture":"#particle"}}},{"from":[7.3625,16.26304,5.8912],"to":[8.6375,17.53804,7.1662],"rotation":{"angle":22.5,"axis":"x","origin":[8,15.94429,6.5287]},"faces":{"north":{"uv":[5,4,6.5,5.5],"texture":"#2"},"east":{"uv":[6,0,7.5,1.5],"texture":"#2"},"south":{"uv":[6,2,7.5,3.5],"texture":"#2"},"west":{"uv":[5,6,6.5,7.5],"texture":"#2"},"up":{"uv":[1.5,8.5,0,7],"texture":"#2"}}},{"from":[7.15,15.41304,5.6787],"to":[8.85,16.26304,7.3787],"rotation":{"angle":22.5,"axis":"x","origin":[8,15.94429,6.5287]},"faces":{"north":{"uv":[4,8,5.5,9],"texture":"#2"},"east":{"uv":[6,8,7.5,9],"texture":"#2"},"south":{"uv":[8,8,9.5,9],"texture":"#2"},"west":{"uv":[0,9,1.5,10],"texture":"#2"},"up":{"uv":[8.5,5.5,7,4],"texture":"#2"},"down":{"uv":[8.5,6,7,7.5],"texture":"#2"}}},{"from":[7.3625,16.26304,8.8338],"to":[8.6375,17.53804,10.1088],"rotation":{"angle":-22.5,"axis":"x","origin":[8,15.94429,9.4713]},"faces":{"north":{"uv":[7.5,2,6,3.5],"texture":"#2"},"east":{"uv":[7.5,0,6,1.5],"texture":"#2"},"south":{"uv":[6.5,4,5,5.5],"texture":"#2"},"west":{"uv":[6.5,6,5,7.5],"texture":"#2"},"up":{"uv":[1.5,7,0,8.5],"texture":"#2"}}},{"from":[7.15,15.41304,8.6213],"to":[8.85,16.26304,10.3213],"rotation":{"angle":-22.5,"axis":"x","origin":[8,15.94429,9.4713]},"faces":{"north":{"uv":[9.5,8,8,9],"texture":"#2"},"east":{"uv":[7.5,8,6,9],"texture":"#2"},"south":{"uv":[5.5,8,4,9],"texture":"#2"},"west":{"uv":[1.5,9,0,10],"texture":"#2"},"up":{"uv":[8.5,4,7,5.5],"texture":"#2"},"down":{"uv":[8.5,7.5,7,6],"texture":"#2"}}}],"gui_light":"front","display":{"thirdperson_righthand":{"translation":[0,-3.25,1]},"thirdperson_lefthand":{"translation":[0,-3.25,1]},"firstperson_righthand":{"rotation":[-10,0,0],"translation":[0,-4.75,0]},"firstperson_lefthand":{"rotation":[-10,0,0],"translation":[0,-4.75,0]},"ground":{"rotation":[-45,0,0],"translation":[0,3,0],"scale":[0.7,0.7,0.7]},"gui":{"rotation":[-90,45,90],"translation":[4.25,-4.25,0],"scale":[0.7,0.7,0.7]},"head":{"rotation":[0,-90,0]},"fixed":{"rotation":[0,-90,0],"translation":[0,-8.5,-1.25],"scale":[2,2,2]}}}